18894
19012
19013
19129
19130
33174
33291
33292
33293
33294
33295
33409
33410
33411
33412
33413
33414
33527
33528
33529
33530
33531
33532
33533
33534
33645
33646
33647
33648
33649
33650
33651
33652
33653
33764
33765
33766
33767
33768
33769
33770
33882
33883
33884
33886
34001
34002
34003
34005
34120
34121
34122
34123
34239
34240
34241
34359
34360
34478
34479
34598
47454
47571
47572
47573
47574
47575
47689
47690
47691
47692
47693
47694
47695
47696
47807
47808
47809
47810
47811
47812
47813
47814
47815
47925
47926
47927
47928
47929
47930
47931
47932
47933
47934
47935
48043
48044
48045
48046
48047
48048
48049
48050
48051
48052
48053
48054
48162
48163
48164
48165
48166
48167
48168
48169
48170
48171
48172
48173
48280
48281
48282
48283
48284
48285
48286
48287
48288
48289
48290
48399
48400
48401
48402
48403
48404
48405
48406
48407
48519
48520
48521
48522
48523
48524
48525
48638
48639
48640
48641
48642
48643
48644
48758
48759
48760
48761
48762
48763
48877
48878
48879
48880
48881
48882
48997
48998
48999
49000
49001
49117
49118
49119
49120
49144
49237
49238
49239
49264
49265
49356
49357
49358
49359
49384
49476
49477
49478
49596
49597
49598
49716
49717
49718
49719
49837
49838
49839
49957
49958
50078
50198
61734
61851
61852
61853
61854
61855
61856
61857
61969
61970
61971
61972
61973
61974
61975
61976
62087
62088
62089
62090
62091
62092
62093
62094
62095
62096
62097
62205
62206
62207
62208
62209
62210
62211
62212
62213
62214
62215
62216
62323
62324
62325
62326
62327
62328
62329
62330
62331
62332
62333
62334
62335
62336
62441
62442
62443
62444
62445
62446
62447
62448
62449
62450
62451
62452
62453
62454
62455
62456
62560
62561
62562
62563
62564
62565
62566
62567
62568
62569
62570
62571
62572
62573
62574
62575
62679
62680
62681
62682
62683
62684
62685
62686
62687
62688
62689
62690
62691
62692
62693
62798
62799
62800
62801
62802
62803
62804
62805
62806
62807
62808
62809
62810
62918
62919
62920
62921
62922
62923
62924
62925
62926
62927
63037
63038
63039
63040
63041
63042
63043
63044
63045
63157
63158
63159
63160
63161
63162
63163
63164
63276
63277
63278
63279
63280
63281
63282
63283
63303
63396
63397
63398
63399
63400
63401
63402
63423
63424
63516
63517
63518
63519
63520
63521
63522
63543
63544
63545
63636
63637
63638
63639
63640
63641
63662
63663
63664
63665
63666
63667
63755
63756
63757
63758
63759
63760
63761
63783
63784
63785
63787
63789
63790
63875
63876
63877
63878
63879
63880
63903
63904
63910
63911
63912
63995
63996
63997
63998
63999
64000
64023
64031
64032
64115
64116
64117
64118
64119
64120
64143
64151
64236
64237
64238
64239
64240
64271
64356
64357
64358
64359
64360
64391
64476
64477
64478
64479
64480
64503
64597
64598
64599
64600
64623
64624
64630
64718
64719
64720
64721
64743
64744
64745
64746
64747
64748
64749
64840
64841
64863
64864
64865
64866
64961
76014
76131
76132
76133
76134
76135
76136
76137
76248
76249
76250
76251
76252
76253
76254
76255
76256
76257
76258
76367
76368
76369
76370
76371
76372
76373
76374
76375
76376
76377
76485
76486
76487
76488
76489
76490
76491
76492
76493
76494
76495
76496
76497
76498
76603
76604
76605
76606
76607
76608
76609
76610
76611
76612
76613
76614
76615
76616
76617
76721
76722
76723
76724
76725
76726
76727
76728
76729
76730
76731
76732
76733
76734
76735
76736
76737
76839
76840
76841
76842
76843
76844
76845
76846
76847
76848
76849
76850
76851
76852
76853
76854
76855
76856
76857
76958
76959
76960
76961
76962
76963
76964
76965
76966
76967
76968
76969
76970
76971
76972
76973
76974
76975
76976
77078
77079
77080
77081
77082
77083
77084
77085
77086
77087
77088
77089
77090
77091
77092
77093
77094
77095
77197
77198
77199
77200
77201
77202
77203
77204
77205
77206
77207
77208
77209
77210
77211
77212
77213
77316
77317
77318
77319
77320
77321
77322
77323
77324
77325
77326
77327
77328
77329
77330
77436
77437
77438
77439
77440
77441
77442
77443
77444
77445
77446
77447
77556
77557
77558
77559
77560
77561
77562
77563
77564
77565
77566
77581
77582
77583
77584
77675
77676
77677
77678
77679
77680
77681
77682
77683
77684
77685
77702
77703
77704
77705
77795
77796
77797
77798
77799
77800
77801
77802
77803
77804
77822
77823
77824
77825
77826
77915
77916
77917
77918
77919
77920
77921
77922
77923
77942
77943
77944
77945
77946
77947
78035
78036
78037
78038
78039
78040
78041
78042
78061
78062
78063
78064
78065
78066
78067
78068
78069
78070
78154
78155
78156
78157
78158
78159
78160
78161
78162
78182
78183
78184
78185
78186
78187
78188
78189
78190
78191
78192
78193
78274
78275
78276
78277
78278
78279
78280
78281
78302
78303
78304
78305
78306
78307
78308
78309
78310
78311
78312
78313
78394
78395
78396
78397
78398
78399
78400
78401
78422
78423
78424
78425
78426
78427
78428
78429
78430
78431
78432
78433
78514
78515
78516
78517
78518
78519
78520
78521
78542
78543
78544
78545
78546
78547
78548
78549
78550
78551
78552
78635
78636
78637
78638
78639
78640
78641
78661
78662
78663
78664
78665
78666
78667
78668
78669
78670
78671
78672
78755
78756
78757
78758
78759
78760
78761
78781
78782
78783
78784
78785
78786
78787
78788
78789
78790
78791
78792
78875
78876
78877
78878
78879
78880
78881
78901
78902
78903
78904
78905
78906
78907
78908
78909
78910
78911
78996
78997
78998
78999
79000
79001
79002
79021
79022
79023
79024
79025
79026
79027
79028
79029
79030
79031
79117
79118
79119
79120
79121
79122
79141
79142
79143
79144
79145
79146
79147
79148
79149
79150
79151
79237
79238
79239
79240
79241
79242
79243
79261
79262
79263
79264
79265
79266
79267
79268
79269
79270
79358
79359
79360
79361
79362
79363
79382
79383
79384
79385
79386
79478
79479
79480
79481
79482
79483
79484
79598
79601
79602
79603
79604
79605
79722
79723
79724
79725
79843
79844
80696
80697
80817
80938
81058
90294
90411
90412
90413
90414
90415
90416
90417
90418
90528
90529
90530
90531
90532
90533
90534
90535
90536
90537
90538
90539
90646
90647
90648
90649
90650
90651
90652
90653
90654
90655
90656
90657
90658
90659
90764
90765
90766
90767
90768
90769
90770
90771
90772
90773
90774
90775
90776
90777
90778
90883
90884
90885
90886
90887
90888
90889
90890
90891
90892
90893
90894
90895
90896
90897
90898
90899
91001
91002
91003
91004
91005
91006
91007
91008
91009
91010
91011
91012
91013
91014
91015
91016
91017
91018
91119
91120
91121
91122
91123
91124
91125
91126
91127
91128
91129
91130
91131
91132
91133
91134
91135
91136
91137
91138
91238
91239
91240
91241
91242
91243
91244
91245
91246
91247
91248
91249
91250
91251
91252
91253
91254
91255
91256
91257
91258
91357
91358
91359
91360
91361
91362
91363
91364
91365
91366
91367
91368
91369
91370
91371
91372
91373
91374
91375
91376
91377
91476
91477
91478
91479
91480
91481
91482
91483
91484
91485
91486
91487
91488
91489
91490
91491
91492
91493
91494
91495
91496
91596
91597
91598
91599
91600
91601
91602
91603
91604
91605
91606
91607
91608
91609
91610
91611
91612
91613
91614
91615
91715
91716
91717
91718
91719
91720
91721
91722
91723
91724
91725
91726
91727
91728
91729
91730
91731
91732
91733
91835
91836
91837
91838
91839
91840
91841
91842
91843
91844
91845
91846
91847
91848
91849
91850
91861
91862
91863
91864
91955
91956
91957
91958
91959
91960
91961
91962
91963
91964
91965
91966
91967
91980
91981
91982
91983
91984
91985
92074
92075
92076
92077
92078
92079
92080
92081
92082
92083
92084
92085
92086
92101
92102
92103
92104
92105
92106
92194
92195
92196
92197
92198
92199
92200
92201
92202
92203
92204
92205
92221
92222
92223
92224
92225
92226
92227
92228
92314
92315
92316
92317
92318
92319
92320
92321
92322
92323
92324
92341
92342
92343
92344
92345
92346
92347
92348
92349
92350
92434
92435
92436
92437
92438
92439
92440
92441
92442
92443
92460
92461
92462
92463
92464
92465
92466
92467
92468
92469
92470
92471
92472
92473
92553
92554
92555
92556
92557
92558
92559
92560
92561
92562
92563
92581
92582
92583
92584
92585
92586
92587
92588
92589
92590
92591
92592
92593
92594
92673
92674
92675
92676
92677
92678
92679
92680
92681
92682
92701
92702
92703
92704
92705
92706
92707
92708
92709
92710
92711
92712
92713
92714
92793
92794
92795
92796
92797
92798
92799
92800
92801
92802
92821
92822
92823
92824
92825
92826
92827
92828
92829
92830
92831
92832
92833
92834
92913
92914
92915
92916
92917
92918
92919
92920
92921
92922
92941
92942
92943
92944
92945
92946
92947
92948
92949
92950
92951
92952
92953
93034
93035
93036
93037
93038
93039
93040
93041
93042
93060
93061
93062
93063
93064
93065
93066
93067
93068
93069
93070
93071
93072
93073
93154
93155
93156
93157
93158
93159
93160
93161
93162
93180
93181
93182
93183
93184
93185
93186
93187
93188
93189
93190
93191
93192
93193
93274
93275
93276
93277
93278
93279
93280
93281
93282
93300
93301
93302
93303
93304
93305
93306
93307
93308
93309
93310
93311
93312
93395
93396
93397
93398
93399
93400
93401
93402
93403
93419
93420
93421
93422
93423
93424
93425
93426
93427
93428
93429
93430
93431
93432
93516
93517
93518
93519
93520
93521
93522
93523
93538
93539
93540
93541
93542
93543
93544
93545
93546
93547
93548
93549
93550
93551
93552
93636
93637
93638
93639
93640
93641
93642
93643
93644
93657
93660
93661
93662
93663
93664
93665
93666
93667
93668
93669
93670
93671
93757
93758
93759
93760
93761
93762
93763
93764
93765
93781
93782
93783
93784
93785
93786
93787
93788
93789
93790
93877
93878
93879
93880
93881
93882
93883
93884
93885
93886
93901
93902
93903
93904
93905
93906
93997
93998
93999
94000
94001
94002
94003
94004
94005
94006
94007
94117
94118
94119
94120
94121
94122
94123
94124
94125
94126
94127
94238
94239
94240
94241
94242
94243
94244
94245
94246
94247
94248
94358
94360
94361
94362
94363
94364
94365
94366
94367
94368
94378
94480
94481
94482
94483
94484
94485
94486
94487
94488
94489
94497
94498
94602
94603
94604
94605
94606
94607
94608
94609
94723
94724
94725
94726
94727
94728
94729
94844
94846
94849
94851
94965
94976
94977
94978
95095
95096
95097
95098
95216
95217
95218
95337
95338
95339
95457
95458
95459
95578
95579
95580
104574
104691
104692
104693
104694
104695
104696
104697
104698
104808
104809
104810
104811
104812
104813
104814
104815
104816
104817
104818
104819
104926
104927
104928
104929
104930
104931
104932
104933
104934
104935
104936
104937
104938
104939
104940
105044
105045
105046
105047
105048
105049
105050
105051
105052
105053
105054
105055
105056
105057
105058
105059
105060
105162
105163
105164
105165
105166
105167
105168
105169
105170
105171
105172
105173
105174
105175
105176
105177
105178
105179
105180
105281
105282
105283
105284
105285
105286
105287
105288
105289
105290
105291
105292
105293
105294
105295
105296
105297
105298
105299
105300
105301
105399
105400
105401
105402
105403
105404
105405
105406
105407
105408
105409
105410
105411
105412
105413
105414
105415
105416
105417
105418
105419
105518
105519
105520
105521
105522
105523
105524
105525
105526
105527
105528
105529
105530
105531
105532
105533
105534
105535
105536
105537
105538
105539
105541
105637
105638
105639
105640
105641
105642
105643
105644
105645
105646
105647
105648
105649
105650
105651
105652
105653
105654
105655
105656
105657
105658
105659
105661
105756
105757
105758
105759
105760
105761
105762
105763
105764
105765
105766
105767
105768
105769
105770
105771
105772
105773
105774
105775
105776
105777
105778
105875
105876
105877
105878
105879
105880
105881
105882
105883
105884
105885
105886
105887
105888
105889
105890
105891
105892
105893
105894
105895
105896
105897
105898
105995
105996
105997
105998
105999
106000
106001
106002
106003
106004
106005
106006
106007
106008
106009
106010
106011
106012
106013
106014
106015
106016
106017
106021
106114
106115
106116
106117
106118
106119
106120
106121
106122
106123
106124
106125
106126
106127
106128
106129
106130
106131
106132
106133
106134
106135
106136
106141
106142
106143
106144
106145
106234
106235
106236
106237
106238
106239
106240
106241
106242
106243
106244
106245
106246
106247
106248
106249
106250
106251
106252
106253
106260
106261
106262
106263
106264
106265
106266
106354
106355
106356
106357
106358
106359
106360
106361
106362
106363
106364
106365
106366
106367
106368
106369
106370
106379
106380
106381
106382
106383
106384
106385
106386
106387
106473
106474
106475
106476
106477
106478
106479
106480
106481
106482
106483
106484
106485
106486
106487
106488
106500
106501
106502
106503
106504
106505
106506
106507
106508
106593
106594
106595
106596
106597
106598
106599
106600
106601
106602
106603
106604
106605
106606
106620
106621
106622
106623
106624
106625
106626
106627
106628
106629
106630
106713
106714
106715
106716
106717
106718
106719
106720
106721
106722
106723
106724
106725
106740
106741
106742
106743
106744
106745
106746
106747
106748
106749
106750
106751
106752
106753
106833
106834
106835
106836
106837
106838
106839
106840
106841
106842
106843
106844
106859
106860
106861
106862
106863
106864
106865
106866
106867
106868
106869
106870
106871
106872
106873
106874
106875
106877
106952
106953
106954
106955
106956
106957
106958
106959
106960
106961
106962
106963
106964
106980
106981
106982
106983
106984
106985
106986
106987
106988
106989
106990
106991
106992
106993
106994
106995
106997
107072
107073
107074
107075
107076
107077
107078
107079
107080
107081
107082
107083
107100
107101
107102
107103
107104
107105
107106
107107
107108
107109
107110
107111
107112
107113
107114
107115
107116
107192
107193
107194
107195
107196
107197
107198
107199
107200
107201
107202
107203
107220
107221
107222
107223
107224
107225
107226
107227
107228
107229
107230
107231
107232
107233
107234
107235
107312
107313
107314
107315
107316
107317
107318
107319
107320
107321
107322
107323
107340
107341
107342
107343
107344
107345
107346
107347
107348
107349
107350
107351
107352
107353
107354
107433
107434
107435
107436
107437
107438
107439
107440
107441
107442
107443
107459
107460
107461
107462
107463
107464
107465
107466
107467
107468
107469
107470
107471
107472
107473
107474
107553
107554
107555
107556
107557
107558
107559
107560
107561
107562
107563
107579
107580
107581
107582
107583
107584
107585
107586
107587
107588
107589
107590
107591
107592
107593
107594
107673
107674
107675
107676
107677
107678
107679
107680
107681
107682
107683
107699
107700
107701
107702
107703
107704
107705
107706
107707
107708
107709
107710
107711
107712
107713
107794
107795
107796
107797
107798
107799
107800
107801
107802
107803
107804
107818
107819
107820
107821
107822
107823
107824
107825
107826
107827
107828
107829
107830
107831
107832
107833
107914
107915
107916
107917
107918
107919
107920
107921
107922
107923
107924
107937
107938
107939
107940
107941
107942
107943
107944
107945
107946
107947
107948
107949
107950
107951
107952
107953
108035
108036
108037
108038
108039
108040
108041
108042
108043
108044
108045
108054
108055
108056
108057
108058
108059
108060
108061
108062
108063
108064
108065
108066
108067
108068
108069
108070
108071
108072
108156
108157
108158
108159
108160
108161
108162
108163
108164
108165
108166
108175
108176
108177
108178
108180
108181
108182
108183
108184
108185
108186
108187
108188
108189
108190
108191
108192
108276
108277
108278
108279
108280
108281
108282
108283
108284
108285
108286
108287
108296
108300
108301
108302
108303
108304
108305
108306
108307
108308
108309
108310
108396
108397
108398
108399
108400
108401
108402
108403
108404
108405
108406
108407
108408
108420
108421
108422
108423
108424
108425
108426
108516
108517
108518
108519
108520
108521
108522
108523
108524
108525
108526
108527
108528
108539
108540
108541
108542
108544
108637
108638
108639
108640
108641
108642
108643
108644
108645
108646
108647
108648
108649
108658
108659
108757
108758
108759
108760
108761
108762
108763
108764
108765
108766
108767
108768
108769
108777
108778
108779
108780
108781
108877
108878
108879
108880
108881
108882
108883
108884
108885
108886
108887
108888
108889
108890
108896
108897
108898
108899
108900
108901
108902
108997
108998
108999
109000
109001
109002
109003
109004
109005
109006
109007
109008
109009
109010
109011
109017
109018
109019
109020
109021
109117
109118
109119
109120
109121
109122
109123
109124
109125
109126
109127
109128
109129
109130
109131
109137
109138
109139
109140
109141
109142
109240
109241
109242
109243
109244
109245
109246
109247
109248
109249
109250
109251
109252
109255
109256
109257
109258
109259
109260
109261
109262
109360
109361
109362
109363
109364
109365
109366
109367
109368
109369
109370
109371
109375
109376
109377
109378
109379
109380
109381
109382
109481
109482
109483
109484
109485
109487
109488
109494
109495
109496
109497
109498
109499
109500
109501
109502
109597
109599
109600
109601
109602
109603
109604
109606
109615
109616
109617
109618
109619
109621
109622
109720
109721
109722
109725
109736
109737
109738
109739
109740
109741
109742
109743
109856
109857
109858
109859
109860
109861
109862
109863
109977
109978
109979
109980
109981
109982
109983
110098
110099
110100
110101
110102
110103
110104
110221
110222
110223
110224
110225
110344
110345
118854
118971
118972
118973
118974
118975
118976
118977
118978
119088
119089
119090
119091
119092
119093
119094
119095
119096
119097
119098
119099
119100
119206
119207
119208
119209
119210
119211
119212
119213
119214
119215
119216
119217
119218
119219
119220
119324
119325
119326
119327
119328
119329
119330
119331
119332
119333
119334
119335
119336
119337
119338
119339
119340
119341
119442
119443
119444
119445
119446
119447
119448
119449
119450
119451
119452
119453
119454
119455
119456
119457
119458
119459
119460
119461
119560
119561
119562
119563
119564
119565
119566
119567
119568
119569
119570
119571
119572
119573
119574
119575
119576
119577
119578
119579
119580
119581
119679
119680
119681
119682
119683
119684
119685
119686
119687
119688
119689
119690
119691
119692
119693
119694
119695
119696
119697
119698
119699
119700
119701
119702
119797
119798
119799
119800
119801
119802
119803
119804
119805
119806
119807
119808
119809
119810
119811
119812
119813
119814
119815
119816
119817
119818
119819
119820
119821
119916
119917
119918
119919
119920
119921
119922
119923
119924
119925
119926
119927
119928
119929
119930
119931
119932
119933
119934
119935
119936
119937
119938
119939
119940
119941
119942
120035
120036
120037
120038
120039
120040
120041
120042
120043
120044
120045
120046
120047
120048
120049
120050
120051
120052
120053
120054
120055
120056
120057
120058
120059
120060
120061
120062
120155
120156
120157
120158
120159
120160
120161
120162
120163
120164
120165
120166
120167
120168
120169
120170
120171
120172
120173
120174
120175
120176
120177
120178
120179
120181
120274
120275
120276
120277
120278
120279
120280
120281
120282
120283
120284
120285
120286
120287
120288
120289
120290
120291
120292
120293
120294
120295
120296
120297
120298
120299
120300
120301
120304
120394
120395
120396
120397
120398
120399
120400
120401
120402
120403
120404
120405
120406
120407
120408
120409
120410
120411
120412
120413
120414
120415
120416
120417
120418
120419
120420
120421
120422
120423
120424
120425
120513
120514
120515
120516
120517
120518
120519
120520
120521
120522
120523
120524
120525
120526
120527
120528
120529
120530
120531
120532
120533
120534
120535
120536
120537
120539
120540
120541
120542
120543
120544
120545
120546
120633
120634
120635
120636
120637
120638
120639
120640
120641
120642
120643
120644
120645
120646
120647
120648
120649
120650
120651
120652
120653
120654
120655
120656
120659
120660
120661
120662
120663
120664
120665
120666
120667
120753
120754
120755
120756
120757
120758
120759
120760
120761
120762
120763
120764
120765
120766
120767
120768
120769
120770
120771
120772
120773
120778
120779
120780
120781
120782
120783
120784
120785
120786
120787
120788
120872
120873
120874
120875
120876
120877
120878
120879
120880
120881
120882
120883
120884
120885
120886
120887
120888
120889
120890
120898
120899
120900
120901
120902
120903
120904
120905
120906
120907
120908
120909
120910
120992
120993
120994
120995
120996
120997
120998
120999
121000
121001
121002
121003
121004
121005
121006
121007
121008
121019
121020
121021
121022
121023
121024
121025
121026
121027
121028
121029
121030
121031
121032
121033
121112
121113
121114
121115
121116
121117
121118
121119
121120
121121
121122
121123
121124
121125
121126
121127
121139
121140
121141
121142
121143
121144
121145
121146
121147
121148
121149
121150
121151
121152
121153
121154
121155
121157
121161
121232
121233
121234
121235
121236
121237
121238
121239
121240
121241
121242
121243
121244
121245
121246
121258
121259
121260
121261
121262
121263
121264
121265
121266
121267
121268
121269
121270
121271
121272
121273
121274
121275
121276
121277
121278
121279
121280
121281
121282
121351
121352
121353
121354
121355
121356
121357
121358
121359
121360
121361
121362
121363
121364
121365
121379
121380
121381
121382
121383
121384
121385
121386
121387
121388
121389
121390
121391
121392
121393
121394
121395
121396
121397
121398
121400
121402
121471
121472
121473
121474
121475
121476
121477
121478
121479
121480
121481
121482
121483
121484
121499
121500
121501
121502
121503
121504
121505
121506
121507
121508
121509
121510
121511
121512
121513
121514
121515
121516
121517
121521
121591
121592
121593
121594
121595
121596
121597
121598
121599
121600
121601
121602
121603
121604
121619
121620
121621
121622
121623
121624
121625
121626
121627
121628
121629
121630
121631
121632
121633
121634
121635
121636
121711
121712
121713
121714
121715
121716
121717
121718
121719
121720
121721
121722
121723
121724
121739
121740
121741
121742
121743
121744
121745
121746
121747
121748
121749
121750
121751
121752
121753
121754
121755
121832
121833
121834
121835
121836
121837
121838
121839
121840
121841
121842
121843
121844
121858
121859
121860
121861
121862
121863
121864
121865
121866
121867
121868
121869
121870
121871
121872
121873
121874
121875
121952
121953
121954
121955
121956
121957
121958
121959
121960
121961
121962
121963
121964
121978
121979
121980
121981
121982
121983
121984
121985
121986
121987
121988
121989
121990
121991
121992
121993
121994
121995
122072
122073
122074
122075
122076
122077
122078
122079
122080
122081
122082
122083
122084
122097
122098
122099
122100
122101
122102
122103
122104
122105
122106
122107
122108
122109
122110
122111
122112
122113
122114
122192
122193
122194
122195
122196
122197
122198
122199
122200
122201
122202
122203
122204
122205
122216
122217
122218
122219
122220
122221
122222
122223
122224
122225
122226
122227
122228
122229
122230
122231
122232
122233
122234
122313
122314
122315
122316
122317
122318
122319
122320
122321
122322
122323
122324
122325
122334
122335
122336
122337
122338
122339
122340
122341
122342
122343
122344
122345
122346
122347
122348
122349
122350
122351
122352
122353
122354
122434
122435
122436
122437
122438
122439
122440
122441
122442
122443
122444
122445
122446
122453
122454
122455
122456
122457
122458
122459
122460
122461
122462
122463
122464
122465
122466
122467
122468
122469
122470
122471
122472
122473
122554
122555
122556
122557
122558
122559
122560
122561
122562
122563
122564
122565
122566
122567
122568
122574
122575
122576
122577
122578
122579
122580
122581
122582
122583
122584
122585
122586
122587
122588
122589
122590
122591
122592
122593
122675
122676
122677
122678
122679
122680
122681
122682
122683
122684
122685
122686
122687
122688
122694
122695
122696
122697
122698
122699
122700
122701
122702
122703
122704
122705
122706
122707
122708
122709
122710
122711
122712
122795
122796
122797
122798
122799
122800
122801
122802
122803
122804
122805
122806
122807
122808
122809
122815
122816
122819
122820
122821
122822
122823
122824
122825
122826
122827
122828
122829
122830
122915
122916
122917
122918
122919
122920
122921
122922
122923
122924
122925
122926
122927
122928
122929
122938
122939
122940
122941
122942
122943
122944
122945
122946
122961
122962
122963
123036
123037
123038
123039
123040
123041
123042
123043
123044
123045
123046
123047
123048
123049
123050
123056
123057
123058
123059
123060
123061
123062
123063
123064
123081
123082
123083
123156
123157
123158
123159
123160
123161
123162
123163
123164
123165
123166
123167
123168
123169
123170
123175
123176
123177
123178
123179
123180
123181
123182
123183
123184
123202
123276
123277
123278
123279
123280
123281
123282
123283
123284
123285
123286
123287
123288
123289
123290
123291
123295
123296
123297
123298
123299
123300
123301
123302
123303
123396
123397
123398
123399
123400
123401
123402
123403
123404
123405
123406
123407
123408
123409
123410
123411
123412
123415
123416
123417
123418
123419
123420
123421
123422
123423
123516
123517
123518
123519
123520
123521
123522
123523
123524
123525
123526
123527
123528
123529
123530
123531
123532
123534
123535
123536
123537
123538
123539
123540
123541
123542
123543
123635
123636
123637
123638
123639
123640
123641
123642
123643
123644
123645
123646
123647
123648
123649
123650
123651
123652
123653
123654
123655
123656
123657
123658
123659
123660
123661
123662
123663
123755
123756
123757
123758
123759
123760
123761
123762
123763
123764
123765
123766
123767
123768
123769
123770
123771
123772
123773
123774
123775
123776
123777
123778
123779
123780
123781
123782
123783
123875
123876
123877
123878
123879
123880
123881
123882
123883
123884
123885
123886
123887
123888
123889
123890
123891
123893
123894
123895
123896
123897
123898
123899
123900
123901
123902
123903
123995
123996
123997
123998
123999
124000
124001
124002
124003
124004
124005
124006
124007
124008
124013
124014
124015
124016
124017
124018
124019
124020
124021
124022
124023
124117
124118
124119
124120
124121
124122
124123
124124
124125
124126
124134
124135
124136
124137
124138
124139
124140
124141
124142
124143
124144
124240
124241
124242
124245
124246
124255
124256
124257
124258
124259
124260
124261
124262
124263
124264
124376
124377
124378
124379
124380
124381
124382
124383
124384
124385
124496
124497
124498
124499
124500
124501
124502
124503
124504
124505
124618
124619
124620
124621
124622
124623
124624
124625
124626
124741
124742
124743
124744
124745
124746
124864
124865
124866
124987
133134
133251
133252
133253
133254
133255
133256
133257
133258
133368
133369
133370
133371
133372
133373
133374
133375
133376
133377
133378
133379
133380
133486
133487
133488
133489
133490
133491
133492
133493
133494
133495
133496
133497
133498
133499
133500
133501
133604
133605
133606
133607
133608
133609
133610
133611
133612
133613
133614
133615
133616
133617
133618
133619
133620
133621
133722
133723
133724
133725
133726
133727
133728
133729
133730
133731
133732
133733
133734
133735
133736
133737
133738
133739
133740
133741
133742
133840
133841
133842
133843
133844
133845
133846
133847
133848
133849
133850
133851
133852
133853
133854
133855
133856
133857
133858
133859
133860
133861
133862
133958
133959
133960
133961
133962
133963
133964
133965
133966
133967
133968
133969
133970
133971
133972
133973
133974
133975
133976
133977
133978
133979
133980
133981
133982
134077
134078
134079
134080
134081
134082
134083
134084
134085
134086
134087
134088
134089
134090
134091
134092
134093
134094
134095
134096
134097
134098
134099
134100
134101
134102
134103
134196
134197
134198
134199
134200
134201
134202
134203
134204
134205
134206
134207
134208
134209
134210
134211
134212
134213
134214
134215
134216
134217
134218
134219
134220
134221
134222
134315
134316
134317
134318
134319
134320
134321
134322
134323
134324
134325
134326
134327
134328
134329
134330
134331
134332
134333
134334
134335
134336
134337
134338
134339
134340
134341
134342
134343
134434
134435
134436
134437
134438
134439
134440
134441
134442
134443
134444
134445
134446
134447
134448
134449
134450
134451
134452
134453
134454
134455
134456
134457
134458
134459
134460
134461
134462
134463
134554
134555
134556
134557
134558
134559
134560
134561
134562
134563
134564
134565
134566
134567
134568
134569
134570
134571
134572
134573
134574
134575
134576
134577
134578
134579
134580
134581
134582
134583
134584
134673
134674
134675
134676
134677
134678
134679
134680
134681
134682
134683
134684
134685
134686
134687
134688
134689
134690
134691
134692
134693
134694
134695
134696
134697
134698
134699
134700
134701
134702
134703
134704
134705
134792
134793
134794
134795
134796
134797
134798
134799
134800
134801
134802
134803
134804
134805
134806
134807
134808
134809
134810
134811
134812
134813
134814
134815
134816
134817
134818
134819
134820
134821
134822
134823
134824
134825
134826
134912
134913
134914
134915
134916
134917
134918
134919
134920
134921
134922
134923
134924
134925
134926
134927
134928
134929
134930
134931
134932
134933
134934
134935
134936
134937
134938
134939
134940
134941
134942
134943
134944
134945
134946
134947
135032
135033
135034
135035
135036
135037
135038
135039
135040
135041
135042
135043
135044
135045
135046
135047
135048
135049
135050
135051
135052
135053
135054
135055
135056
135057
135058
135059
135060
135061
135062
135063
135064
135065
135066
135067
135068
135152
135153
135154
135155
135156
135157
135158
135159
135160
135161
135162
135163
135164
135165
135166
135167
135168
135169
135170
135171
135172
135173
135174
135175
135176
135177
135178
135179
135180
135181
135182
135183
135184
135185
135186
135187
135188
135189
135190
135271
135272
135273
135274
135275
135276
135277
135278
135279
135280
135281
135282
135283
135284
135285
135286
135287
135288
135289
135290
135291
135292
135293
135297
135298
135299
135300
135301
135302
135303
135304
135305
135306
135307
135308
135309
135310
135311
135312
135313
135391
135392
135393
135394
135395
135396
135397
135398
135399
135400
135401
135402
135403
135404
135405
135406
135407
135408
135409
135410
135417
135418
135419
135420
135421
135422
135423
135424
135425
135426
135427
135428
135429
135430
135431
135432
135433
135434
135435
135436
135437
135439
135441
135442
135443
135511
135512
135513
135514
135515
135516
135517
135518
135519
135520
135521
135522
135523
135524
135525
135526
135527
135528
135538
135539
135540
135541
135542
135543
135544
135545
135546
135547
135548
135549
135550
135551
135552
135553
135554
135555
135556
135557
135558
135559
135560
135561
135562
135563
135564
135565
135631
135632
135633
135634
135635
135636
135637
135638
135639
135640
135641
135642
135643
135644
135645
135646
135647
135657
135658
135659
135660
135661
135662
135663
135664
135665
135666
135667
135668
135669
135670
135671
135672
135673
135674
135675
135676
135677
135678
135679
135680
135681
135682
135683
135684
135685
135686
135750
135751
135752
135753
135754
135755
135756
135757
135758
135759
135760
135761
135762
135763
135764
135765
135766
135778
135779
135780
135781
135782
135783
135784
135785
135786
135787
135788
135789
135790
135791
135792
135793
135794
135795
135796
135797
135798
135799
135800
135801
135802
135803
135804
135805
135806
135870
135871
135872
135873
135874
135875
135876
135877
135878
135879
135880
135881
135882
135883
135884
135885
135886
135898
135899
135900
135901
135902
135903
135904
135905
135906
135907
135908
135909
135910
135911
135912
135913
135914
135915
135916
135917
135918
135919
135920
135921
135922
135923
135924
135925
135990
135991
135992
135993
135994
135995
135996
135997
135998
135999
136000
136001
136002
136003
136004
136005
136018
136019
136020
136021
136022
136023
136024
136025
136026
136027
136028
136029
136030
136031
136032
136033
136034
136035
136036
136037
136040
136041
136042
136043
136044
136110
136111
136112
136113
136114
136115
136116
136117
136118
136119
136120
136121
136122
136123
136124
136125
136138
136139
136140
136141
136142
136143
136144
136145
136146
136147
136148
136149
136150
136151
136152
136153
136154
136155
136156
136161
136162
136163
136231
136232
136233
136234
136235
136236
136237
136238
136239
136240
136241
136242
136243
136244
136245
136257
136258
136259
136260
136261
136262
136263
136264
136265
136266
136267
136268
136269
136270
136271
136272
136273
136274
136275
136276
136351
136352
136353
136354
136355
136356
136357
136358
136359
136360
136361
136362
136363
136364
136365
136377
136378
136379
136380
136381
136382
136383
136384
136385
136386
136387
136388
136389
136390
136391
136392
136393
136394
136395
136396
136471
136472
136473
136474
136475
136476
136477
136478
136479
136480
136481
136482
136483
136484
136485
136496
136497
136498
136499
136500
136501
136502
136503
136504
136505
136506
136507
136508
136509
136510
136511
136512
136513
136514
136515
136591
136592
136593
136594
136595
136596
136597
136598
136599
136600
136601
136602
136603
136604
136605
136606
136614
136615
136616
136617
136618
136619
136620
136621
136622
136623
136624
136625
136626
136627
136628
136629
136630
136631
136632
136633
136634
136635
136712
136713
136714
136715
136716
136717
136718
136719
136720
136721
136722
136723
136724
136725
136726
136727
136733
136734
136735
136736
136737
136738
136739
136740
136741
136742
136743
136744
136745
136746
136747
136748
136749
136750
136751
136752
136753
136754
136755
136832
136833
136834
136835
136836
136837
136838
136839
136840
136841
136842
136843
136844
136845
136846
136847
136848
136852
136853
136854
136855
136856
136857
136858
136859
136860
136861
136862
136863
136864
136865
136866
136867
136868
136869
136870
136871
136872
136873
136874
136953
136954
136955
136956
136957
136958
136959
136960
136961
136962
136963
136964
136965
136966
136967
136968
136969
136973
136974
136975
136976
136977
136978
136979
136980
136981
136982
136983
136984
136985
136986
136987
136988
136989
136990
136991
136992
136993
136994
137074
137075
137076
137077
137078
137079
137080
137081
137082
137083
137084
137085
137086
137087
137088
137089
137093
137094
137095
137096
137097
137098
137099
137100
137101
137102
137103
137104
137105
137106
137107
137108
137109
137110
137111
137112
137113
137121
137122
137123
137124
137194
137195
137196
137197
137198
137199
137200
137201
137202
137203
137204
137205
137206
137207
137208
137209
137210
137214
137215
137216
137217
137218
137219
137220
137221
137222
137223
137224
137225
137226
137227
137228
137229
137230
137231
137232
137240
137241
137242
137243
137244
137256
137314
137315
137316
137317
137318
137319
137320
137321
137322
137323
137324
137325
137326
137327
137328
137329
137330
137334
137335
137336
137337
137338
137339
137340
137341
137342
137343
137344
137345
137346
137347
137348
137349
137350
137360
137361
137362
137363
137364
137365
137435
137436
137437
137438
137439
137440
137441
137442
137443
137444
137445
137446
137447
137448
137449
137450
137451
137454
137455
137456
137457
137458
137459
137460
137461
137462
137463
137464
137465
137466
137479
137480
137481
137482
137483
137484
137485
137486
137555
137556
137557
137558
137559
137560
137561
137562
137563
137564
137565
137566
137567
137568
137569
137570
137571
137574
137575
137576
137577
137578
137579
137580
137581
137582
137583
137584
137585
137599
137600
137601
137602
137603
137604
137605
137675
137676
137677
137678
137679
137680
137681
137682
137683
137684
137685
137686
137687
137688
137689
137690
137691
137692
137694
137695
137696
137697
137698
137699
137700
137701
137702
137703
137704
137722
137795
137796
137797
137798
137799
137800
137801
137802
137803
137804
137805
137806
137807
137808
137809
137810
137811
137812
137813
137814
137815
137816
137817
137818
137819
137820
137821
137822
137823
137824
137915
137916
137917
137918
137919
137920
137921
137922
137923
137924
137925
137926
137927
137928
137929
137930
137931
137932
137933
137934
137935
137936
137937
137938
137939
137940
137941
137942
137943
137944
138034
138035
138036
138037
138038
138039
138040
138041
138042
138043
138044
138045
138046
138047
138048
138049
138050
138051
138052
138053
138054
138055
138056
138057
138058
138059
138060
138061
138062
138063
138064
138154
138155
138156
138157
138158
138159
138160
138161
138162
138163
138164
138165
138166
138167
138168
138169
138170
138171
138172
138173
138174
138175
138176
138177
138178
138179
138180
138181
138182
138183
138184
138274
138275
138276
138277
138278
138279
138280
138281
138282
138283
138284
138285
138286
138287
138288
138289
138290
138291
138292
138293
138294
138295
138296
138297
138298
138299
138300
138301
138302
138303
138304
138394
138395
138396
138397
138398
138399
138400
138401
138402
138403
138404
138405
138406
138407
138408
138409
138410
138411
138412
138413
138414
138415
138416
138417
138418
138419
138420
138421
138422
138423
138424
138515
138516
138517
138518
138519
138520
138521
138522
138523
138524
138525
138526
138527
138528
138529
138530
138531
138532
138533
138534
138535
138536
138537
138538
138539
138540
138541
138542
138543
138544
138545
138637
138638
138639
138640
138641
138642
138643
138644
138645
138646
138647
138648
138649
138650
138651
138652
138653
138654
138655
138656
138657
138658
138659
138660
138661
138662
138663
138664
138665
138760
138761
138762
138765
138766
138768
138769
138770
138771
138772
138773
138774
138775
138776
138777
138778
138779
138780
138781
138782
138783
138784
138785
138786
138892
138894
138895
138896
138897
138898
138899
138900
138901
138902
138903
138904
138905
138906
139016
139017
139018
139019
139020
139021
139022
139023
139024
139025
139026
139027
139138
139139
139140
139141
139142
139143
139144
139145
139146
139147
139261
139262
139263
139264
139265
139266
139267
139384
139385
139386
139387
139388
139507
139508
139628
139749
139870
147414
147530
147531
147532
147533
147534
147535
147536
147537
147538
147648
147649
147650
147651
147652
147653
147654
147655
147656
147657
147658
147659
147660
147765
147766
147767
147768
147769
147770
147771
147772
147773
147774
147775
147776
147777
147778
147779
147780
147781
147884
147885
147886
147887
147888
147889
147890
147891
147892
147893
147894
147895
147896
147897
147898
147899
147900
147901
147902
148002
148003
148004
148005
148006
148007
148008
148009
148010
148011
148012
148013
148014
148015
148016
148017
148018
148019
148020
148021
148022
148120
148121
148122
148123
148124
148125
148126
148127
148128
148129
148130
148131
148132
148133
148134
148135
148136
148137
148138
148139
148140
148141
148142
148143
148238
148239
148240
148241
148242
148243
148244
148245
148246
148247
148248
148249
148250
148251
148252
148253
148254
148255
148256
148257
148258
148259
148260
148261
148262
148263
148356
148357
148358
148359
148360
148361
148362
148363
148364
148365
148366
148367
148368
148369
148370
148371
148372
148373
148374
148375
148376
148377
148378
148379
148380
148381
148382
148383
148475
148476
148477
148478
148479
148480
148481
148482
148483
148484
148485
148486
148487
148488
148489
148490
148491
148492
148493
148494
148495
148496
148497
148498
148499
148500
148501
148502
148503
148504
148594
148595
148596
148597
148598
148599
148600
148601
148602
148603
148604
148605
148606
148607
148608
148609
148610
148611
148612
148613
148614
148615
148616
148617
148618
148619
148620
148621
148622
148623
148714
148715
148716
148717
148718
148719
148720
148721
148722
148723
148724
148725
148726
148727
148728
148729
148730
148731
148732
148733
148734
148735
148736
148737
148738
148739
148740
148741
148742
148743
148744
148833
148834
148835
148836
148837
148838
148839
148840
148841
148842
148843
148844
148845
148846
148847
148848
148849
148850
148851
148852
148853
148854
148855
148856
148857
148858
148859
148860
148861
148862
148863
148864
148952
148953
148954
148955
148956
148957
148958
148959
148960
148961
148962
148963
148964
148965
148966
148967
148968
148969
148970
148971
148972
148973
148974
148975
148976
148977
148978
148979
148980
148981
148982
148983
148984
148985
149072
149073
149074
149075
149076
149077
149078
149079
149080
149081
149082
149083
149084
149085
149086
149087
149088
149089
149090
149091
149092
149093
149094
149095
149096
149097
149098
149099
149100
149101
149102
149103
149104
149105
149106
149107
149191
149192
149193
149194
149195
149196
149197
149198
149199
149200
149201
149202
149203
149204
149205
149206
149207
149208
149209
149210
149211
149212
149213
149214
149215
149216
149217
149218
149219
149220
149221
149222
149223
149224
149225
149226
149227
149228
149311
149312
149313
149314
149315
149316
149317
149318
149319
149320
149321
149322
149323
149324
149325
149326
149327
149328
149329
149330
149331
149332
149333
149334
149335
149336
149337
149338
149339
149340
149341
149342
149343
149344
149345
149346
149347
149348
149349
149431
149432
149433
149434
149435
149436
149437
149438
149439
149440
149441
149442
149443
149444
149445
149446
149447
149448
149449
149450
149451
149452
149453
149454
149455
149456
149457
149458
149459
149460
149461
149462
149463
149464
149465
149466
149467
149468
149469
149470
149551
149552
149553
149554
149555
149556
149557
149558
149559
149560
149561
149562
149563
149564
149565
149566
149567
149568
149569
149570
149571
149572
149573
149574
149575
149576
149577
149578
149579
149580
149581
149582
149583
149584
149585
149586
149587
149588
149589
149590
149591
149592
149593
149670
149671
149672
149673
149674
149675
149676
149677
149678
149679
149680
149681
149682
149683
149684
149685
149686
149687
149688
149689
149690
149691
149692
149693
149694
149695
149696
149697
149698
149699
149700
149701
149702
149703
149704
149705
149706
149707
149708
149709
149710
149711
149712
149713
149714
149715
149716
149717
149719
149720
149721
149722
149723
149790
149791
149792
149793
149794
149795
149796
149797
149798
149799
149800
149801
149802
149803
149804
149805
149806
149807
149808
149809
149810
149811
149812
149813
149816
149817
149818
149819
149820
149821
149822
149823
149824
149825
149826
149827
149828
149829
149830
149831
149832
149833
149834
149835
149836
149837
149838
149839
149840
149841
149842
149843
149844
149845
149910
149911
149912
149913
149914
149915
149916
149917
149918
149919
149920
149921
149922
149923
149924
149925
149926
149927
149928
149929
149930
149937
149938
149939
149940
149941
149942
149943
149944
149945
149946
149947
149948
149949
149950
149951
149952
149953
149954
149955
149956
149957
149958
149959
149960
149961
149962
149963
149964
149965
149966
149967
150030
150031
150032
150033
150034
150035
150036
150037
150038
150039
150040
150041
150042
150043
150044
150045
150046
150047
150048
150049
150056
150057
150058
150059
150060
150061
150062
150063
150064
150065
150066
150067
150068
150069
150070
150071
150072
150073
150074
150075
150076
150077
150078
150079
150080
150081
150082
150083
150084
150085
150086
150087
150088
150149
150150
150151
150152
150153
150154
150155
150156
150157
150158
150159
150160
150161
150162
150163
150164
150165
150166
150167
150168
150177
150178
150179
150180
150181
150182
150183
150184
150185
150186
150187
150188
150189
150190
150191
150192
150193
150194
150195
150196
150197
150198
150199
150200
150201
150202
150203
150204
150205
150206
150207
150208
150209
150210
150211
150269
150270
150271
150272
150273
150274
150275
150276
150277
150278
150279
150280
150281
150282
150283
150284
150285
150286
150287
150297
150298
150299
150300
150301
150302
150303
150304
150305
150306
150307
150308
150309
150310
150311
150312
150313
150314
150315
150316
150317
150318
150319
150320
150321
150322
150323
150324
150325
150326
150327
150328
150329
150330
150331
150332
150333
150334
150335
150389
150390
150391
150392
150393
150394
150395
150396
150397
150398
150399
150400
150401
150402
150403
150404
150405
150406
150417
150418
150419
150420
150421
150422
150423
150424
150425
150426
150427
150428
150429
150430
150431
150432
150433
150434
150435
150436
150437
150438
150439
150440
150441
150442
150443
150444
150445
150446
150447
150448
150449
150454
150455
150456
150457
150458
150459
150460
150509
150510
150511
150512
150513
150514
150515
150516
150517
150518
150519
150520
150521
150522
150523
150524
150525
150526
150537
150538
150539
150540
150541
150542
150543
150544
150545
150546
150547
150548
150549
150550
150551
150552
150553
150554
150555
150556
150557
150558
150559
150560
150561
150562
150563
150564
150565
150566
150567
150568
150578
150579
150580
150630
150631
150632
150633
150634
150635
150636
150637
150638
150639
150640
150641
150642
150643
150644
150645
150646
150656
150657
150658
150659
150660
150661
150662
150663
150664
150665
150666
150667
150668
150669
150670
150671
150672
150673
150674
150675
150676
150677
150679
150680
150681
150682
150683
150684
150750
150751
150752
150753
150754
150755
150756
150757
150758
150759
150760
150761
150762
150763
150764
150765
150766
150776
150777
150778
150779
150780
150781
150782
150783
150784
150785
150786
150787
150788
150789
150790
150791
150792
150793
150794
150795
150796
150797
150801
150802
150803
150804
150870
150871
150872
150873
150874
150875
150876
150877
150878
150879
150880
150881
150882
150883
150884
150885
150886
150887
150894
150895
150896
150897
150898
150899
150900
150901
150902
150903
150904
150905
150906
150907
150908
150909
150910
150911
150912
150913
150914
150915
150916
150990
150991
150992
150993
150994
150995
150996
150997
150998
150999
151000
151001
151002
151003
151004
151005
151006
151007
151012
151013
151014
151015
151016
151017
151018
151019
151020
151021
151022
151023
151024
151025
151026
151027
151028
151029
151030
151031
151032
151033
151034
151035
151036
151111
151112
151113
151114
151115
151116
151117
151118
151119
151120
151121
151122
151123
151124
151125
151126
151127
151128
151131
151132
151133
151134
151135
151136
151137
151138
151139
151140
151141
151142
151143
151144
151145
151146
151147
151148
151149
151150
151151
151152
151153
151154
151155
151156
151231
151232
151233
151234
151235
151236
151237
151238
151239
151240
151241
151242
151243
151244
151245
151246
151247
151248
151249
151251
151252
151253
151254
151255
151256
151257
151258
151259
151260
151261
151262
151263
151264
151265
151266
151267
151268
151269
151270
151271
151272
151273
151274
151275
151281
151282
151283
151352
151353
151354
151355
151356
151357
151358
151359
151360
151361
151362
151363
151364
151365
151366
151367
151368
151369
151370
151371
151372
151373
151374
151375
151376
151377
151378
151379
151380
151381
151382
151383
151384
151385
151386
151387
151388
151389
151390
151391
151392
151393
151394
151395
151400
151401
151402
151403
151404
151405
151473
151474
151475
151476
151477
151478
151479
151480
151481
151482
151483
151484
151485
151486
151487
151488
151489
151490
151492
151493
151494
151495
151496
151497
151498
151499
151500
151501
151502
151503
151504
151505
151506
151507
151508
151509
151510
151511
151512
151513
151514
151515
151520
151521
151522
151523
151524
151525
151526
151535
151536
151593
151594
151595
151596
151597
151598
151599
151600
151601
151602
151603
151604
151605
151606
151607
151608
151609
151610
151611
151613
151614
151615
151616
151617
151618
151619
151620
151621
151622
151623
151624
151625
151626
151627
151628
151629
151630
151631
151632
151633
151634
151639
151640
151641
151642
151643
151644
151645
151646
151647
151655
151656
151657
151658
151659
151660
151713
151714
151715
151716
151717
151718
151719
151720
151721
151722
151723
151724
151725
151726
151727
151728
151729
151730
151731
151733
151734
151735
151736
151737
151738
151739
151740
151741
151742
151743
151744
151745
151746
151747
151748
151749
151750
151751
151752
151753
151758
151759
151760
151761
151762
151763
151764
151765
151766
151767
151775
151776
151777
151778
151834
151835
151836
151837
151838
151839
151840
151841
151842
151843
151844
151845
151846
151847
151848
151849
151850
151851
151852
151853
151854
151855
151856
151857
151858
151859
151860
151861
151862
151863
151864
151865
151866
151867
151868
151869
151870
151878
151879
151880
151881
151882
151883
151884
151885
151886
151887
151896
151954
151955
151956
151957
151958
151959
151960
151961
151962
151963
151964
151965
151966
151967
151968
151969
151970
151971
151972
151973
151974
151975
151976
151977
151978
151979
151980
151981
151982
151983
151984
151985
151986
151998
151999
152000
152001
152002
152003
152004
152005
152006
152007
152074
152075
152076
152077
152078
152079
152080
152081
152082
152083
152084
152085
152086
152087
152088
152089
152090
152091
152092
152093
152094
152095
152096
152097
152098
152099
152100
152101
152102
152103
152104
152105
152119
152120
152121
152122
152123
152124
152125
152194
152195
152196
152197
152198
152199
152200
152201
152202
152203
152204
152205
152206
152207
152208
152209
152210
152211
152212
152213
152214
152215
152216
152217
152218
152219
152220
152221
152222
152223
152224
152225
152242
152314
152315
152316
152317
152318
152319
152320
152321
152322
152323
152324
152325
152326
152327
152328
152329
152330
152331
152332
152333
152334
152335
152336
152337
152338
152339
152340
152341
152342
152343
152344
152345
152433
152434
152435
152436
152437
152438
152439
152440
152441
152442
152443
152444
152445
152446
152447
152448
152449
152450
152451
152452
152453
152454
152455
152456
152457
152458
152459
152460
152461
152462
152463
152464
152465
152553
152554
152555
152556
152557
152558
152559
152560
152561
152562
152563
152564
152565
152566
152567
152568
152569
152570
152571
152572
152573
152574
152575
152576
152577
152578
152579
152580
152581
152582
152583
152584
152585
152673
152674
152675
152676
152677
152678
152679
152680
152681
152682
152683
152684
152685
152686
152687
152688
152689
152690
152691
152692
152693
152694
152695
152696
152697
152698
152699
152700
152701
152702
152703
152704
152705
152793
152794
152795
152796
152797
152798
152799
152800
152801
152802
152803
152804
152805
152806
152807
152808
152809
152810
152811
152812
152813
152814
152815
152816
152817
152818
152819
152820
152821
152822
152823
152824
152825
152914
152915
152916
152917
152918
152919
152920
152921
152922
152923
152924
152925
152926
152927
152928
152929
152930
152931
152932
152933
152934
152935
152936
152937
152938
152939
152940
152941
152942
152943
152944
152945
152946
153035
153036
153037
153038
153039
153040
153041
153042
153043
153044
153045
153046
153047
153048
153049
153050
153051
153052
153053
153054
153055
153056
153057
153058
153059
153060
153061
153062
153063
153064
153065
153066
153156
153157
153158
153159
153160
153161
153162
153163
153164
153165
153166
153167
153168
153169
153170
153171
153172
153173
153174
153175
153176
153177
153178
153179
153180
153181
153182
153183
153184
153185
153186
153187
153280
153281
153282
153285
153286
153288
153289
153290
153291
153292
153293
153294
153295
153296
153297
153298
153299
153300
153301
153302
153303
153304
153305
153306
153307
153412
153413
153414
153415
153416
153417
153418
153419
153420
153421
153422
153423
153424
153425
153426
153427
153428
153534
153535
153536
153537
153538
153539
153540
153541
153542
153543
153544
153545
153546
153547
153548
153658
153659
153660
153661
153662
153663
153664
153665
153666
153667
153668
153781
153782
153783
153784
153785
153786
153787
153788
153789
153904
153905
153906
153907
153908
153909
154026
154027
154028
154029
154030
154148
154149
154150
154269
154270
154271
154390
154391
154392
161694
161810
161811
161812
161813
161814
161815
161816
161817
161818
161927
161928
161929
161930
161931
161932
161933
161934
161935
161936
161937
161938
161939
161940
161941
162045
162046
162047
162048
162049
162050
162051
162052
162053
162054
162055
162056
162057
162058
162059
162060
162061
162062
162063
162163
162164
162165
162166
162167
162168
162169
162170
162171
162172
162173
162174
162175
162176
162177
162178
162179
162180
162181
162182
162183
162281
162282
162283
162284
162285
162286
162287
162288
162289
162290
162291
162292
162293
162294
162295
162296
162297
162298
162299
162300
162301
162302
162303
162400
162401
162402
162403
162404
162405
162406
162407
162408
162409
162410
162411
162412
162413
162414
162415
162416
162417
162418
162419
162420
162421
162422
162423
162518
162519
162520
162521
162522
162523
162524
162525
162526
162527
162528
162529
162530
162531
162532
162533
162534
162535
162536
162537
162538
162539
162540
162541
162542
162543
162544
162636
162637
162638
162639
162640
162641
162642
162643
162644
162645
162646
162647
162648
162649
162650
162651
162652
162653
162654
162655
162656
162657
162658
162659
162660
162661
162662
162663
162664
162755
162756
162757
162758
162759
162760
162761
162762
162763
162764
162765
162766
162767
162768
162769
162770
162771
162772
162773
162774
162775
162776
162777
162778
162779
162780
162781
162782
162783
162784
162785
162874
162875
162876
162877
162878
162879
162880
162881
162882
162883
162884
162885
162886
162887
162888
162889
162890
162891
162892
162893
162894
162895
162896
162897
162898
162899
162900
162901
162902
162903
162904
162905
162993
162994
162995
162996
162997
162998
162999
163000
163001
163002
163003
163004
163005
163006
163007
163008
163009
163010
163011
163012
163013
163014
163015
163016
163017
163018
163019
163020
163021
163022
163023
163024
163025
163112
163113
163114
163115
163116
163117
163118
163119
163120
163121
163122
163123
163124
163125
163126
163127
163128
163129
163130
163131
163132
163133
163134
163135
163136
163137
163138
163139
163140
163141
163142
163143
163144
163145
163146
163232
163233
163234
163235
163236
163237
163238
163239
163240
163241
163242
163243
163244
163245
163246
163247
163248
163249
163250
163251
163252
163253
163254
163255
163256
163257
163258
163259
163260
163261
163262
163263
163264
163265
163266
163351
163352
163353
163354
163355
163356
163357
163358
163359
163360
163361
163362
163363
163364
163365
163366
163367
163368
163369
163370
163371
163372
163373
163374
163375
163376
163377
163378
163379
163380
163381
163382
163383
163384
163385
163386
163387
163471
163472
163473
163474
163475
163476
163477
163478
163479
163480
163481
163482
163483
163484
163485
163486
163487
163488
163489
163490
163491
163492
163493
163494
163495
163496
163497
163498
163499
163500
163501
163502
163503
163504
163505
163506
163507
163508
163590
163591
163592
163593
163594
163595
163596
163597
163598
163599
163600
163601
163602
163603
163604
163605
163606
163607
163608
163609
163610
163611
163612
163613
163614
163615
163616
163617
163618
163619
163620
163621
163622
163623
163624
163625
163626
163627
163628
163629
163710
163711
163712
163713
163714
163715
163716
163717
163718
163719
163720
163721
163722
163723
163724
163725
163726
163727
163728
163729
163730
163731
163732
163733
163734
163735
163736
163737
163738
163739
163740
163741
163742
163743
163744
163745
163746
163747
163748
163749
163750
163751
163830
163831
163832
163833
163834
163835
163836
163837
163838
163839
163840
163841
163842
163843
163844
163845
163846
163847
163848
163849
163850
163851
163852
163853
163854
163855
163856
163857
163858
163859
163860
163861
163862
163863
163864
163865
163866
163867
163868
163869
163870
163871
163872
163873
163950
163951
163952
163953
163954
163955
163956
163957
163958
163959
163960
163961
163962
163963
163964
163965
163966
163967
163968
163969
163970
163971
163972
163973
163974
163975
163976
163977
163978
163979
163980
163981
163982
163983
163984
163985
163986
163987
163988
163989
163990
163991
163992
163993
163994
163995
163996
163997
163999
164000
164001
164002
164003
164069
164070
164071
164072
164073
164074
164075
164076
164077
164078
164079
164080
164081
164082
164083
164084
164085
164086
164087
164088
164089
164090
164091
164092
164093
164094
164095
164096
164097
164098
164099
164100
164101
164102
164103
164104
164105
164106
164107
164108
164109
164110
164111
164112
164113
164114
164115
164116
164117
164118
164119
164120
164121
164122
164123
164124
164125
164189
164190
164191
164192
164193
164194
164195
164196
164197
164198
164199
164200
164201
164202
164203
164204
164205
164206
164207
164208
164209
164210
164211
164212
164213
164214
164215
164216
164217
164218
164219
164220
164221
164222
164223
164224
164225
164226
164227
164228
164229
164230
164231
164232
164233
164234
164235
164236
164237
164238
164239
164240
164241
164242
164243
164244
164245
164246
164247
164309
164310
164311
164312
164313
164314
164315
164316
164317
164318
164319
164320
164321
164322
164323
164324
164325
164326
164327
164328
164329
164330
164331
164332
164333
164334
164336
164337
164338
164339
164340
164341
164342
164343
164344
164345
164346
164347
164348
164349
164350
164351
164352
164353
164354
164355
164356
164357
164358
164359
164360
164361
164362
164363
164364
164365
164366
164367
164368
164369
164429
164430
164431
164432
164433
164434
164435
164436
164437
164438
164439
164440
164441
164442
164443
164444
164445
164446
164447
164448
164449
164450
164455
164456
164457
164458
164459
164460
164461
164462
164463
164464
164465
164466
164467
164468
164469
164470
164471
164472
164473
164474
164475
164476
164477
164478
164479
164480
164481
164482
164483
164484
164485
164486
164487
164488
164489
164490
164491
164492
164548
164549
164550
164551
164552
164553
164554
164555
164556
164557
164558
164559
164560
164561
164562
164563
164564
164565
164566
164567
164568
164569
164575
164576
164577
164578
164579
164580
164581
164582
164583
164584
164585
164586
164587
164588
164589
164590
164591
164592
164593
164594
164595
164596
164597
164598
164599
164600
164601
164602
164603
164604
164605
164606
164607
164608
164609
164610
164611
164612
164613
164614
164615
164668
164669
164670
164671
164672
164673
164674
164675
164676
164677
164678
164679
164680
164681
164682
164683
164684
164685
164686
164687
164688
164696
164697
164698
164699
164700
164701
164702
164703
164704
164705
164706
164707
164708
164709
164710
164711
164712
164713
164714
164715
164716
164717
164718
164719
164720
164721
164722
164723
164724
164725
164726
164727
164728
164729
164730
164731
164732
164733
164734
164735
164736
164737
164738
164739
164740
164741
164788
164789
164790
164791
164792
164793
164794
164795
164796
164797
164798
164799
164800
164801
164802
164803
164804
164805
164806
164807
164816
164817
164818
164819
164820
164821
164822
164823
164824
164825
164826
164827
164828
164829
164830
164831
164832
164833
164834
164835
164836
164837
164838
164839
164840
164841
164842
164843
164844
164845
164846
164847
164848
164849
164850
164851
164852
164853
164854
164855
164856
164857
164858
164859
164860
164861
164908
164909
164910
164911
164912
164913
164914
164915
164916
164917
164918
164919
164920
164921
164922
164923
164924
164925
164926
164927
164936
164937
164938
164939
164940
164941
164942
164943
164944
164945
164946
164947
164948
164949
164950
164951
164952
164953
164954
164955
164956
164957
164958
164959
164960
164961
164962
164963
164964
164965
164966
164967
164968
164969
164970
164971
164972
164973
164974
164975
164976
164977
164978
164979
164980
164981
165029
165030
165031
165032
165033
165034
165035
165036
165037
165038
165039
165040
165041
165042
165043
165044
165045
165046
165047
165055
165056
165057
165058
165059
165060
165061
165062
165063
165064
165065
165066
165067
165068
165069
165070
165071
165072
165073
165074
165075
165076
165077
165078
165079
165080
165081
165082
165083
165084
165085
165086
165087
165088
165089
165090
165091
165092
165094
165095
165096
165098
165099
165100
165101
165102
165149
165150
165151
165152
165153
165154
165155
165156
165157
165158
165159
165160
165161
165162
165163
165164
165165
165166
165167
165174
165175
165176
165177
165178
165179
165180
165181
165182
165183
165184
165185
165186
165187
165188
165189
165190
165191
165192
165193
165194
165195
165196
165197
165198
165199
165200
165201
165202
165203
165204
165205
165206
165207
165208
165209
165210
165211
165269
165270
165271
165272
165273
165274
165275
165276
165277
165278
165279
165280
165281
165282
165283
165284
165285
165286
165287
165288
165290
165292
165293
165294
165295
165296
165297
165298
165299
165300
165301
165302
165303
165304
165305
165306
165307
165308
165309
165310
165311
165312
165313
165314
165315
165316
165317
165320
165321
165322
165323
165324
165325
165326
165330
165389
165390
165391
165392
165393
165394
165395
165396
165397
165398
165399
165400
165401
165402
165403
165404
165405
165406
165407
165408
165409
165410
165411
165412
165413
165414
165415
165416
165417
165418
165419
165420
165421
165422
165423
165424
165425
165426
165427
165428
165429
165430
165431
165432
165433
165434
165435
165436
165437
165441
165510
165511
165512
165513
165514
165515
165516
165517
165518
165519
165520
165521
165522
165523
165524
165525
165526
165527
165528
165529
165530
165531
165532
165533
165534
165535
165536
165537
165538
165539
165540
165541
165542
165543
165544
165545
165546
165547
165548
165549
165550
165551
165552
165553
165554
165555
165556
165557
165561
165562
165563
165564
165570
165630
165631
165632
165633
165634
165635
165636
165637
165638
165639
165640
165641
165642
165643
165644
165645
165646
165647
165648
165649
165650
165651
165652
165653
165654
165655
165656
165657
165658
165659
165660
165661
165662
165663
165664
165665
165666
165667
165668
165669
165670
165671
165672
165673
165674
165675
165676
165678
165679
165680
165681
165682
165683
165684
165685
165686
165687
165688
165689
165690
165691
165751
165752
165753
165754
165755
165756
165757
165758
165759
165760
165761
165762
165763
165764
165765
165766
165767
165768
165769
165770
165771
165772
165773
165774
165775
165776
165777
165778
165779
165780
165781
165782
165783
165784
165785
165786
165787
165788
165789
165790
165791
165792
165793
165794
165795
165796
165799
165800
165801
165802
165803
165804
165805
165806
165807
165808
165809
165810
165811
165812
165813
165814
165815
165816
165872
165873
165874
165875
165876
165877
165878
165879
165880
165881
165882
165883
165884
165885
165886
165887
165888
165889
165890
165891
165892
165893
165894
165895
165896
165897
165898
165899
165900
165901
165902
165903
165904
165905
165906
165907
165908
165909
165910
165911
165912
165913
165914
165915
165916
165919
165920
165921
165922
165923
165924
165925
165926
165927
165928
165929
165930
165931
165932
165933
165934
165935
165936
165937
165938
165939
165940
165941
165992
165993
165994
165995
165996
165997
165998
165999
166000
166001
166002
166003
166004
166005
166006
166007
166008
166009
166010
166011
166012
166013
166014
166015
166016
166017
166018
166019
166020
166021
166022
166023
166024
166025
166026
166027
166028
166029
166030
166031
166032
166033
166034
166035
166038
166039
166040
166041
166042
166043
166044
166045
166046
166047
166048
166049
166050
166051
166052
166053
166054
166055
166056
166057
166058
166059
166060
166061
166112
166113
166114
166115
166116
166117
166118
166119
166120
166121
166122
166123
166124
166125
166126
166127
166128
166129
166130
166131
166132
166133
166134
166135
166136
166137
166138
166139
166140
166141
166142
166143
166144
166145
166146
166147
166148
166149
166150
166151
166152
166153
166154
166157
166158
166159
166160
166161
166162
166163
166164
166165
166166
166167
166168
166169
166170
166171
166172
166173
166174
166175
166176
166177
166178
166179
166180
166233
166234
166235
166236
166237
166238
166239
166240
166241
166242
166243
166244
166245
166246
166247
166248
166249
166250
166251
166252
166253
166254
166255
166256
166257
166258
166259
166260
166261
166262
166263
166264
166265
166266
166267
166268
166269
166270
166271
166272
166273
166277
166278
166279
166280
166281
166282
166283
166284
166285
166286
166287
166288
166291
166292
166293
166294
166295
166296
166297
166298
166299
166353
166354
166355
166356
166357
166358
166359
166360
166361
166362
166363
166364
166365
166366
166367
166368
166369
166370
166371
166372
166373
166374
166375
166376
166377
166378
166379
166380
166381
166382
166383
166384
166385
166386
166387
166388
166389
166390
166397
166398
166399
166400
166401
166402
166403
166404
166405
166406
166407
166408
166412
166413
166414
166415
166416
166473
166474
166475
166476
166477
166478
166479
166480
166481
166482
166483
166484
166485
166486
166487
166488
166489
166490
166491
166492
166493
166494
166495
166496
166497
166498
166499
166500
166501
166502
166503
166504
166505
166506
166518
166519
166520
166521
166522
166523
166524
166525
166526
166527
166528
166533
166593
166594
166595
166596
166597
166598
166599
166600
166601
166602
166603
166604
166605
166606
166607
166608
166609
166610
166611
166612
166613
166614
166615
166616
166617
166618
166619
166620
166621
166622
166623
166624
166625
166626
166639
166640
166641
166642
166643
166644
166645
166713
166714
166715
166716
166717
166718
166719
166720
166721
166722
166723
166724
166725
166726
166727
166728
166729
166730
166731
166732
166733
166734
166735
166736
166737
166738
166739
166740
166741
166742
166743
166744
166745
166746
166755
166756
166757
166758
166762
166771
166832
166833
166834
166835
166836
166837
166838
166839
166840
166841
166842
166843
166844
166845
166846
166847
166848
166849
166850
166851
166852
166853
166854
166855
166856
166857
166858
166859
166860
166861
166862
166863
166864
166865
166866
166876
166877
166952
166953
166954
166955
166956
166957
166958
166959
166960
166961
166962
166963
166964
166965
166966
166967
166968
166969
166970
166971
166972
166973
166974
166975
166976
166977
166978
166979
166980
166981
166982
166983
166984
166985
166986
167072
167073
167074
167075
167076
167077
167078
167079
167080
167081
167082
167083
167084
167085
167086
167087
167088
167089
167090
167091
167092
167093
167094
167095
167096
167097
167098
167099
167100
167101
167102
167103
167104
167105
167106
167192
167193
167194
167195
167196
167197
167198
167199
167200
167201
167202
167203
167204
167205
167206
167207
167208
167209
167210
167211
167212
167213
167214
167215
167216
167217
167218
167219
167220
167221
167222
167223
167224
167225
167226
167312
167313
167314
167315
167316
167317
167318
167319
167320
167321
167322
167323
167324
167325
167326
167327
167328
167329
167330
167331
167332
167333
167334
167335
167336
167337
167338
167339
167340
167341
167342
167343
167344
167345
167346
167347
167369
167370
167371
167433
167434
167435
167436
167437
167438
167439
167440
167441
167442
167443
167444
167445
167446
167447
167448
167449
167450
167451
167452
167453
167454
167455
167456
167457
167458
167459
167460
167461
167462
167463
167464
167465
167466
167467
167491
167554
167555
167556
167557
167558
167559
167560
167561
167562
167563
167564
167565
167566
167567
167568
167569
167570
167571
167572
167573
167574
167575
167576
167577
167578
167579
167580
167581
167582
167583
167584
167585
167586
167587
167588
167611
167676
167677
167678
167679
167680
167681
167682
167683
167684
167685
167686
167687
167688
167689
167690
167691
167692
167693
167694
167695
167696
167697
167698
167699
167700
167701
167702
167703
167704
167705
167706
167707
167708
167730
167731
167732
167800
167801
167802
167805
167806
167808
167809
167810
167811
167812
167813
167814
167815
167816
167817
167818
167819
167820
167821
167822
167823
167824
167825
167826
167827
167828
167829
167851
167852
167931
167932
167933
167934
167935
167936
167937
167938
167939
167940
167941
167942
167943
167944
167945
167946
167947
167948
167949
168054
168055
168056
168057
168058
168059
168060
168061
168062
168063
168064
168065
168066
168067
168068
168069
168077
168178
168179
168180
168181
168182
168183
168184
168185
168186
168187
168188
168189
168190
168301
168302
168303
168304
168305
168306
168307
168308
168309
168310
168317
168424
168425
168426
168427
168428
168429
168430
168431
168437
168546
168547
168548
168549
168550
168551
168552
168667
168668
168669
168670
168671
168672
168673
168788
168789
168790
168791
168792
168793
168909
168910
168911
168912
168913
169031
169032
175974
176090
176091
176092
176093
176094
176095
176096
176097
176098
176207
176208
176209
176210
176211
176212
176213
176214
176215
176216
176217
176218
176219
176220
176221
176325
176326
176327
176328
176329
176330
176331
176332
176333
176334
176335
176336
176337
176338
176339
176340
176341
176342
176343
176443
176444
176445
176446
176447
176448
176449
176450
176451
176452
176453
176454
176455
176456
176457
176458
176459
176460
176461
176462
176463
176464
176561
176562
176563
176564
176565
176566
176567
176568
176569
176570
176571
176572
176573
176574
176575
176576
176577
176578
176579
176580
176581
176582
176583
176584
176679
176680
176681
176682
176683
176684
176685
176686
176687
176688
176689
176690
176691
176692
176693
176694
176695
176696
176697
176698
176699
176700
176701
176702
176703
176704
176798
176799
176800
176801
176802
176803
176804
176805
176806
176807
176808
176809
176810
176811
176812
176813
176814
176815
176816
176817
176818
176819
176820
176821
176822
176823
176824
176825
176916
176917
176918
176919
176920
176921
176922
176923
176924
176925
176926
176927
176928
176929
176930
176931
176932
176933
176934
176935
176936
176937
176938
176939
176940
176941
176942
176943
176944
176945
177035
177036
177037
177038
177039
177040
177041
177042
177043
177044
177045
177046
177047
177048
177049
177050
177051
177052
177053
177054
177055
177056
177057
177058
177059
177060
177061
177062
177063
177064
177065
177154
177155
177156
177157
177158
177159
177160
177161
177162
177163
177164
177165
177166
177167
177168
177169
177170
177171
177172
177173
177174
177175
177176
177177
177178
177179
177180
177181
177182
177183
177184
177185
177186
177273
177274
177275
177276
177277
177278
177279
177280
177281
177282
177283
177284
177285
177286
177287
177288
177289
177290
177291
177292
177293
177294
177295
177296
177297
177298
177299
177300
177301
177302
177303
177304
177305
177306
177392
177393
177394
177395
177396
177397
177398
177399
177400
177401
177402
177403
177404
177405
177406
177407
177408
177409
177410
177411
177412
177413
177414
177415
177416
177417
177418
177419
177420
177421
177422
177423
177424
177425
177426
177511
177512
177513
177514
177515
177516
177517
177518
177519
177520
177521
177522
177523
177524
177525
177526
177527
177528
177529
177530
177531
177532
177533
177534
177535
177536
177537
177538
177539
177540
177541
177542
177543
177544
177545
177546
177547
177631
177632
177633
177634
177635
177636
177637
177638
177639
177640
177641
177642
177643
177644
177645
177646
177647
177648
177649
177650
177651
177652
177653
177654
177655
177656
177657
177658
177659
177660
177661
177662
177663
177664
177665
177666
177667
177668
177750
177751
177752
177753
177754
177755
177756
177757
177758
177759
177760
177761
177762
177763
177764
177765
177766
177767
177768
177769
177770
177771
177772
177773
177774
177775
177776
177777
177778
177779
177780
177781
177782
177783
177784
177785
177786
177787
177788
177789
177870
177871
177872
177873
177874
177875
177876
177877
177878
177879
177880
177881
177882
177883
177884
177885
177886
177887
177888
177889
177890
177891
177892
177893
177894
177895
177896
177897
177898
177899
177900
177901
177902
177903
177904
177905
177906
177907
177908
177909
177910
177989
177990
177991
177992
177993
177994
177995
177996
177997
177998
177999
178000
178001
178002
178003
178004
178005
178006
178007
178008
178009
178010
178011
178012
178013
178014
178015
178016
178017
178018
178019
178020
178021
178022
178023
178024
178025
178026
178027
178028
178029
178030
178031
178109
178110
178111
178112
178113
178114
178115
178116
178117
178118
178119
178120
178121
178122
178123
178124
178125
178126
178127
178128
178129
178130
178131
178132
178133
178134
178135
178136
178137
178138
178139
178140
178141
178142
178143
178144
178145
178146
178147
178148
178149
178150
178151
178152
178153
178229
178230
178231
178232
178233
178234
178235
178236
178237
178238
178239
178240
178241
178242
178243
178244
178245
178246
178247
178248
178249
178250
178251
178252
178253
178254
178255
178256
178257
178258
178259
178260
178261
178262
178263
178264
178265
178266
178267
178268
178269
178270
178271
178272
178273
178274
178275
178276
178277
178279
178280
178281
178282
178283
178284
178349
178350
178351
178352
178353
178354
178355
178356
178357
178358
178359
178360
178361
178362
178363
178364
178365
178366
178367
178368
178369
178370
178371
178372
178373
178374
178375
178376
178377
178378
178379
178380
178381
178382
178383
178384
178385
178386
178387
178388
178389
178390
178391
178392
178393
178394
178395
178396
178397
178398
178399
178400
178401
178402
178403
178404
178405
178406
178468
178469
178470
178471
178472
178473
178474
178475
178476
178477
178478
178479
178480
178481
178482
178483
178484
178485
178486
178487
178488
178489
178490
178491
178492
178493
178494
178495
178496
178497
178498
178499
178500
178501
178502
178503
178504
178505
178506
178507
178508
178509
178510
178511
178512
178513
178514
178515
178516
178517
178518
178519
178520
178521
178522
178523
178524
178525
178526
178527
178528
178588
178589
178590
178591
178592
178593
178594
178595
178596
178597
178598
178599
178600
178601
178602
178603
178604
178605
178606
178607
178608
178609
178610
178611
178612
178613
178614
178615
178616
178617
178618
178619
178620
178621
178622
178623
178624
178625
178626
178627
178628
178629
178630
178631
178632
178633
178634
178635
178636
178637
178638
178639
178640
178641
178642
178643
178644
178645
178646
178647
178648
178649
178708
178709
178710
178711
178712
178713
178714
178715
178716
178717
178718
178719
178720
178721
178722
178723
178724
178725
178726
178727
178728
178729
178730
178731
178732
178733
178734
178735
178736
178737
178738
178739
178740
178741
178742
178743
178744
178745
178746
178747
178748
178749
178750
178751
178752
178753
178754
178755
178756
178757
178758
178759
178760
178761
178762
178763
178764
178765
178766
178767
178768
178769
178770
178771
178772
178828
178829
178830
178831
178832
178833
178834
178835
178836
178837
178838
178839
178840
178841
178842
178843
178844
178845
178846
178847
178848
178849
178850
178851
178852
178853
178854
178855
178856
178857
178858
178859
178860
178861
178862
178863
178864
178865
178866
178867
178868
178869
178870
178871
178872
178873
178874
178875
178876
178877
178878
178879
178880
178881
178882
178883
178884
178885
178886
178887
178888
178889
178890
178891
178892
178893
178894
178895
178947
178948
178949
178950
178951
178952
178953
178954
178955
178956
178957
178958
178959
178960
178961
178962
178963
178964
178965
178966
178967
178968
178969
178970
178971
178974
178975
178976
178977
178978
178979
178980
178981
178982
178983
178984
178985
178986
178987
178988
178989
178990
178991
178992
178993
178994
178995
178996
178997
178998
178999
179000
179001
179002
179003
179004
179005
179006
179007
179008
179009
179010
179011
179012
179013
179014
179015
179016
179017
179018
179019
179020
179021
179067
179068
179069
179070
179071
179072
179073
179074
179075
179076
179077
179078
179079
179080
179081
179082
179083
179084
179085
179086
179087
179088
179089
179090
179095
179096
179097
179098
179099
179100
179101
179102
179103
179104
179105
179106
179107
179108
179109
179110
179111
179112
179113
179114
179115
179116
179117
179118
179119
179120
179121
179122
179123
179124
179125
179126
179127
179128
179129
179130
179131
179132
179133
179134
179135
179136
179137
179138
179139
179140
179141
179142
179187
179188
179189
179190
179191
179192
179193
179194
179195
179196
179197
179198
179199
179200
179201
179202
179203
179204
179205
179206
179207
179208
179215
179216
179217
179218
179219
179220
179221
179222
179223
179224
179225
179226
179227
179228
179229
179230
179231
179232
179233
179234
179235
179236
179237
179238
179239
179240
179241
179242
179243
179244
179245
179246
179247
179248
179249
179250
179251
179252
179253
179254
179255
179256
179257
179258
179259
179260
179261
179262
179307
179308
179309
179310
179311
179312
179313
179314
179315
179316
179317
179318
179319
179320
179321
179322
179323
179324
179325
179326
179327
179328
179335
179336
179337
179338
179339
179340
179341
179342
179343
179344
179345
179346
179347
179348
179349
179350
179351
179352
179353
179354
179355
179356
179357
179358
179359
179360
179361
179362
179363
179364
179365
179366
179367
179368
179369
179370
179371
179372
179373
179374
179375
179376
179377
179378
179379
179380
179381
179382
179428
179429
179430
179431
179432
179433
179434
179435
179436
179437
179438
179439
179440
179441
179442
179443
179444
179445
179446
179447
179448
179454
179455
179456
179457
179458
179459
179460
179461
179462
179463
179464
179465
179466
179467
179468
179469
179470
179471
179472
179473
179474
179475
179476
179477
179478
179479
179480
179481
179482
179483
179484
179485
179486
179487
179488
179489
179490
179491
179492
179493
179494
179495
179496
179497
179498
179499
179500
179501
179502
179503
179548
179549
179550
179551
179552
179553
179554
179555
179556
179557
179558
179559
179560
179561
179562
179563
179564
179565
179566
179567
179568
179570
179571
179572
179573
179574
179575
179576
179577
179578
179579
179580
179581
179582
179583
179584
179585
179586
179587
179588
179589
179590
179591
179592
179593
179594
179595
179596
179597
179598
179599
179600
179601
179602
179603
179604
179605
179606
179607
179608
179609
179610
179611
179612
179613
179614
179615
179616
179617
179618
179619
179620
179621
179622
179623
179668
179669
179670
179671
179672
179673
179674
179675
179676
179677
179678
179679
179680
179681
179682
179683
179684
179685
179686
179687
179688
179689
179690
179691
179692
179693
179694
179695
179696
179697
179698
179699
179700
179701
179702
179703
179704
179705
179706
179707
179708
179709
179710
179711
179712
179713
179714
179715
179716
179717
179718
179719
179720
179721
179722
179723
179724
179725
179726
179727
179728
179729
179730
179731
179732
179733
179734
179742
179743
179788
179789
179790
179791
179792
179793
179794
179795
179796
179797
179798
179799
179800
179801
179802
179803
179804
179805
179806
179807
179808
179809
179810
179811
179812
179813
179814
179815
179816
179817
179818
179819
179820
179821
179822
179823
179824
179825
179826
179827
179828
179829
179830
179831
179832
179833
179834
179835
179836
179837
179838
179840
179841
179842
179843
179844
179845
179846
179847
179848
179849
179850
179851
179852
179862
179863
179909
179910
179911
179912
179913
179914
179915
179916
179917
179918
179919
179920
179921
179922
179923
179924
179925
179926
179927
179928
179929
179930
179931
179932
179933
179934
179935
179936
179937
179938
179939
179940
179941
179942
179943
179944
179945
179946
179947
179948
179949
179950
179951
179952
179953
179954
179955
179956
179957
179958
179959
179960
179961
179962
179963
179964
179965
179966
179967
179968
179969
179970
179971
179972
179973
180029
180030
180031
180032
180033
180034
180035
180036
180037
180038
180039
180040
180041
180042
180043
180044
180045
180046
180047
180048
180049
180050
180051
180052
180053
180054
180055
180056
180057
180058
180059
180060
180061
180062
180063
180064
180065
180066
180067
180068
180069
180070
180071
180072
180073
180074
180075
180076
180077
180078
180079
180080
180081
180082
180083
180084
180085
180086
180087
180088
180089
180090
180091
180092
180093
180094
180095
180096
180150
180151
180152
180153
180154
180155
180156
180157
180158
180159
180160
180161
180162
180163
180164
180165
180166
180167
180168
180169
180170
180171
180172
180173
180174
180175
180176
180177
180178
180179
180180
180181
180182
180183
180184
180185
180186
180187
180188
180189
180190
180191
180192
180193
180194
180195
180196
180197
180198
180199
180200
180201
180202
180203
180204
180205
180206
180207
180208
180209
180210
180211
180212
180213
180214
180215
180216
180217
180218
180219
180220
180221
180222
180270
180271
180272
180273
180274
180275
180276
180277
180278
180279
180280
180281
180282
180283
180284
180285
180286
180287
180288
180289
180290
180291
180292
180293
180294
180295
180296
180297
180298
180299
180300
180301
180302
180303
180304
180305
180306
180307
180308
180309
180310
180311
180312
180313
180314
180315
180316
180317
180318
180319
180320
180321
180322
180323
180324
180325
180326
180327
180328
180329
180330
180331
180332
180333
180334
180335
180336
180337
180338
180339
180340
180341
180342
180391
180392
180393
180394
180395
180396
180397
180398
180399
180400
180401
180402
180403
180404
180405
180406
180407
180408
180409
180410
180411
180412
180413
180414
180415
180416
180417
180418
180419
180420
180421
180422
180423
180424
180425
180426
180427
180428
180429
180430
180431
180432
180433
180434
180435
180436
180437
180438
180439
180440
180441
180442
180443
180444
180445
180446
180447
180448
180449
180450
180451
180452
180453
180454
180455
180456
180457
180458
180459
180460
180461
180462
180511
180512
180513
180514
180515
180516
180517
180518
180519
180520
180521
180522
180523
180524
180525
180526
180527
180528
180529
180530
180531
180532
180533
180534
180535
180536
180537
180538
180539
180540
180541
180542
180543
180544
180545
180546
180547
180548
180549
180550
180551
180552
180553
180554
180555
180556
180557
180558
180559
180560
180561
180562
180563
180564
180565
180566
180567
180568
180569
180570
180571
180572
180573
180574
180575
180576
180577
180578
180579
180580
180581
180582
180632
180633
180634
180635
180636
180637
180638
180639
180640
180641
180642
180643
180644
180645
180646
180647
180648
180649
180650
180651
180652
180653
180654
180655
180656
180657
180658
180659
180660
180661
180662
180663
180664
180665
180666
180667
180668
180669
180670
180671
180672
180673
180674
180675
180676
180677
180678
180679
180680
180681
180682
180683
180684
180685
180686
180687
180688
180689
180690
180691
180692
180693
180694
180695
180696
180697
180698
180699
180700
180701
180752
180753
180754
180755
180756
180757
180758
180759
180760
180761
180762
180763
180764
180765
180766
180767
180768
180769
180770
180771
180772
180773
180774
180775
180776
180777
180778
180779
180780
180781
180782
180783
180784
180785
180786
180787
180788
180789
180790
180791
180792
180793
180794
180795
180796
180797
180798
180799
180800
180801
180802
180803
180804
180805
180806
180807
180808
180809
180810
180811
180812
180813
180814
180815
180816
180817
180818
180819
180872
180873
180874
180875
180876
180877
180878
180879
180880
180881
180882
180883
180884
180885
180886
180887
180888
180889
180890
180891
180892
180893
180894
180895
180896
180897
180898
180899
180900
180901
180902
180903
180904
180905
180906
180907
180908
180909
180910
180911
180912
180913
180914
180915
180916
180917
180918
180919
180920
180921
180922
180923
180924
180925
180926
180927
180928
180929
180930
180931
180932
180933
180934
180935
180936
180992
180993
180994
180995
180996
180997
180998
180999
181000
181001
181002
181003
181004
181005
181006
181007
181008
181009
181010
181011
181012
181013
181014
181015
181016
181017
181018
181019
181020
181021
181022
181023
181024
181025
181026
181027
181028
181029
181030
181031
181032
181033
181034
181035
181036
181037
181038
181039
181040
181041
181042
181043
181044
181045
181046
181047
181048
181049
181050
181051
181052
181053
181112
181113
181114
181115
181116
181117
181118
181119
181120
181121
181122
181123
181124
181125
181126
181127
181128
181129
181130
181131
181132
181133
181134
181135
181136
181137
181138
181139
181140
181141
181142
181143
181144
181145
181146
181147
181148
181149
181150
181151
181152
181153
181154
181155
181156
181157
181158
181159
181160
181161
181162
181163
181164
181165
181168
181169
181170
181171
181172
181231
181232
181233
181234
181235
181236
181237
181238
181239
181240
181241
181242
181243
181244
181245
181246
181247
181248
181249
181250
181251
181252
181253
181254
181255
181256
181257
181258
181259
181260
181261
181262
181263
181264
181265
181266
181267
181268
181269
181270
181271
181272
181273
181274
181275
181276
181277
181278
181282
181289
181290
181291
181292
181351
181352
181353
181354
181355
181356
181357
181358
181359
181360
181361
181362
181363
181364
181365
181366
181367
181368
181369
181370
181371
181372
181373
181374
181375
181376
181377
181378
181379
181380
181381
181382
181383
181384
181385
181386
181387
181392
181393
181394
181395
181396
181397
181409
181410
181411
181471
181472
181473
181474
181475
181476
181477
181478
181479
181480
181481
181482
181483
181484
181485
181486
181487
181488
181489
181490
181491
181492
181493
181494
181495
181496
181497
181498
181499
181500
181501
181502
181503
181504
181505
181506
181507
181530
181531
181591
181592
181593
181594
181595
181596
181597
181598
181599
181600
181601
181602
181603
181604
181605
181606
181607
181608
181609
181610
181611
181612
181613
181614
181615
181616
181617
181618
181619
181620
181621
181622
181623
181624
181625
181626
181627
181649
181650
181651
181711
181712
181713
181714
181715
181716
181717
181718
181719
181720
181721
181722
181723
181724
181725
181726
181727
181728
181729
181730
181731
181732
181733
181734
181735
181736
181737
181738
181739
181740
181741
181742
181743
181744
181745
181746
181747
181748
181768
181769
181770
181771
181772
181832
181833
181834
181835
181836
181837
181838
181839
181840
181841
181842
181843
181844
181845
181846
181847
181848
181849
181850
181851
181852
181853
181854
181855
181856
181857
181858
181859
181860
181861
181862
181863
181864
181865
181866
181867
181868
181869
181889
181890
181891
181892
181953
181954
181955
181956
181957
181958
181959
181960
181961
181962
181963
181964
181965
181966
181967
181968
181969
181970
181971
181972
181973
181974
181975
181976
181977
181978
181979
181980
181981
181982
181983
181984
181985
181986
181987
181988
181989
181997
182009
182010
182011
182012
182074
182075
182076
182077
182078
182079
182080
182081
182082
182083
182084
182085
182086
182087
182088
182089
182090
182091
182092
182093
182094
182095
182096
182097
182098
182099
182100
182101
182102
182103
182104
182105
182106
182107
182108
182109
182117
182118
182129
182130
182131
182132
182133
182196
182197
182198
182199
182200
182201
182202
182203
182204
182205
182206
182207
182208
182209
182210
182211
182212
182213
182214
182215
182216
182217
182218
182219
182220
182221
182222
182223
182224
182225
182226
182227
182228
182229
182230
182236
182237
182238
182249
182250
182251
182252
182253
182320
182321
182322
182325
182326
182328
182329
182330
182331
182332
182333
182334
182335
182336
182337
182338
182339
182340
182341
182342
182343
182344
182345
182346
182347
182348
182349
182350
182356
182357
182358
182370
182371
182372
182451
182452
182453
182454
182455
182456
182457
182458
182459
182460
182461
182462
182463
182464
182465
182466
182467
182468
182469
182470
182476
182477
182478
182574
182575
182576
182577
182578
182579
182580
182581
182582
182583
182584
182585
182586
182587
182588
182589
182590
182591
182596
182597
182698
182699
182700
182701
182702
182703
182704
182705
182706
182707
182708
182709
182710
182711
182716
182717
182718
182821
182822
182823
182824
182825
182826
182827
182828
182829
182830
182831
182832
182836
182837
182838
182944
182945
182946
182947
182948
182949
182950
182951
182952
182953
182955
182956
182957
183066
183067
183068
183069
183070
183071
183072
183073
183074
183075
183077
183187
183188
183189
183190
183191
183192
183193
183194
183308
183309
183310
183311
183312
183313
183314
183429
183430
183431
183432
183433
183551
183552
190254
190370
190371
190372
190373
190374
190375
190376
190377
190378
190487
190488
190489
190490
190491
190492
190493
190494
190495
190496
190497
190498
190499
190500
190501
190605
190606
190607
190608
190609
190610
190611
190612
190613
190614
190615
190616
190617
190618
190619
190620
190621
190622
190623
190723
190724
190725
190726
190727
190728
190729
190730
190731
190732
190733
190734
190735
190736
190737
190738
190739
190740
190741
190742
190743
190744
190841
190842
190843
190844
190845
190846
190847
190848
190849
190850
190851
190852
190853
190854
190855
190856
190857
190858
190859
190860
190861
190862
190863
190864
190865
190959
190960
190961
190962
190963
190964
190965
190966
190967
190968
190969
190970
190971
190972
190973
190974
190975
190976
190977
190978
190979
190980
190981
190982
190983
190984
190985
191077
191078
191079
191080
191081
191082
191083
191084
191085
191086
191087
191088
191089
191090
191091
191092
191093
191094
191095
191096
191097
191098
191099
191100
191101
191102
191103
191104
191105
191196
191197
191198
191199
191200
191201
191202
191203
191204
191205
191206
191207
191208
191209
191210
191211
191212
191213
191214
191215
191216
191217
191218
191219
191220
191221
191222
191223
191224
191225
191226
191314
191315
191316
191317
191318
191319
191320
191321
191322
191323
191324
191325
191326
191327
191328
191329
191330
191331
191332
191333
191334
191335
191336
191337
191338
191339
191340
191341
191342
191343
191344
191345
191346
191433
191434
191435
191436
191437
191438
191439
191440
191441
191442
191443
191444
191445
191446
191447
191448
191449
191450
191451
191452
191453
191454
191455
191456
191457
191458
191459
191460
191461
191462
191463
191464
191465
191466
191552
191553
191554
191555
191556
191557
191558
191559
191560
191561
191562
191563
191564
191565
191566
191567
191568
191569
191570
191571
191572
191573
191574
191575
191576
191577
191578
191579
191580
191581
191582
191583
191584
191585
191586
191587
191671
191672
191673
191674
191675
191676
191677
191678
191679
191680
191681
191682
191683
191684
191685
191686
191687
191688
191689
191690
191691
191692
191693
191694
191695
191696
191697
191698
191699
191700
191701
191702
191703
191704
191705
191706
191707
191791
191792
191793
191794
191795
191796
191797
191798
191799
191800
191801
191802
191803
191804
191805
191806
191807
191808
191809
191810
191811
191812
191813
191814
191815
191816
191817
191818
191819
191820
191821
191822
191823
191824
191825
191826
191827
191910
191911
191912
191913
191914
191915
191916
191917
191918
191919
191920
191921
191922
191923
191924
191925
191926
191927
191928
191929
191930
191931
191932
191933
191934
191935
191936
191937
191938
191939
191940
191941
191942
191943
191944
191945
191946
191947
191948
192030
192031
192032
192033
192034
192035
192036
192037
192038
192039
192040
192041
192042
192043
192044
192045
192046
192047
192048
192049
192050
192051
192052
192053
192054
192055
192056
192057
192058
192059
192060
192061
192062
192063
192064
192065
192066
192067
192068
192069
192149
192150
192151
192152
192153
192154
192155
192156
192157
192158
192159
192160
192161
192162
192163
192164
192165
192166
192167
192168
192169
192170
192171
192172
192173
192174
192175
192176
192177
192178
192179
192180
192181
192182
192183
192184
192185
192186
192187
192188
192189
192190
192269
192270
192271
192272
192273
192274
192275
192276
192277
192278
192279
192280
192281
192282
192283
192284
192285
192286
192287
192288
192289
192290
192291
192292
192293
192294
192295
192296
192297
192298
192299
192300
192301
192302
192303
192304
192305
192306
192307
192308
192309
192310
192311
192388
192389
192390
192391
192392
192393
192394
192395
192396
192397
192398
192399
192400
192401
192402
192403
192404
192405
192406
192407
192408
192409
192410
192411
192412
192413
192414
192415
192416
192417
192418
192419
192420
192421
192422
192423
192424
192425
192426
192427
192428
192429
192430
192431
192432
192433
192434
192508
192509
192510
192511
192512
192513
192514
192515
192516
192517
192518
192519
192520
192521
192522
192523
192524
192525
192526
192527
192528
192529
192530
192531
192532
192533
192534
192535
192536
192537
192538
192539
192540
192541
192542
192543
192544
192545
192546
192547
192548
192549
192550
192551
192552
192553
192554
192555
192556
192557
192559
192560
192561
192562
192563
192564
192628
192629
192630
192631
192632
192633
192634
192635
192636
192637
192638
192639
192640
192641
192642
192643
192644
192645
192646
192647
192648
192649
192650
192651
192652
192653
192654
192655
192656
192657
192658
192659
192660
192661
192662
192663
192664
192665
192666
192667
192668
192669
192670
192671
192672
192673
192674
192675
192676
192677
192678
192679
192680
192681
192682
192683
192684
192685
192686
192748
192749
192750
192751
192752
192753
192754
192755
192756
192757
192758
192759
192760
192761
192762
192763
192764
192765
192766
192767
192768
192769
192770
192771
192772
192773
192774
192775
192776
192777
192778
192779
192780
192781
192782
192783
192784
192785
192786
192787
192788
192789
192790
192791
192792
192793
192794
192795
192796
192797
192798
192799
192800
192801
192802
192803
192804
192805
192806
192807
192808
192867
192868
192869
192870
192871
192872
192873
192874
192875
192876
192877
192878
192879
192880
192881
192882
192883
192884
192885
192886
192887
192888
192889
192890
192891
192892
192893
192894
192895
192896
192897
192898
192899
192900
192901
192902
192903
192904
192905
192906
192907
192908
192909
192910
192911
192912
192913
192914
192915
192916
192917
192918
192919
192920
192921
192922
192923
192924
192925
192926
192927
192928
192929
192987
192988
192989
192990
192991
192992
192993
192994
192995
192996
192997
192998
192999
193000
193001
193002
193003
193004
193005
193006
193007
193008
193009
193010
193011
193012
193013
193014
193015
193016
193017
193018
193019
193020
193021
193022
193023
193024
193025
193026
193027
193028
193029
193030
193031
193032
193033
193034
193035
193036
193037
193038
193039
193040
193041
193042
193043
193044
193045
193046
193047
193048
193049
193050
193051
193052
193107
193108
193109
193110
193111
193112
193113
193114
193115
193116
193117
193118
193119
193120
193121
193122
193123
193124
193125
193126
193127
193128
193129
193130
193131
193132
193133
193134
193135
193136
193137
193138
193139
193140
193141
193142
193143
193144
193145
193146
193147
193148
193149
193150
193151
193152
193153
193154
193155
193156
193157
193158
193159
193160
193161
193162
193163
193164
193165
193166
193167
193168
193169
193170
193171
193172
193173
193174
193175
193227
193228
193229
193230
193231
193232
193233
193234
193235
193236
193237
193238
193239
193240
193241
193242
193243
193244
193245
193246
193247
193248
193249
193250
193251
193252
193253
193254
193255
193256
193257
193258
193259
193260
193261
193262
193263
193264
193265
193266
193267
193268
193269
193270
193271
193272
193273
193274
193275
193276
193277
193278
193279
193280
193281
193282
193283
193284
193285
193286
193287
193288
193289
193290
193291
193292
193293
193294
193295
193296
193297
193298
193299
193300
193301
193302
193346
193347
193348
193349
193350
193351
193352
193353
193354
193355
193356
193357
193358
193359
193360
193361
193362
193363
193364
193365
193366
193367
193368
193369
193370
193371
193372
193373
193374
193375
193376
193377
193378
193379
193380
193381
193382
193383
193384
193385
193386
193387
193388
193389
193390
193391
193392
193393
193394
193395
193396
193397
193398
193399
193400
193401
193402
193403
193404
193405
193406
193407
193408
193409
193410
193411
193412
193413
193414
193415
193416
193417
193418
193419
193420
193421
193422
193466
193467
193468
193469
193470
193471
193472
193473
193474
193475
193476
193477
193478
193479
193480
193481
193482
193483
193484
193485
193486
193487
193488
193489
193490
193491
193492
193493
193494
193495
193496
193497
193498
193499
193500
193501
193502
193503
193504
193505
193506
193507
193508
193509
193510
193511
193512
193513
193514
193515
193516
193517
193518
193519
193520
193521
193522
193523
193524
193525
193526
193527
193528
193529
193530
193531
193532
193533
193534
193535
193536
193537
193538
193539
193540
193541
193542
193543
193586
193587
193588
193589
193590
193591
193592
193593
193594
193595
193596
193597
193598
193599
193600
193601
193602
193603
193604
193605
193606
193607
193608
193609
193610
193611
193612
193613
193614
193615
193616
193617
193618
193619
193620
193621
193622
193623
193624
193625
193626
193627
193628
193629
193630
193631
193632
193633
193634
193635
193636
193637
193638
193639
193640
193641
193642
193643
193644
193645
193646
193647
193648
193649
193650
193651
193652
193653
193654
193655
193656
193657
193658
193659
193660
193661
193662
193663
193706
193707
193708
193709
193710
193711
193712
193713
193714
193715
193716
193717
193718
193719
193720
193721
193722
193723
193724
193725
193726
193727
193728
193729
193730
193731
193732
193733
193734
193735
193736
193737
193738
193739
193740
193741
193742
193743
193744
193745
193746
193747
193748
193749
193750
193751
193752
193753
193754
193755
193756
193757
193758
193759
193760
193761
193762
193763
193764
193765
193766
193767
193768
193769
193770
193771
193772
193773
193774
193775
193776
193777
193778
193779
193780
193781
193782
193783
193827
193828
193829
193830
193831
193832
193833
193834
193835
193836
193837
193838
193839
193840
193841
193842
193843
193844
193845
193846
193847
193848
193849
193850
193851
193852
193853
193854
193855
193856
193857
193858
193859
193860
193861
193862
193863
193864
193865
193866
193867
193868
193869
193870
193871
193872
193873
193874
193875
193876
193877
193878
193879
193880
193881
193882
193883
193884
193885
193886
193887
193888
193889
193890
193891
193892
193893
193894
193895
193896
193897
193898
193899
193900
193901
193902
193903
193904
193947
193948
193949
193950
193951
193952
193953
193954
193955
193956
193957
193958
193959
193960
193961
193962
193963
193964
193965
193966
193967
193968
193969
193970
193971
193972
193973
193974
193975
193976
193977
193978
193979
193980
193981
193982
193983
193984
193985
193986
193987
193988
193989
193990
193991
193992
193993
193994
193995
193996
193997
193998
193999
194000
194001
194002
194003
194004
194005
194006
194007
194008
194009
194010
194011
194012
194013
194014
194015
194016
194017
194018
194019
194020
194021
194022
194023
194024
194067
194068
194069
194070
194071
194072
194073
194074
194075
194076
194077
194078
194079
194080
194081
194082
194083
194084
194085
194086
194087
194088
194089
194090
194091
194092
194093
194094
194095
194096
194097
194098
194099
194100
194101
194102
194103
194104
194105
194106
194107
194108
194109
194110
194111
194112
194113
194114
194115
194116
194117
194118
194119
194120
194121
194122
194123
194124
194125
194126
194127
194128
194129
194130
194131
194132
194133
194134
194135
194136
194137
194138
194139
194140
194141
194142
194143
194144
194187
194188
194189
194190
194191
194192
194193
194194
194195
194196
194197
194198
194199
194200
194201
194202
194203
194204
194205
194206
194207
194208
194209
194210
194211
194212
194213
194214
194215
194216
194217
194218
194219
194220
194221
194222
194223
194224
194225
194226
194227
194228
194229
194230
194231
194232
194233
194234
194235
194236
194237
194238
194239
194240
194241
194242
194243
194244
194245
194246
194247
194248
194249
194250
194251
194252
194253
194254
194255
194256
194257
194258
194259
194260
194261
194262
194263
194264
194308
194309
194310
194311
194312
194313
194314
194315
194316
194317
194318
194319
194320
194321
194322
194323
194324
194325
194326
194327
194328
194329
194330
194331
194332
194333
194334
194335
194336
194337
194338
194339
194340
194341
194342
194343
194344
194345
194346
194347
194348
194349
194350
194351
194352
194353
194354
194355
194356
194357
194358
194359
194360
194361
194362
194363
194364
194365
194366
194367
194368
194369
194370
194371
194372
194373
194374
194375
194376
194381
194382
194383
194428
194429
194430
194431
194432
194433
194434
194435
194436
194437
194438
194439
194440
194441
194442
194443
194444
194445
194446
194447
194448
194449
194450
194451
194452
194453
194454
194455
194456
194457
194458
194459
194460
194461
194462
194463
194464
194465
194466
194467
194468
194469
194470
194471
194472
194473
194474
194475
194476
194477
194478
194479
194480
194481
194482
194483
194484
194485
194486
194487
194488
194489
194490
194491
194492
194493
194494
194495
194496
194497
194498
194499
194500
194501
194502
194503
194548
194549
194550
194551
194552
194553
194554
194555
194556
194557
194558
194559
194560
194561
194562
194563
194564
194565
194566
194567
194568
194569
194570
194571
194572
194573
194574
194575
194576
194577
194578
194579
194580
194581
194582
194583
194584
194585
194586
194587
194588
194589
194590
194591
194592
194593
194594
194595
194596
194597
194598
194599
194600
194601
194602
194603
194604
194605
194606
194607
194608
194609
194610
194611
194612
194613
194614
194615
194616
194617
194618
194619
194620
194621
194622
194623
194669
194670
194671
194672
194673
194674
194675
194676
194677
194678
194679
194680
194681
194682
194683
194684
194685
194686
194687
194688
194689
194690
194691
194692
194693
194694
194695
194696
194697
194698
194699
194700
194701
194702
194703
194704
194705
194706
194707
194708
194709
194710
194711
194712
194713
194714
194715
194716
194717
194718
194719
194720
194721
194722
194723
194724
194725
194726
194727
194728
194729
194730
194731
194732
194733
194734
194735
194736
194737
194738
194739
194740
194741
194742
194743
194790
194791
194792
194793
194794
194795
194796
194797
194798
194799
194800
194801
194802
194803
194804
194805
194806
194807
194808
194809
194810
194811
194812
194813
194814
194815
194816
194817
194818
194819
194820
194821
194822
194823
194824
194825
194826
194827
194828
194829
194830
194831
194832
194833
194834
194835
194836
194837
194838
194839
194840
194841
194842
194843
194844
194845
194846
194847
194848
194849
194850
194851
194852
194853
194854
194855
194856
194857
194858
194859
194860
194861
194862
194863
194910
194911
194912
194913
194914
194915
194916
194917
194918
194919
194920
194921
194922
194923
194924
194925
194926
194927
194928
194929
194930
194931
194932
194933
194934
194935
194936
194937
194938
194939
194940
194941
194942
194943
194944
194945
194946
194947
194948
194949
194950
194951
194952
194953
194954
194955
194956
194957
194958
194959
194960
194961
194962
194963
194964
194965
194966
194967
194968
194969
194970
194971
194972
194973
194974
194975
194976
194977
194978
194979
194980
194981
194982
194983
195031
195032
195033
195034
195035
195036
195037
195038
195039
195040
195041
195042
195043
195044
195045
195046
195047
195048
195049
195050
195051
195052
195053
195054
195055
195056
195057
195058
195059
195060
195061
195062
195063
195064
195065
195066
195067
195068
195069
195070
195071
195072
195073
195074
195075
195076
195077
195078
195079
195080
195081
195082
195083
195084
195085
195086
195087
195088
195089
195090
195091
195092
195093
195094
195095
195096
195097
195098
195099
195100
195101
195102
195151
195152
195153
195154
195155
195156
195157
195158
195159
195160
195161
195162
195163
195164
195165
195166
195167
195168
195169
195170
195171
195172
195173
195174
195175
195176
195177
195178
195179
195180
195181
195182
195183
195184
195185
195186
195187
195188
195189
195190
195191
195192
195193
195194
195195
195196
195197
195198
195199
195200
195201
195202
195203
195204
195205
195206
195207
195208
195209
195210
195211
195212
195213
195214
195215
195216
195217
195218
195219
195220
195221
195271
195272
195273
195274
195275
195276
195277
195278
195279
195280
195281
195282
195283
195284
195285
195286
195287
195288
195289
195290
195291
195292
195293
195294
195295
195296
195297
195298
195299
195300
195301
195302
195303
195304
195305
195306
195307
195308
195309
195310
195311
195312
195313
195314
195315
195316
195317
195318
195319
195320
195321
195322
195323
195324
195325
195326
195327
195328
195329
195330
195331
195332
195333
195334
195335
195336
195337
195338
195339
195391
195392
195393
195394
195395
195396
195397
195398
195399
195400
195401
195402
195403
195404
195405
195406
195407
195408
195409
195410
195411
195412
195413
195414
195415
195416
195417
195418
195419
195420
195421
195422
195423
195424
195425
195426
195427
195428
195429
195430
195431
195432
195433
195434
195435
195436
195437
195438
195439
195440
195441
195442
195443
195444
195445
195446
195447
195448
195449
195450
195451
195452
195453
195454
195455
195456
195511
195512
195513
195514
195515
195516
195517
195518
195519
195520
195521
195522
195523
195524
195525
195526
195527
195528
195529
195530
195531
195532
195533
195534
195535
195536
195537
195538
195539
195540
195541
195542
195543
195544
195545
195546
195547
195548
195549
195550
195551
195552
195553
195554
195555
195556
195557
195558
195559
195560
195561
195562
195563
195564
195565
195566
195567
195568
195569
195570
195571
195572
195573
195630
195631
195632
195633
195634
195635
195636
195637
195638
195639
195640
195641
195642
195643
195644
195645
195646
195647
195648
195649
195650
195651
195652
195653
195654
195655
195656
195657
195658
195659
195660
195661
195662
195663
195664
195665
195666
195667
195668
195669
195670
195671
195672
195673
195674
195675
195676
195677
195678
195679
195680
195681
195682
195683
195684
195685
195687
195688
195689
195690
195691
195692
195693
195750
195751
195752
195753
195754
195755
195756
195757
195758
195759
195760
195761
195762
195763
195764
195765
195766
195767
195768
195769
195770
195771
195772
195773
195774
195775
195776
195777
195778
195779
195780
195781
195782
195783
195784
195785
195786
195787
195788
195789
195790
195791
195792
195793
195794
195795
195796
195797
195798
195802
195808
195809
195810
195811
195812
195870
195871
195872
195873
195874
195875
195876
195877
195878
195879
195880
195881
195882
195883
195884
195885
195886
195887
195888
195889
195890
195891
195892
195893
195894
195895
195896
195897
195898
195899
195900
195901
195902
195903
195904
195905
195906
195907
195908
195909
195910
195912
195913
195914
195915
195916
195917
195927
195928
195929
195930
195931
195932
195990
195991
195992
195993
195994
195995
195996
195997
195998
195999
196000
196001
196002
196003
196004
196005
196006
196007
196008
196009
196010
196011
196012
196013
196014
196015
196016
196017
196018
196019
196020
196021
196022
196023
196024
196025
196026
196027
196028
196029
196047
196048
196049
196050
196051
196052
196110
196111
196112
196113
196114
196115
196116
196117
196118
196119
196120
196121
196122
196123
196124
196125
196126
196127
196128
196129
196130
196131
196132
196133
196134
196135
196136
196137
196138
196139
196140
196141
196142
196143
196144
196145
196146
196147
196148
196149
196167
196168
196169
196170
196171
196172
196173
196231
196232
196233
196234
196235
196236
196237
196238
196239
196240
196241
196242
196243
196244
196245
196246
196247
196248
196249
196250
196251
196252
196253
196254
196255
196256
196257
196258
196259
196260
196261
196262
196263
196264
196265
196266
196267
196268
196269
196270
196277
196278
196287
196288
196289
196290
196291
196292
196293
196351
196352
196353
196354
196355
196356
196357
196358
196359
196360
196361
196362
196363
196364
196365
196366
196367
196368
196369
196370
196371
196372
196373
196374
196375
196376
196377
196378
196379
196380
196381
196382
196383
196384
196385
196386
196387
196388
196389
196390
196396
196397
196398
196407
196408
196409
196410
196411
196412
196413
196472
196473
196474
196475
196476
196477
196478
196479
196480
196481
196482
196483
196484
196485
196486
196487
196488
196489
196490
196491
196492
196493
196494
196495
196496
196497
196498
196499
196500
196501
196502
196503
196504
196505
196506
196507
196508
196509
196510
196515
196516
196517
196518
196519
196528
196529
196530
196531
196532
196533
196534
196594
196595
196596
196597
196598
196599
196600
196601
196602
196603
196604
196605
196606
196607
196608
196609
196610
196611
196612
196613
196614
196615
196616
196617
196618
196619
196620
196621
196622
196623
196624
196625
196626
196627
196628
196629
196630
196631
196635
196636
196637
196638
196639
196648
196649
196650
196651
196652
196653
196654
196716
196717
196718
196719
196720
196721
196722
196723
196724
196725
196726
196727
196728
196729
196730
196731
196732
196733
196734
196735
196736
196737
196738
196739
196740
196741
196742
196743
196744
196745
196746
196747
196748
196749
196750
196751
196755
196756
196757
196758
196759
196769
196770
196771
196772
196773
196774
196840
196841
196842
196845
196846
196848
196849
196850
196851
196852
196853
196854
196855
196856
196857
196858
196859
196860
196861
196862
196863
196864
196865
196866
196867
196868
196869
196870
196871
196875
196876
196877
196878
196879
196890
196891
196892
196893
196971
196972
196973
196974
196975
196976
196977
196978
196979
196980
196981
196982
196983
196984
196985
196986
196987
196988
196989
196990
196991
196992
196995
196996
196997
196998
197094
197095
197096
197097
197098
197099
197100
197101
197102
197103
197104
197105
197106
197107
197108
197109
197110
197111
197112
197115
197116
197117
197118
197119
197218
197219
197220
197221
197222
197223
197224
197225
197226
197227
197228
197229
197230
197231
197232
197233
197235
197236
197237
197238
197239
197341
197342
197343
197344
197345
197346
197347
197348
197349
197350
197351
197352
197353
197354
197355
197356
197357
197358
197464
197465
197466
197467
197468
197469
197470
197471
197472
197473
197474
197475
197476
197477
197478
197586
197587
197588
197589
197590
197591
197592
197593
197594
197595
197597
197707
197708
197709
197710
197711
197712
197713
197714
197715
197828
197829
197830
197831
197832
197833
197834
197949
197950
197951
197952
197953
198071
198072
204534
204650
204651
204652
204653
204654
204655
204656
204657
204658
204767
204768
204769
204770
204771
204772
204773
204774
204775
204776
204777
204778
204779
204780
204781
204884
204885
204886
204887
204888
204889
204890
204891
204892
204893
204894
204895
204896
204897
204898
204899
204900
204901
204902
204903
205003
205004
205005
205006
205007
205008
205009
205010
205011
205012
205013
205014
205015
205016
205017
205018
205019
205020
205021
205022
205023
205024
205025
205121
205122
205123
205124
205125
205126
205127
205128
205129
205130
205131
205132
205133
205134
205135
205136
205137
205138
205139
205140
205141
205142
205143
205144
205145
205239
205240
205241
205242
205243
205244
205245
205246
205247
205248
205249
205250
205251
205252
205253
205254
205255
205256
205257
205258
205259
205260
205261
205262
205263
205264
205265
205266
205357
205358
205359
205360
205361
205362
205363
205364
205365
205366
205367
205368
205369
205370
205371
205372
205373
205374
205375
205376
205377
205378
205379
205380
205381
205382
205383
205384
205385
205386
205475
205476
205477
205478
205479
205480
205481
205482
205483
205484
205485
205486
205487
205488
205489
205490
205491
205492
205493
205494
205495
205496
205497
205498
205499
205500
205501
205502
205503
205504
205505
205506
205594
205595
205596
205597
205598
205599
205600
205601
205602
205603
205604
205605
205606
205607
205608
205609
205610
205611
205612
205613
205614
205615
205616
205617
205618
205619
205620
205621
205622
205623
205624
205625
205626
205627
205713
205714
205715
205716
205717
205718
205719
205720
205721
205722
205723
205724
205725
205726
205727
205728
205729
205730
205731
205732
205733
205734
205735
205736
205737
205738
205739
205740
205741
205742
205743
205744
205745
205746
205747
205832
205833
205834
205835
205836
205837
205838
205839
205840
205841
205842
205843
205844
205845
205846
205847
205848
205849
205850
205851
205852
205853
205854
205855
205856
205857
205858
205859
205860
205861
205862
205863
205864
205865
205866
205867
205951
205952
205953
205954
205955
205956
205957
205958
205959
205960
205961
205962
205963
205964
205965
205966
205967
205968
205969
205970
205971
205972
205973
205974
205975
205976
205977
205978
205979
205980
205981
205982
205983
205984
205985
205986
205987
205988
206070
206071
206072
206073
206074
206075
206076
206077
206078
206079
206080
206081
206082
206083
206084
206085
206086
206087
206088
206089
206090
206091
206092
206093
206094
206095
206096
206097
206098
206099
206100
206101
206102
206103
206104
206105
206106
206107
206108
206190
206191
206192
206193
206194
206195
206196
206197
206198
206199
206200
206201
206202
206203
206204
206205
206206
206207
206208
206209
206210
206211
206212
206213
206214
206215
206216
206217
206218
206219
206220
206221
206222
206223
206224
206225
206226
206227
206228
206309
206310
206311
206312
206313
206314
206315
206316
206317
206318
206319
206320
206321
206322
206323
206324
206325
206326
206327
206328
206329
206330
206331
206332
206333
206334
206335
206336
206337
206338
206339
206340
206341
206342
206343
206344
206345
206346
206347
206348
206349
206428
206429
206430
206431
206432
206433
206434
206435
206436
206437
206438
206439
206440
206441
206442
206443
206444
206445
206446
206447
206448
206449
206450
206451
206452
206453
206454
206455
206456
206457
206458
206459
206460
206461
206462
206463
206464
206465
206466
206467
206468
206469
206470
206548
206549
206550
206551
206552
206553
206554
206555
206556
206557
206558
206559
206560
206561
206562
206563
206564
206565
206566
206567
206568
206569
206570
206571
206572
206573
206574
206575
206576
206577
206578
206579
206580
206581
206582
206583
206584
206585
206586
206587
206588
206589
206590
206591
206668
206669
206670
206671
206672
206673
206674
206675
206676
206677
206678
206679
206680
206681
206682
206683
206684
206685
206686
206687
206688
206689
206690
206691
206692
206693
206694
206695
206696
206697
206698
206699
206700
206701
206702
206703
206704
206705
206706
206707
206708
206709
206710
206711
206712
206713
206714
206787
206788
206789
206790
206791
206792
206793
206794
206795
206796
206797
206798
206799
206800
206801
206802
206803
206804
206805
206806
206807
206808
206809
206810
206811
206812
206813
206814
206815
206816
206817
206818
206819
206820
206821
206822
206823
206824
206825
206826
206827
206828
206829
206830
206831
206832
206833
206834
206835
206836
206837
206839
206840
206841
206842
206843
206844
206907
206908
206909
206910
206911
206912
206913
206914
206915
206916
206917
206918
206919
206920
206921
206922
206923
206924
206925
206926
206927
206928
206929
206930
206931
206932
206933
206934
206935
206936
206937
206938
206939
206940
206941
206942
206943
206944
206945
206946
206947
206948
206949
206950
206951
206952
206953
206954
206955
206956
206957
206958
206959
206960
206961
206962
206963
206964
206965
206966
207027
207028
207029
207030
207031
207032
207033
207034
207035
207036
207037
207038
207039
207040
207041
207042
207043
207044
207045
207046
207047
207048
207049
207050
207051
207052
207053
207054
207055
207056
207057
207058
207059
207060
207061
207062
207063
207064
207065
207066
207067
207068
207069
207070
207071
207072
207073
207074
207075
207076
207077
207078
207079
207080
207081
207082
207083
207084
207085
207086
207087
207088
207147
207148
207149
207150
207151
207152
207153
207154
207155
207156
207157
207158
207159
207160
207161
207162
207163
207164
207165
207166
207167
207168
207169
207170
207171
207172
207173
207174
207175
207176
207177
207178
207179
207180
207181
207182
207183
207184
207185
207186
207187
207188
207189
207190
207191
207192
207193
207194
207195
207196
207197
207198
207199
207200
207201
207202
207203
207204
207205
207206
207207
207208
207209
207266
207267
207268
207269
207270
207271
207272
207273
207274
207275
207276
207277
207278
207279
207280
207281
207282
207283
207284
207285
207286
207287
207288
207289
207290
207291
207292
207293
207294
207295
207296
207297
207298
207299
207300
207301
207302
207303
207304
207305
207306
207307
207308
207309
207310
207311
207312
207313
207314
207315
207316
207317
207318
207319
207320
207321
207322
207323
207324
207325
207326
207327
207328
207329
207330
207331
207332
207386
207387
207388
207389
207390
207391
207392
207393
207394
207395
207396
207397
207398
207399
207400
207401
207402
207403
207404
207405
207406
207407
207408
207409
207410
207411
207412
207413
207414
207415
207416
207417
207418
207419
207420
207421
207422
207423
207424
207425
207426
207427
207428
207429
207430
207431
207432
207433
207434
207435
207436
207437
207438
207439
207440
207441
207442
207443
207444
207445
207446
207447
207448
207449
207450
207451
207452
207453
207454
207455
207506
207507
207508
207509
207510
207511
207512
207513
207514
207515
207516
207517
207518
207519
207520
207521
207522
207523
207524
207525
207526
207527
207528
207529
207530
207531
207532
207533
207534
207535
207536
207537
207538
207539
207540
207541
207542
207543
207544
207545
207546
207547
207548
207549
207550
207551
207552
207553
207554
207555
207556
207557
207558
207559
207560
207561
207562
207563
207564
207565
207566
207567
207568
207569
207570
207571
207572
207573
207574
207575
207576
207577
207578
207579
207580
207581
207582
207626
207627
207628
207629
207630
207631
207632
207633
207634
207635
207636
207637
207638
207639
207640
207641
207642
207643
207644
207645
207646
207647
207648
207649
207650
207651
207652
207653
207654
207655
207656
207657
207658
207659
207660
207661
207662
207663
207664
207665
207666
207667
207668
207669
207670
207671
207672
207673
207674
207675
207676
207677
207678
207679
207680
207681
207682
207683
207684
207685
207686
207687
207688
207689
207690
207691
207692
207693
207694
207695
207696
207697
207698
207699
207700
207701
207702
207703
207745
207746
207747
207748
207749
207750
207751
207752
207753
207754
207755
207756
207757
207758
207759
207760
207761
207762
207763
207764
207765
207766
207767
207768
207769
207770
207771
207772
207773
207774
207775
207776
207777
207778
207779
207780
207781
207782
207783
207784
207785
207786
207787
207788
207789
207790
207791
207792
207793
207794
207795
207796
207797
207798
207799
207800
207801
207802
207803
207804
207805
207806
207807
207808
207809
207810
207811
207812
207813
207814
207815
207816
207817
207818
207819
207820
207821
207822
207823
207865
207866
207867
207868
207869
207870
207871
207872
207873
207874
207875
207876
207877
207878
207879
207880
207881
207882
207883
207884
207885
207886
207887
207888
207889
207890
207891
207892
207893
207894
207895
207896
207897
207898
207899
207900
207901
207902
207903
207904
207905
207906
207907
207908
207909
207910
207911
207912
207913
207914
207915
207916
207917
207918
207919
207920
207921
207922
207923
207924
207925
207926
207927
207928
207929
207930
207931
207932
207933
207934
207935
207936
207937
207938
207939
207940
207941
207942
207943
207944
207985
207986
207987
207988
207989
207990
207991
207992
207993
207994
207995
207996
207997
207998
207999
208000
208001
208002
208003
208004
208005
208006
208007
208008
208009
208010
208011
208012
208013
208014
208015
208016
208017
208018
208019
208020
208021
208022
208023
208024
208025
208026
208027
208028
208029
208030
208031
208032
208033
208034
208035
208036
208037
208038
208039
208040
208041
208042
208043
208044
208045
208046
208047
208048
208049
208050
208051
208052
208053
208054
208055
208056
208057
208058
208059
208060
208061
208062
208063
208064
208105
208106
208107
208108
208109
208110
208111
208112
208113
208114
208115
208116
208117
208118
208119
208120
208121
208122
208123
208124
208125
208126
208127
208128
208129
208130
208131
208132
208133
208134
208135
208136
208137
208138
208139
208140
208141
208142
208143
208144
208145
208146
208147
208148
208149
208150
208151
208152
208153
208154
208155
208156
208157
208158
208159
208160
208161
208162
208163
208164
208165
208166
208167
208168
208169
208170
208171
208172
208173
208174
208175
208176
208177
208178
208179
208180
208181
208182
208183
208184
208226
208227
208228
208229
208230
208231
208232
208233
208234
208235
208236
208237
208238
208239
208240
208241
208242
208243
208244
208245
208246
208247
208248
208249
208250
208251
208252
208253
208254
208255
208256
208257
208258
208259
208260
208261
208262
208263
208264
208265
208266
208267
208268
208269
208270
208271
208272
208273
208274
208275
208276
208277
208278
208279
208280
208281
208282
208283
208284
208285
208286
208287
208288
208289
208290
208291
208292
208293
208294
208295
208296
208297
208298
208299
208300
208301
208302
208303
208304
208305
208346
208347
208348
208349
208350
208351
208352
208353
208354
208355
208356
208357
208358
208359
208360
208361
208362
208363
208364
208365
208366
208367
208368
208369
208370
208371
208372
208373
208374
208375
208376
208377
208378
208379
208380
208381
208382
208383
208384
208385
208386
208387
208388
208389
208390
208391
208392
208393
208394
208395
208396
208397
208398
208399
208400
208401
208402
208403
208404
208405
208406
208407
208408
208409
208410
208411
208412
208413
208414
208415
208416
208417
208418
208419
208420
208421
208422
208423
208424
208425
208466
208467
208468
208469
208470
208471
208472
208473
208474
208475
208476
208477
208478
208479
208480
208481
208482
208483
208484
208485
208486
208487
208488
208489
208490
208491
208492
208493
208494
208495
208496
208497
208498
208499
208500
208501
208502
208503
208504
208505
208506
208507
208508
208509
208510
208511
208512
208513
208514
208515
208516
208517
208518
208519
208520
208521
208522
208523
208524
208525
208526
208527
208528
208529
208530
208531
208532
208533
208534
208535
208536
208537
208538
208539
208540
208541
208542
208543
208544
208545
208586
208587
208588
208589
208590
208591
208592
208593
208594
208595
208596
208597
208598
208599
208600
208601
208602
208603
208604
208605
208606
208607
208608
208609
208610
208611
208612
208613
208614
208615
208616
208617
208618
208619
208620
208621
208622
208623
208624
208625
208626
208627
208628
208629
208630
208631
208632
208633
208634
208635
208636
208637
208638
208639
208640
208641
208642
208643
208644
208645
208646
208647
208648
208649
208650
208651
208652
208653
208654
208655
208656
208657
208658
208659
208660
208661
208662
208663
208664
208665
208707
208708
208709
208710
208711
208712
208713
208714
208715
208716
208717
208718
208719
208720
208721
208722
208723
208724
208725
208726
208727
208728
208729
208730
208731
208732
208733
208734
208735
208736
208737
208738
208739
208740
208741
208742
208743
208744
208745
208746
208747
208748
208749
208750
208751
208752
208753
208754
208755
208756
208757
208758
208759
208760
208761
208762
208763
208764
208765
208766
208767
208768
208769
208770
208771
208772
208773
208774
208775
208776
208777
208778
208779
208780
208781
208782
208783
208784
208827
208828
208829
208830
208831
208832
208833
208834
208835
208836
208837
208838
208839
208840
208841
208842
208843
208844
208845
208846
208847
208848
208849
208850
208851
208852
208853
208854
208855
208856
208857
208858
208859
208860
208861
208862
208863
208864
208865
208866
208867
208868
208869
208870
208871
208872
208873
208874
208875
208876
208877
208878
208879
208880
208881
208882
208883
208884
208885
208886
208887
208888
208889
208890
208891
208892
208893
208894
208895
208896
208897
208898
208899
208900
208901
208902
208903
208904
208947
208948
208949
208950
208951
208952
208953
208954
208955
208956
208957
208958
208959
208960
208961
208962
208963
208964
208965
208966
208967
208968
208969
208970
208971
208972
208973
208974
208975
208976
208977
208978
208979
208980
208981
208982
208983
208984
208985
208986
208987
208988
208989
208990
208991
208992
208993
208994
208995
208996
208997
208998
208999
209000
209001
209002
209003
209004
209005
209006
209007
209008
209009
209010
209011
209012
209013
209014
209015
209016
209017
209018
209019
209020
209021
209022
209023
209024
209068
209069
209070
209071
209072
209073
209074
209075
209076
209077
209078
209079
209080
209081
209082
209083
209084
209085
209086
209087
209088
209089
209090
209091
209092
209093
209094
209095
209096
209097
209098
209099
209100
209101
209102
209103
209104
209105
209106
209107
209108
209109
209110
209111
209112
209113
209114
209115
209116
209117
209118
209119
209120
209121
209122
209123
209124
209125
209126
209127
209128
209129
209130
209131
209132
209133
209134
209135
209136
209137
209138
209139
209140
209141
209142
209143
209144
209188
209189
209190
209191
209192
209193
209194
209195
209196
209197
209198
209199
209200
209201
209202
209203
209204
209205
209206
209207
209208
209209
209210
209211
209212
209213
209214
209215
209216
209217
209218
209219
209220
209221
209222
209223
209224
209225
209226
209227
209228
209229
209230
209231
209232
209233
209234
209235
209236
209237
209238
209239
209240
209241
209242
209243
209244
209245
209246
209247
209248
209249
209250
209251
209252
209253
209254
209255
209256
209257
209258
209259
209260
209261
209262
209263
209264
209309
209310
209311
209312
209313
209314
209315
209316
209317
209318
209319
209320
209321
209322
209323
209324
209325
209326
209327
209328
209329
209330
209331
209332
209333
209334
209335
209336
209337
209338
209339
209340
209341
209342
209343
209344
209345
209346
209347
209348
209349
209350
209351
209352
209353
209354
209355
209356
209357
209358
209359
209360
209361
209362
209363
209364
209365
209366
209367
209368
209369
209370
209371
209372
209373
209374
209375
209376
209377
209378
209379
209380
209381
209382
209383
209384
209430
209431
209432
209433
209434
209435
209436
209437
209438
209439
209440
209441
209442
209443
209444
209445
209446
209447
209448
209449
209450
209451
209452
209453
209454
209455
209456
209457
209458
209459
209460
209461
209462
209463
209464
209465
209466
209467
209468
209469
209470
209471
209472
209473
209474
209475
209476
209477
209478
209479
209480
209481
209482
209483
209484
209485
209486
209487
209488
209489
209490
209491
209492
209493
209494
209495
209496
209497
209498
209499
209500
209501
209502
209503
209550
209551
209552
209553
209554
209555
209556
209557
209558
209559
209560
209561
209562
209563
209564
209565
209566
209567
209568
209569
209570
209571
209572
209573
209574
209575
209576
209577
209578
209579
209580
209581
209582
209583
209584
209585
209586
209587
209588
209589
209590
209591
209592
209593
209594
209595
209596
209597
209598
209599
209600
209601
209602
209603
209604
209605
209606
209607
209608
209609
209610
209611
209612
209613
209614
209615
209616
209617
209618
209619
209620
209621
209622
209670
209671
209672
209673
209674
209675
209676
209677
209678
209679
209680
209681
209682
209683
209684
209685
209686
209687
209688
209689
209690
209691
209692
209693
209694
209695
209696
209697
209698
209699
209700
209701
209702
209703
209704
209705
209706
209707
209708
209709
209710
209711
209712
209713
209714
209715
209716
209717
209718
209719
209720
209721
209722
209723
209724
209725
209726
209727
209728
209729
209730
209731
209732
209733
209734
209735
209736
209737
209738
209739
209740
209741
209790
209791
209792
209793
209794
209795
209796
209797
209798
209799
209800
209801
209802
209803
209804
209805
209806
209807
209808
209809
209810
209811
209812
209813
209814
209815
209816
209817
209818
209819
209820
209821
209822
209823
209824
209825
209826
209827
209828
209829
209830
209831
209832
209833
209834
209835
209836
209837
209838
209839
209840
209841
209842
209843
209844
209845
209846
209847
209848
209849
209850
209851
209852
209853
209854
209855
209856
209857
209858
209859
209910
209911
209912
209913
209914
209915
209916
209917
209918
209919
209920
209921
209922
209923
209924
209925
209926
209927
209928
209929
209930
209931
209932
209933
209934
209935
209936
209937
209938
209939
209940
209941
209942
209943
209944
209945
209946
209947
209948
209949
209950
209951
209952
209953
209954
209955
209956
209957
209958
209959
209960
209961
209962
209963
209964
209965
209966
209967
209968
209969
209970
209971
209972
209973
209974
209975
209976
210029
210030
210031
210032
210033
210034
210035
210036
210037
210038
210039
210040
210041
210042
210043
210044
210045
210046
210047
210048
210049
210050
210051
210052
210053
210054
210055
210056
210057
210058
210059
210060
210061
210062
210063
210064
210065
210066
210067
210068
210069
210070
210071
210072
210073
210074
210075
210076
210077
210078
210079
210080
210081
210082
210083
210084
210085
210086
210087
210088
210089
210090
210091
210092
210093
210094
210149
210150
210151
210152
210153
210154
210155
210156
210157
210158
210159
210160
210161
210162
210163
210164
210165
210166
210167
210168
210169
210170
210171
210172
210173
210174
210175
210176
210177
210178
210179
210180
210181
210182
210183
210184
210185
210186
210187
210188
210189
210190
210191
210192
210193
210194
210195
210196
210197
210198
210199
210200
210201
210202
210203
210204
210205
210206
210207
210208
210209
210210
210211
210212
210213
210269
210270
210271
210272
210273
210274
210275
210276
210277
210278
210279
210280
210281
210282
210283
210284
210285
210286
210287
210288
210289
210290
210291
210292
210293
210294
210295
210296
210297
210298
210299
210300
210301
210302
210303
210304
210305
210306
210307
210308
210309
210310
210311
210312
210313
210314
210315
210316
210317
210318
210319
210322
210326
210327
210328
210329
210330
210331
210332
210333
210389
210390
210391
210392
210393
210394
210395
210396
210397
210398
210399
210400
210401
210402
210403
210404
210405
210406
210407
210408
210409
210410
210411
210412
210413
210414
210415
210416
210417
210418
210419
210420
210421
210422
210423
210424
210425
210426
210427
210428
210429
210430
210431
210432
210433
210434
210435
210436
210437
210446
210447
210448
210449
210450
210451
210452
210453
210509
210510
210511
210512
210513
210514
210515
210516
210517
210518
210519
210520
210521
210522
210523
210524
210525
210526
210527
210528
210529
210530
210531
210532
210533
210534
210535
210536
210537
210538
210539
210540
210541
210542
210543
210544
210545
210546
210547
210548
210549
210550
210551
210552
210553
210554
210555
210556
210557
210558
210566
210567
210568
210569
210570
210571
210572
210573
210574
210630
210631
210632
210633
210634
210635
210636
210637
210638
210639
210640
210641
210642
210643
210644
210645
210646
210647
210648
210649
210650
210651
210652
210653
210654
210655
210656
210657
210658
210659
210660
210661
210662
210663
210664
210665
210666
210667
210668
210669
210670
210671
210672
210674
210675
210676
210677
210678
210679
210686
210687
210688
210689
210690
210691
210692
210693
210694
210750
210751
210752
210753
210754
210755
210756
210757
210758
210759
210760
210761
210762
210763
210764
210765
210766
210767
210768
210769
210770
210771
210772
210773
210774
210775
210776
210777
210778
210779
210780
210781
210782
210783
210784
210785
210786
210787
210788
210789
210790
210791
210794
210795
210796
210797
210798
210799
210806
210807
210808
210809
210810
210811
210812
210813
210814
210871
210872
210873
210874
210875
210876
210877
210878
210879
210880
210881
210882
210883
210884
210885
210886
210887
210888
210889
210890
210891
210892
210893
210894
210895
210896
210897
210898
210899
210900
210901
210902
210903
210904
210905
210906
210907
210908
210909
210910
210911
210914
210915
210916
210917
210918
210919
210920
210927
210928
210929
210930
210931
210932
210933
210934
210935
210992
210993
210994
210995
210996
210997
210998
210999
211000
211001
211002
211003
211004
211005
211006
211007
211008
211009
211010
211011
211012
211013
211014
211015
211016
211017
211018
211019
211020
211021
211022
211023
211024
211025
211026
211027
211028
211029
211030
211031
211032
211034
211035
211036
211037
211038
211039
211040
211047
211048
211049
211050
211051
211052
211053
211054
211055
211114
211115
211116
211117
211118
211119
211120
211121
211122
211123
211124
211125
211126
211127
211128
211129
211130
211131
211132
211133
211134
211135
211136
211137
211138
211139
211140
211141
211142
211143
211144
211145
211146
211147
211148
211149
211150
211151
211152
211154
211155
211156
211157
211158
211159
211160
211168
211169
211170
211171
211172
211173
211174
211175
211236
211237
211238
211239
211240
211241
211242
211243
211244
211245
211246
211247
211248
211249
211250
211251
211252
211253
211254
211255
211256
211257
211258
211259
211260
211261
211262
211263
211264
211265
211266
211267
211268
211269
211270
211271
211272
211274
211275
211276
211277
211278
211279
211280
211288
211289
211290
211291
211292
211293
211294
211360
211361
211362
211365
211366
211368
211369
211370
211371
211372
211373
211374
211375
211376
211377
211378
211379
211380
211381
211382
211383
211384
211385
211386
211387
211388
211389
211390
211391
211392
211393
211394
211395
211396
211397
211398
211399
211410
211411
211412
211413
211491
211492
211493
211494
211495
211496
211497
211498
211499
211500
211501
211502
211503
211504
211505
211506
211507
211508
211509
211510
211511
211512
211513
211514
211515
211516
211517
211518
211519
211520
211614
211615
211616
211617
211618
211619
211620
211621
211622
211623
211624
211625
211626
211627
211628
211629
211630
211631
211632
211633
211634
211635
211636
211637
211638
211639
211640
211738
211739
211740
211741
211742
211743
211744
211745
211746
211747
211748
211749
211750
211751
211752
211753
211754
211755
211756
211757
211758
211759
211861
211862
211863
211864
211865
211866
211867
211868
211869
211870
211871
211872
211873
211874
211875
211876
211877
211878
211879
211984
211985
211986
211987
211988
211989
211990
211991
211992
211993
211994
211995
211996
211997
211998
211999
212105
212106
212107
212108
212109
212110
212111
212112
212113
212114
212115
212116
212117
212118
212226
212227
212228
212229
212230
212231
212232
212233
212234
212235
212236
212237
212347
212348
212349
212350
212351
212352
212353
212354
212355
212469
212470
212471
212472
212473
212474
212591
212592
218814
218930
218931
218932
218933
218934
218935
218936
218937
218938
219047
219048
219049
219050
219051
219052
219053
219054
219055
219056
219057
219058
219059
219060
219061
219062
219164
219165
219166
219167
219168
219169
219170
219171
219172
219173
219174
219175
219176
219177
219178
219179
219180
219181
219182
219183
219282
219283
219284
219285
219286
219287
219288
219289
219290
219291
219292
219293
219294
219295
219296
219297
219298
219299
219300
219301
219302
219303
219304
219305
219306
219400
219401
219402
219403
219404
219405
219406
219407
219408
219409
219410
219411
219412
219413
219414
219415
219416
219417
219418
219419
219420
219421
219422
219423
219424
219425
219426
219519
219520
219521
219522
219523
219524
219525
219526
219527
219528
219529
219530
219531
219532
219533
219534
219535
219536
219537
219538
219539
219540
219541
219542
219543
219544
219545
219546
219637
219638
219639
219640
219641
219642
219643
219644
219645
219646
219647
219648
219649
219650
219651
219652
219653
219654
219655
219656
219657
219658
219659
219660
219661
219662
219663
219664
219665
219666
219667
219755
219756
219757
219758
219759
219760
219761
219762
219763
219764
219765
219766
219767
219768
219769
219770
219771
219772
219773
219774
219775
219776
219777
219778
219779
219780
219781
219782
219783
219784
219785
219786
219787
219873
219874
219875
219876
219877
219878
219879
219880
219881
219882
219883
219884
219885
219886
219887
219888
219889
219890
219891
219892
219893
219894
219895
219896
219897
219898
219899
219900
219901
219902
219903
219904
219905
219906
219907
219992
219993
219994
219995
219996
219997
219998
219999
220000
220001
220002
220003
220004
220005
220006
220007
220008
220009
220010
220011
220012
220013
220014
220015
220016
220017
220018
220019
220020
220021
220022
220023
220024
220025
220026
220027
220028
220111
220112
220113
220114
220115
220116
220117
220118
220119
220120
220121
220122
220123
220124
220125
220126
220127
220128
220129
220130
220131
220132
220133
220134
220135
220136
220137
220138
220139
220140
220141
220142
220143
220144
220145
220146
220147
220148
220230
220231
220232
220233
220234
220235
220236
220237
220238
220239
220240
220241
220242
220243
220244
220245
220246
220247
220248
220249
220250
220251
220252
220253
220254
220255
220256
220257
220258
220259
220260
220261
220262
220263
220264
220265
220266
220267
220268
220350
220351
220352
220353
220354
220355
220356
220357
220358
220359
220360
220361
220362
220363
220364
220365
220366
220367
220368
220369
220370
220371
220372
220373
220374
220375
220376
220377
220378
220379
220380
220381
220382
220383
220384
220385
220386
220387
220388
220389
220469
220470
220471
220472
220473
220474
220475
220476
220477
220478
220479
220480
220481
220482
220483
220484
220485
220486
220487
220488
220489
220490
220491
220492
220493
220494
220495
220496
220497
220498
220499
220500
220501
220502
220503
220504
220505
220506
220507
220508
220509
220588
220589
220590
220591
220592
220593
220594
220595
220596
220597
220598
220599
220600
220601
220602
220603
220604
220605
220606
220607
220608
220609
220610
220611
220612
220613
220614
220615
220616
220617
220618
220619
220620
220621
220622
220623
220624
220625
220626
220627
220628
220629
220630
220708
220709
220710
220711
220712
220713
220714
220715
220716
220717
220718
220719
220720
220721
220722
220723
220724
220725
220726
220727
220728
220729
220730
220731
220732
220733
220734
220735
220736
220737
220738
220739
220740
220741
220742
220743
220744
220745
220746
220747
220748
220749
220750
220751
220827
220828
220829
220830
220831
220832
220833
220834
220835
220836
220837
220838
220839
220840
220841
220842
220843
220844
220845
220846
220847
220848
220849
220850
220851
220852
220853
220854
220855
220856
220857
220858
220859
220860
220861
220862
220863
220864
220865
220866
220867
220868
220869
220870
220871
220872
220947
220948
220949
220950
220951
220952
220953
220954
220955
220956
220957
220958
220959
220960
220961
220962
220963
220964
220965
220966
220967
220968
220969
220970
220971
220972
220973
220974
220975
220976
220977
220978
220979
220980
220981
220982
220983
220984
220985
220986
220987
220988
220989
220990
220991
220992
220993
220994
221067
221068
221069
221070
221071
221072
221073
221074
221075
221076
221077
221078
221079
221080
221081
221082
221083
221084
221085
221086
221087
221088
221089
221090
221091
221092
221093
221094
221095
221096
221097
221098
221099
221100
221101
221102
221103
221104
221105
221106
221107
221108
221109
221110
221111
221112
221113
221114
221115
221116
221117
221119
221120
221121
221122
221123
221124
221186
221187
221188
221189
221190
221191
221192
221193
221194
221195
221196
221197
221198
221199
221200
221201
221202
221203
221204
221205
221206
221207
221208
221209
221210
221211
221212
221213
221214
221215
221216
221217
221218
221219
221220
221221
221222
221223
221224
221225
221226
221227
221228
221229
221230
221231
221232
221233
221234
221235
221236
221237
221238
221239
221240
221241
221242
221243
221244
221245
221246
221306
221307
221308
221309
221310
221311
221312
221313
221314
221315
221316
221317
221318
221319
221320
221321
221322
221323
221324
221325
221326
221327
221328
221329
221330
221331
221332
221333
221334
221335
221336
221337
221338
221339
221340
221341
221342
221343
221344
221345
221346
221347
221348
221349
221350
221351
221352
221353
221354
221355
221356
221357
221358
221359
221360
221361
221362
221363
221364
221365
221366
221367
221368
221426
221427
221428
221429
221430
221431
221432
221433
221434
221435
221436
221437
221438
221439
221440
221441
221442
221443
221444
221445
221446
221447
221448
221449
221450
221451
221452
221453
221454
221455
221456
221457
221458
221459
221460
221461
221462
221463
221464
221465
221466
221467
221468
221469
221470
221471
221472
221473
221474
221475
221476
221477
221478
221479
221480
221481
221482
221483
221484
221485
221486
221487
221488
221489
221490
221546
221547
221548
221549
221550
221551
221552
221553
221554
221555
221556
221557
221558
221559
221560
221561
221562
221563
221564
221565
221566
221567
221568
221569
221570
221571
221572
221573
221574
221575
221576
221577
221578
221579
221580
221581
221582
221583
221584
221585
221586
221587
221588
221589
221590
221591
221592
221593
221594
221595
221596
221597
221598
221599
221600
221601
221602
221603
221604
221605
221606
221607
221608
221609
221610
221611
221612
221665
221666
221667
221668
221669
221670
221671
221672
221673
221674
221675
221676
221677
221678
221679
221680
221681
221682
221683
221684
221685
221686
221687
221688
221689
221690
221691
221692
221693
221694
221695
221696
221697
221698
221699
221700
221701
221702
221703
221704
221705
221706
221707
221708
221709
221710
221711
221712
221713
221714
221715
221716
221717
221718
221719
221720
221721
221722
221723
221724
221725
221726
221727
221728
221729
221730
221731
221732
221733
221734
221735
221785
221786
221787
221788
221789
221790
221791
221792
221793
221794
221795
221796
221797
221798
221799
221800
221801
221802
221803
221804
221805
221806
221807
221808
221809
221810
221811
221812
221813
221814
221815
221816
221817
221818
221819
221820
221821
221822
221823
221824
221825
221826
221827
221828
221829
221830
221831
221832
221833
221834
221835
221836
221837
221838
221839
221840
221841
221842
221843
221844
221845
221846
221847
221848
221849
221850
221851
221852
221853
221854
221855
221856
221857
221858
221859
221860
221861
221862
221905
221906
221907
221908
221909
221910
221911
221912
221913
221914
221915
221916
221917
221918
221919
221920
221921
221922
221923
221924
221925
221926
221927
221928
221929
221930
221931
221932
221933
221934
221935
221936
221937
221938
221939
221940
221941
221942
221943
221944
221945
221946
221947
221948
221949
221950
221951
221952
221953
221954
221955
221956
221957
221958
221959
221960
221961
221962
221963
221964
221965
221966
221967
221968
221969
221970
221971
221972
221973
221974
221975
221976
221977
221978
221979
221980
221981
221982
221983
221984
222025
222026
222027
222028
222029
222030
222031
222032
222033
222034
222035
222036
222037
222038
222039
222040
222041
222042
222043
222044
222045
222046
222047
222048
222049
222050
222051
222052
222053
222054
222055
222056
222057
222058
222059
222060
222061
222062
222063
222064
222065
222066
222067
222068
222069
222070
222071
222072
222073
222074
222075
222076
222077
222078
222079
222080
222081
222082
222083
222084
222085
222086
222087
222088
222089
222090
222091
222092
222093
222094
222095
222096
222097
222098
222099
222100
222101
222102
222103
222104
222144
222145
222146
222147
222148
222149
222150
222151
222152
222153
222154
222155
222156
222157
222158
222159
222160
222161
222162
222163
222164
222165
222166
222167
222168
222169
222170
222171
222172
222173
222174
222175
222176
222177
222178
222179
222180
222181
222182
222183
222184
222185
222186
222187
222188
222189
222190
222191
222192
222193
222194
222195
222196
222197
222198
222199
222200
222201
222202
222203
222204
222205
222206
222207
222208
222209
222210
222211
222212
222213
222214
222215
222216
222217
222218
222219
222220
222221
222222
222223
222224
222264
222265
222266
222267
222268
222269
222270
222271
222272
222273
222274
222275
222276
222277
222278
222279
222280
222281
222282
222283
222284
222285
222286
222287
222288
222289
222290
222291
222292
222293
222294
222295
222296
222297
222298
222299
222300
222301
222302
222303
222304
222305
222306
222307
222308
222309
222310
222311
222312
222313
222314
222315
222316
222317
222318
222319
222320
222321
222322
222323
222324
222325
222326
222327
222328
222329
222330
222331
222332
222333
222334
222335
222336
222337
222338
222339
222340
222341
222342
222343
222344
222345
222384
222385
222386
222387
222388
222389
222390
222391
222392
222393
222394
222395
222396
222397
222398
222399
222400
222401
222402
222403
222404
222405
222406
222407
222408
222409
222410
222411
222412
222413
222414
222415
222416
222417
222418
222419
222420
222421
222422
222423
222424
222425
222426
222427
222428
222429
222430
222431
222432
222433
222434
222435
222436
222437
222438
222439
222440
222441
222442
222443
222444
222445
222446
222447
222448
222449
222450
222451
222452
222453
222454
222455
222456
222457
222458
222459
222460
222461
222462
222463
222464
222465
222504
222505
222506
222507
222508
222509
222510
222511
222512
222513
222514
222515
222516
222517
222518
222519
222520
222521
222522
222523
222524
222525
222526
222527
222528
222529
222530
222531
222532
222533
222534
222535
222536
222537
222538
222539
222540
222541
222542
222543
222544
222545
222546
222547
222548
222549
222550
222551
222552
222553
222554
222555
222556
222557
222558
222559
222560
222561
222562
222563
222564
222565
222566
222567
222568
222569
222570
222571
222572
222573
222574
222575
222576
222577
222578
222579
222580
222581
222582
222583
222584
222585
222625
222626
222627
222628
222629
222630
222631
222632
222633
222634
222635
222636
222637
222638
222639
222640
222641
222642
222643
222644
222645
222646
222647
222648
222649
222650
222651
222652
222653
222654
222655
222656
222657
222658
222659
222660
222661
222662
222663
222664
222665
222666
222667
222668
222669
222670
222671
222672
222673
222674
222675
222676
222677
222678
222679
222680
222681
222682
222683
222684
222685
222686
222687
222688
222689
222690
222691
222692
222693
222694
222695
222696
222697
222698
222699
222700
222701
222702
222703
222704
222705
222706
222745
222746
222747
222748
222749
222750
222751
222752
222753
222754
222755
222756
222757
222758
222759
222760
222761
222762
222763
222764
222765
222766
222767
222768
222769
222770
222771
222772
222773
222774
222775
222776
222777
222778
222779
222780
222781
222782
222783
222784
222785
222786
222787
222788
222789
222790
222791
222792
222793
222794
222795
222796
222797
222798
222799
222800
222801
222802
222803
222804
222805
222806
222807
222808
222809
222810
222811
222812
222813
222814
222815
222816
222817
222818
222819
222820
222821
222822
222823
222824
222825
222826
222865
222866
222867
222868
222869
222870
222871
222872
222873
222874
222875
222876
222877
222878
222879
222880
222881
222882
222883
222884
222885
222886
222887
222888
222889
222890
222891
222892
222893
222894
222895
222896
222897
222898
222899
222900
222901
222902
222903
222904
222905
222906
222907
222908
222909
222910
222911
222912
222913
222914
222915
222916
222917
222918
222919
222920
222921
222922
222923
222924
222925
222926
222927
222928
222929
222930
222931
222932
222933
222934
222935
222936
222937
222938
222939
222940
222941
222942
222943
222944
222945
222946
222985
222986
222987
222988
222989
222990
222991
222992
222993
222994
222995
222996
222997
222998
222999
223000
223001
223002
223003
223004
223005
223006
223007
223008
223009
223010
223011
223012
223013
223014
223015
223016
223017
223018
223019
223020
223021
223022
223023
223024
223025
223026
223027
223028
223029
223030
223031
223032
223033
223034
223035
223036
223037
223038
223039
223040
223041
223042
223043
223044
223045
223046
223047
223048
223049
223050
223051
223052
223053
223054
223055
223056
223057
223058
223059
223060
223061
223062
223063
223064
223065
223066
223106
223107
223108
223109
223110
223111
223112
223113
223114
223115
223116
223117
223118
223119
223120
223121
223122
223123
223124
223125
223126
223127
223128
223129
223130
223131
223132
223133
223134
223135
223136
223137
223138
223139
223140
223141
223142
223143
223144
223145
223146
223147
223148
223149
223150
223151
223152
223153
223154
223155
223156
223157
223158
223159
223160
223161
223162
223163
223164
223165
223166
223167
223168
223169
223170
223171
223172
223173
223174
223175
223176
223177
223178
223179
223180
223181
223182
223183
223184
223185
223226
223227
223228
223229
223230
223231
223232
223233
223234
223235
223236
223237
223238
223239
223240
223241
223242
223243
223244
223245
223246
223247
223248
223249
223250
223251
223252
223253
223254
223255
223256
223257
223258
223259
223260
223261
223262
223263
223264
223265
223266
223267
223268
223269
223270
223271
223272
223273
223274
223275
223276
223277
223278
223279
223280
223281
223282
223283
223284
223285
223286
223287
223288
223289
223290
223291
223292
223293
223294
223295
223296
223297
223298
223299
223300
223301
223302
223303
223304
223305
223346
223347
223348
223349
223350
223351
223352
223353
223354
223355
223356
223357
223358
223359
223360
223361
223362
223363
223364
223365
223366
223367
223368
223369
223370
223371
223372
223373
223374
223375
223376
223377
223378
223379
223380
223381
223382
223383
223384
223385
223386
223387
223388
223389
223390
223391
223392
223393
223394
223395
223396
223397
223398
223399
223400
223401
223402
223403
223404
223405
223406
223407
223408
223409
223410
223411
223412
223413
223414
223415
223416
223417
223418
223419
223420
223421
223422
223423
223424
223425
223467
223468
223469
223470
223471
223472
223473
223474
223475
223476
223477
223478
223479
223480
223481
223482
223483
223484
223485
223486
223487
223488
223489
223490
223491
223492
223493
223494
223495
223496
223497
223498
223499
223500
223501
223502
223503
223504
223505
223506
223507
223508
223509
223510
223511
223512
223513
223514
223515
223516
223517
223518
223519
223520
223521
223522
223523
223524
223525
223526
223527
223528
223529
223530
223531
223532
223533
223534
223535
223536
223537
223538
223539
223540
223541
223542
223543
223544
223545
223587
223588
223589
223590
223591
223592
223593
223594
223595
223596
223597
223598
223599
223600
223601
223602
223603
223604
223605
223606
223607
223608
223609
223610
223611
223612
223613
223614
223615
223616
223617
223618
223619
223620
223621
223622
223623
223624
223625
223626
223627
223628
223629
223630
223631
223632
223633
223634
223635
223636
223637
223638
223639
223640
223641
223642
223643
223644
223645
223646
223647
223648
223649
223650
223651
223652
223653
223654
223655
223656
223657
223658
223659
223660
223661
223662
223663
223664
223665
223708
223709
223710
223711
223712
223713
223714
223715
223716
223717
223718
223719
223720
223721
223722
223723
223724
223725
223726
223727
223728
223729
223730
223731
223732
223733
223734
223735
223736
223737
223738
223739
223740
223741
223742
223743
223744
223745
223746
223747
223748
223749
223750
223751
223752
223753
223754
223755
223756
223757
223758
223759
223760
223761
223762
223763
223764
223765
223766
223767
223768
223769
223770
223771
223772
223773
223774
223775
223776
223777
223778
223779
223780
223781
223782
223783
223784
223785
223829
223830
223831
223832
223833
223834
223835
223836
223837
223838
223839
223840
223841
223842
223843
223844
223845
223846
223847
223848
223849
223850
223851
223852
223853
223854
223855
223856
223857
223858
223859
223860
223861
223862
223863
223864
223865
223866
223867
223868
223869
223870
223871
223872
223873
223874
223875
223876
223877
223878
223879
223880
223881
223882
223883
223884
223885
223886
223887
223888
223889
223890
223891
223892
223893
223894
223895
223896
223897
223898
223899
223900
223901
223902
223903
223904
223949
223950
223951
223952
223953
223954
223955
223956
223957
223958
223959
223960
223961
223962
223963
223964
223965
223966
223967
223968
223969
223970
223971
223972
223973
223974
223975
223976
223977
223978
223979
223980
223981
223982
223983
223984
223985
223986
223987
223988
223989
223990
223991
223992
223993
223994
223995
223996
223997
223998
223999
224000
224001
224002
224003
224004
224005
224006
224007
224008
224009
224010
224011
224012
224013
224014
224015
224016
224017
224018
224019
224020
224021
224022
224023
224024
224069
224070
224071
224072
224073
224074
224075
224076
224077
224078
224079
224080
224081
224082
224083
224084
224085
224086
224087
224088
224089
224090
224091
224092
224093
224094
224095
224096
224097
224098
224099
224100
224101
224102
224103
224104
224105
224106
224107
224108
224109
224110
224111
224112
224113
224114
224115
224116
224117
224118
224119
224120
224121
224122
224123
224124
224125
224126
224127
224128
224129
224130
224131
224132
224133
224134
224135
224136
224137
224138
224139
224140
224141
224142
224143
224189
224190
224191
224192
224193
224194
224195
224196
224197
224198
224199
224200
224201
224202
224203
224204
224205
224206
224207
224208
224209
224210
224211
224212
224213
224214
224215
224216
224217
224218
224219
224220
224221
224222
224223
224224
224225
224226
224227
224228
224229
224230
224231
224232
224233
224234
224235
224236
224237
224238
224239
224240
224241
224242
224243
224244
224245
224246
224247
224248
224249
224250
224251
224252
224253
224254
224255
224256
224257
224258
224259
224260
224261
224309
224310
224311
224312
224313
224314
224315
224316
224317
224318
224319
224320
224321
224322
224323
224324
224325
224326
224327
224328
224329
224330
224331
224332
224333
224334
224335
224336
224337
224338
224339
224340
224341
224342
224343
224344
224345
224346
224347
224348
224349
224350
224351
224352
224353
224354
224355
224356
224357
224358
224359
224360
224361
224362
224363
224364
224365
224366
224367
224368
224369
224370
224371
224372
224373
224374
224375
224376
224377
224378
224379
224428
224429
224430
224431
224432
224433
224434
224435
224436
224437
224438
224439
224440
224441
224442
224443
224444
224445
224446
224447
224448
224449
224450
224451
224452
224453
224454
224455
224456
224457
224458
224459
224460
224461
224462
224463
224464
224465
224466
224467
224468
224469
224470
224471
224472
224473
224474
224475
224476
224477
224478
224479
224480
224481
224482
224483
224484
224485
224486
224487
224488
224489
224490
224491
224492
224493
224494
224495
224496
224548
224549
224550
224551
224552
224553
224554
224555
224556
224557
224558
224559
224560
224561
224562
224563
224564
224565
224566
224567
224568
224569
224570
224571
224572
224573
224574
224575
224576
224577
224578
224579
224580
224581
224582
224583
224584
224585
224586
224587
224588
224589
224590
224591
224592
224593
224594
224595
224596
224597
224598
224599
224600
224601
224602
224603
224604
224605
224606
224607
224608
224609
224610
224611
224612
224613
224614
224668
224669
224670
224671
224672
224673
224674
224675
224676
224677
224678
224679
224680
224681
224682
224683
224684
224685
224686
224687
224688
224689
224690
224691
224692
224693
224694
224695
224696
224697
224698
224699
224700
224701
224702
224703
224704
224705
224706
224707
224708
224709
224710
224711
224712
224713
224714
224715
224716
224717
224718
224719
224720
224721
224722
224723
224724
224725
224726
224727
224728
224729
224730
224731
224732
224733
224734
224788
224789
224790
224791
224792
224793
224794
224795
224796
224797
224798
224799
224800
224801
224802
224803
224804
224805
224806
224807
224808
224809
224810
224811
224812
224813
224814
224815
224816
224817
224818
224819
224820
224821
224822
224823
224824
224825
224826
224827
224828
224829
224830
224831
224832
224833
224834
224835
224836
224837
224838
224839
224840
224842
224845
224846
224847
224848
224849
224850
224851
224852
224853
224854
224908
224909
224910
224911
224912
224913
224914
224915
224916
224917
224918
224919
224920
224921
224922
224923
224924
224925
224926
224927
224928
224929
224930
224931
224932
224933
224934
224935
224936
224937
224938
224939
224940
224941
224942
224943
224944
224945
224946
224947
224948
224949
224950
224951
224952
224953
224954
224955
224956
224957
224958
224959
224960
224965
224966
224967
224968
224969
224970
224971
224972
224973
224974
224975
225029
225030
225031
225032
225033
225034
225035
225036
225037
225038
225039
225040
225041
225042
225043
225044
225045
225046
225047
225048
225049
225050
225051
225052
225053
225054
225055
225056
225057
225058
225059
225060
225061
225062
225063
225064
225065
225066
225067
225068
225069
225070
225071
225072
225073
225074
225075
225076
225077
225078
225079
225080
225085
225086
225087
225088
225089
225090
225091
225092
225093
225094
225095
225149
225150
225151
225152
225153
225154
225155
225156
225157
225158
225159
225160
225161
225162
225163
225164
225165
225166
225167
225168
225169
225170
225171
225172
225173
225174
225175
225176
225177
225178
225179
225180
225181
225182
225183
225184
225185
225186
225187
225188
225189
225190
225191
225192
225193
225194
225195
225196
225197
225198
225199
225200
225205
225206
225207
225208
225209
225210
225211
225212
225213
225214
225215
225269
225270
225271
225272
225273
225274
225275
225276
225277
225278
225279
225280
225281
225282
225283
225284
225285
225286
225287
225288
225289
225290
225291
225292
225293
225294
225295
225296
225297
225298
225299
225300
225301
225302
225303
225304
225305
225306
225307
225308
225309
225310
225311
225312
225313
225314
225315
225316
225317
225318
225319
225320
225321
225326
225327
225328
225329
225330
225331
225332
225333
225334
225335
225336
225391
225392
225393
225394
225395
225396
225397
225398
225399
225400
225401
225402
225403
225404
225405
225406
225407
225408
225409
225410
225411
225412
225413
225414
225415
225416
225417
225418
225419
225420
225421
225422
225423
225424
225425
225426
225427
225428
225429
225430
225431
225432
225433
225434
225435
225436
225437
225438
225439
225440
225441
225446
225447
225448
225449
225450
225451
225452
225453
225454
225455
225456
225512
225513
225514
225515
225516
225517
225518
225519
225520
225521
225522
225523
225524
225525
225526
225527
225528
225529
225530
225531
225532
225533
225534
225535
225536
225537
225538
225539
225540
225541
225542
225543
225544
225545
225546
225547
225548
225549
225550
225551
225552
225553
225554
225555
225556
225557
225558
225559
225560
225561
225567
225568
225569
225570
225571
225572
225573
225574
225575
225576
225633
225634
225635
225636
225637
225638
225639
225640
225641
225642
225643
225644
225645
225646
225647
225648
225649
225650
225651
225652
225653
225654
225655
225656
225657
225658
225659
225660
225661
225662
225663
225664
225665
225666
225667
225668
225669
225670
225671
225672
225673
225674
225675
225676
225677
225678
225679
225680
225681
225687
225688
225689
225690
225691
225692
225693
225694
225695
225756
225757
225758
225759
225760
225761
225762
225763
225764
225765
225766
225767
225768
225769
225770
225771
225772
225773
225774
225775
225776
225777
225778
225779
225780
225781
225782
225783
225784
225785
225786
225787
225788
225789
225790
225791
225792
225793
225794
225795
225796
225797
225798
225799
225800
225808
225809
225810
225811
225812
225813
225814
225815
225880
225881
225882
225885
225886
225888
225889
225890
225891
225892
225893
225894
225895
225896
225897
225898
225899
225900
225901
225902
225903
225904
225905
225906
225907
225908
225909
225910
225911
225912
225913
225914
225915
225916
225917
225918
225919
225920
225921
225930
225931
225932
225933
226011
226012
226013
226014
226015
226016
226017
226018
226019
226020
226021
226022
226023
226024
226025
226026
226027
226028
226029
226030
226031
226032
226033
226034
226035
226036
226037
226038
226039
226040
226041
226134
226135
226136
226137
226138
226139
226140
226141
226142
226143
226144
226145
226146
226147
226148
226149
226150
226151
226152
226153
226154
226155
226156
226157
226158
226159
226160
226258
226259
226260
226261
226262
226263
226264
226265
226266
226267
226268
226269
226270
226271
226272
226273
226274
226275
226276
226277
226278
226279
226280
226381
226382
226383
226384
226385
226386
226387
226388
226389
226390
226391
226392
226393
226394
226395
226396
226397
226398
226399
226400
226503
226504
226505
226506
226507
226508
226509
226510
226511
226512
226513
226514
226515
226516
226517
226518
226519
226625
226626
226627
226628
226629
226630
226631
226632
226633
226634
226635
226636
226637
226638
226746
226747
226748
226749
226750
226751
226752
226753
226754
226755
226756
226757
226867
226868
226869
226870
226871
226872
226873
226874
226875
226989
226990
226991
226992
226993
226994
227111
227112
233094
233210
233211
233212
233213
233214
233215
233216
233217
233218
233327
233328
233329
233330
233331
233332
233333
233334
233335
233336
233337
233338
233339
233340
233341
233342
233444
233445
233446
233447
233448
233449
233450
233451
233452
233453
233454
233455
233456
233457
233458
233459
233460
233461
233462
233463
233464
233562
233563
233564
233565
233566
233567
233568
233569
233570
233571
233572
233573
233574
233575
233576
233577
233578
233579
233580
233581
233582
233583
233584
233585
233586
233680
233681
233682
233683
233684
233685
233686
233687
233688
233689
233690
233691
233692
233693
233694
233695
233696
233697
233698
233699
233700
233701
233702
233703
233704
233705
233706
233707
233798
233799
233800
233801
233802
233803
233804
233805
233806
233807
233808
233809
233810
233811
233812
233813
233814
233815
233816
233817
233818
233819
233820
233821
233822
233823
233824
233825
233826
233827
233917
233918
233919
233920
233921
233922
233923
233924
233925
233926
233927
233928
233929
233930
233931
233932
233933
233934
233935
233936
233937
233938
233939
233940
233941
233942
233943
233944
233945
233946
233947
234035
234036
234037
234038
234039
234040
234041
234042
234043
234044
234045
234046
234047
234048
234049
234050
234051
234052
234053
234054
234055
234056
234057
234058
234059
234060
234061
234062
234063
234064
234065
234066
234067
234068
234153
234154
234155
234156
234157
234158
234159
234160
234161
234162
234163
234164
234165
234166
234167
234168
234169
234170
234171
234172
234173
234174
234175
234176
234177
234178
234179
234180
234181
234182
234183
234184
234185
234186
234187
234188
234272
234273
234274
234275
234276
234277
234278
234279
234280
234281
234282
234283
234284
234285
234286
234287
234288
234289
234290
234291
234292
234293
234294
234295
234296
234297
234298
234299
234300
234301
234302
234303
234304
234305
234306
234307
234308
234391
234392
234393
234394
234395
234396
234397
234398
234399
234400
234401
234402
234403
234404
234405
234406
234407
234408
234409
234410
234411
234412
234413
234414
234415
234416
234417
234418
234419
234420
234421
234422
234423
234424
234425
234426
234427
234428
234429
234510
234511
234512
234513
234514
234515
234516
234517
234518
234519
234520
234521
234522
234523
234524
234525
234526
234527
234528
234529
234530
234531
234532
234533
234534
234535
234536
234537
234538
234539
234540
234541
234542
234543
234544
234545
234546
234547
234548
234549
234629
234630
234631
234632
234633
234634
234635
234636
234637
234638
234639
234640
234641
234642
234643
234644
234645
234646
234647
234648
234649
234650
234651
234652
234653
234654
234655
234656
234657
234658
234659
234660
234661
234662
234663
234664
234665
234666
234667
234668
234669
234748
234749
234750
234751
234752
234753
234754
234755
234756
234757
234758
234759
234760
234761
234762
234763
234764
234765
234766
234767
234768
234769
234770
234771
234772
234773
234774
234775
234776
234777
234778
234779
234780
234781
234782
234783
234784
234785
234786
234787
234788
234789
234790
234868
234869
234870
234871
234872
234873
234874
234875
234876
234877
234878
234879
234880
234881
234882
234883
234884
234885
234886
234887
234888
234889
234890
234891
234892
234893
234894
234895
234896
234897
234898
234899
234900
234901
234902
234903
234904
234905
234906
234907
234908
234909
234910
234987
234988
234989
234990
234991
234992
234993
234994
234995
234996
234997
234998
234999
235000
235001
235002
235003
235004
235005
235006
235007
235008
235009
235010
235011
235012
235013
235014
235015
235016
235017
235018
235019
235020
235021
235022
235023
235024
235025
235026
235027
235028
235029
235030
235031
235107
235108
235109
235110
235111
235112
235113
235114
235115
235116
235117
235118
235119
235120
235121
235122
235123
235124
235125
235126
235127
235128
235129
235130
235131
235132
235133
235134
235135
235136
235137
235138
235139
235140
235141
235142
235143
235144
235145
235146
235147
235148
235149
235150
235151
235152
235226
235227
235228
235229
235230
235231
235232
235233
235234
235235
235236
235237
235238
235239
235240
235241
235242
235243
235244
235245
235246
235247
235248
235249
235250
235251
235252
235253
235254
235255
235256
235257
235258
235259
235260
235261
235262
235263
235264
235265
235266
235267
235268
235269
235270
235271
235272
235273
235274
235346
235347
235348
235349
235350
235351
235352
235353
235354
235355
235356
235357
235358
235359
235360
235361
235362
235363
235364
235365
235366
235367
235368
235369
235370
235371
235372
235373
235374
235375
235376
235377
235378
235379
235380
235381
235382
235383
235384
235385
235386
235387
235388
235389
235390
235391
235392
235393
235394
235395
235396
235397
235399
235400
235401
235402
235403
235404
235466
235467
235468
235469
235470
235471
235472
235473
235474
235475
235476
235477
235478
235479
235480
235481
235482
235483
235484
235485
235486
235487
235488
235489
235490
235491
235492
235493
235494
235495
235496
235497
235498
235499
235500
235501
235502
235503
235504
235505
235506
235507
235508
235509
235510
235511
235512
235513
235514
235515
235516
235517
235518
235519
235520
235521
235522
235523
235524
235525
235526
235585
235586
235587
235588
235589
235590
235591
235592
235593
235594
235595
235596
235597
235598
235599
235600
235601
235602
235603
235604
235605
235606
235607
235608
235609
235610
235611
235612
235613
235614
235615
235616
235617
235618
235619
235620
235621
235622
235623
235624
235625
235626
235627
235628
235629
235630
235631
235632
235633
235634
235635
235636
235637
235638
235639
235640
235641
235642
235643
235644
235645
235646
235647
235648
235705
235706
235707
235708
235709
235710
235711
235712
235713
235714
235715
235716
235717
235718
235719
235720
235721
235722
235723
235724
235725
235726
235727
235728
235729
235730
235731
235732
235733
235734
235735
235736
235737
235738
235739
235740
235741
235742
235743
235744
235745
235746
235747
235748
235749
235750
235751
235752
235753
235754
235755
235756
235757
235758
235759
235760
235761
235762
235763
235764
235765
235766
235767
235768
235769
235770
235825
235826
235827
235828
235829
235830
235831
235832
235833
235834
235835
235836
235837
235838
235839
235840
235841
235842
235843
235844
235845
235846
235847
235848
235849
235850
235851
235852
235853
235854
235855
235856
235857
235858
235859
235860
235861
235862
235863
235864
235865
235866
235867
235868
235869
235870
235871
235872
235873
235874
235875
235876
235877
235878
235879
235880
235881
235882
235883
235884
235885
235886
235887
235888
235889
235890
235891
235892
235945
235946
235947
235948
235949
235950
235951
235952
235953
235954
235955
235956
235957
235958
235959
235960
235961
235962
235963
235964
235965
235966
235967
235968
235969
235970
235971
235972
235973
235974
235975
235976
235977
235978
235979
235980
235981
235982
235983
235984
235985
235986
235987
235988
235989
235990
235991
235992
235993
235994
235995
235996
235997
235998
235999
236000
236001
236002
236003
236004
236005
236006
236007
236008
236009
236010
236011
236012
236013
236014
236015
236064
236065
236066
236067
236068
236069
236070
236071
236072
236073
236074
236075
236076
236077
236078
236079
236080
236081
236082
236083
236084
236085
236086
236087
236088
236089
236090
236091
236092
236093
236094
236095
236096
236097
236098
236099
236100
236101
236102
236103
236104
236105
236106
236107
236108
236109
236110
236111
236112
236113
236114
236115
236116
236117
236118
236119
236120
236121
236122
236123
236124
236125
236126
236127
236128
236129
236130
236131
236132
236133
236134
236135
236136
236137
236138
236139
236140
236141
236142
236143
236184
236185
236186
236187
236188
236189
236190
236191
236192
236193
236194
236195
236196
236197
236198
236199
236200
236201
236202
236203
236204
236205
236206
236207
236208
236209
236210
236211
236212
236213
236214
236215
236216
236217
236218
236219
236220
236221
236222
236223
236224
236225
236226
236227
236228
236229
236230
236231
236232
236233
236234
236235
236236
236237
236238
236239
236240
236241
236242
236243
236244
236245
236246
236247
236248
236249
236250
236251
236252
236253
236254
236255
236256
236257
236258
236259
236260
236261
236262
236263
236264
236304
236305
236306
236307
236308
236309
236310
236311
236312
236313
236314
236315
236316
236317
236318
236319
236320
236321
236322
236323
236324
236325
236326
236327
236328
236329
236330
236331
236332
236333
236334
236335
236336
236337
236338
236339
236340
236341
236342
236343
236344
236345
236346
236347
236348
236349
236350
236351
236352
236353
236354
236355
236356
236357
236358
236359
236360
236361
236362
236363
236364
236365
236366
236367
236368
236369
236370
236371
236372
236373
236374
236375
236376
236377
236378
236379
236380
236381
236382
236383
236384
236385
236424
236425
236426
236427
236428
236429
236430
236431
236432
236433
236434
236435
236436
236437
236438
236439
236440
236441
236442
236443
236444
236445
236446
236447
236448
236449
236450
236451
236452
236453
236454
236455
236456
236457
236458
236459
236460
236461
236462
236463
236464
236465
236466
236467
236468
236469
236470
236471
236472
236473
236474
236475
236476
236477
236478
236479
236480
236481
236482
236483
236484
236485
236486
236487
236488
236489
236490
236491
236492
236493
236494
236495
236496
236497
236498
236499
236500
236501
236502
236503
236504
236505
236543
236544
236545
236546
236547
236548
236549
236550
236551
236552
236553
236554
236555
236556
236557
236558
236559
236560
236561
236562
236563
236564
236565
236566
236567
236568
236569
236570
236571
236572
236573
236574
236575
236576
236577
236578
236579
236580
236581
236582
236583
236584
236585
236586
236587
236588
236589
236590
236591
236592
236593
236594
236595
236596
236597
236598
236599
236600
236601
236602
236603
236604
236605
236606
236607
236608
236609
236610
236611
236612
236613
236614
236615
236616
236617
236618
236619
236620
236621
236622
236623
236624
236625
236663
236664
236665
236666
236667
236668
236669
236670
236671
236672
236673
236674
236675
236676
236677
236678
236679
236680
236681
236682
236683
236684
236685
236686
236687
236688
236689
236690
236691
236692
236693
236694
236695
236696
236697
236698
236699
236700
236701
236702
236703
236704
236705
236706
236707
236708
236709
236710
236711
236712
236713
236714
236715
236716
236717
236718
236719
236720
236721
236722
236723
236724
236725
236726
236727
236728
236729
236730
236731
236732
236733
236734
236735
236736
236737
236738
236739
236740
236741
236742
236743
236744
236745
236746
236783
236784
236785
236786
236787
236788
236789
236790
236791
236792
236793
236794
236795
236796
236797
236798
236799
236800
236801
236802
236803
236804
236805
236806
236807
236808
236809
236810
236811
236812
236813
236814
236815
236816
236817
236818
236819
236820
236821
236822
236823
236824
236825
236826
236827
236828
236829
236830
236831
236832
236833
236834
236835
236836
236837
236838
236839
236840
236841
236842
236843
236844
236845
236846
236847
236848
236849
236850
236851
236852
236853
236854
236855
236856
236857
236858
236859
236860
236861
236862
236863
236864
236865
236866
236903
236904
236905
236906
236907
236908
236909
236910
236911
236912
236913
236914
236915
236916
236917
236918
236919
236920
236921
236922
236923
236924
236925
236926
236927
236928
236929
236930
236931
236932
236933
236934
236935
236936
236937
236938
236939
236940
236941
236942
236943
236944
236945
236946
236947
236948
236949
236950
236951
236952
236953
236954
236955
236956
236957
236958
236959
236960
236961
236962
236963
236964
236965
236966
236967
236968
236969
236970
236971
236972
236973
236974
236975
236976
236977
236978
236979
236980
236981
236982
236983
236984
236985
236986
237024
237025
237026
237027
237028
237029
237030
237031
237032
237033
237034
237035
237036
237037
237038
237039
237040
237041
237042
237043
237044
237045
237046
237047
237048
237049
237050
237051
237052
237053
237054
237055
237056
237057
237058
237059
237060
237061
237062
237063
237064
237065
237066
237067
237068
237069
237070
237071
237072
237073
237074
237075
237076
237077
237078
237079
237080
237081
237082
237083
237084
237085
237086
237087
237088
237089
237090
237091
237092
237093
237094
237095
237096
237097
237098
237099
237100
237101
237102
237103
237104
237105
237106
237107
237144
237145
237146
237147
237148
237149
237150
237151
237152
237153
237154
237155
237156
237157
237158
237159
237160
237161
237162
237163
237164
237165
237166
237167
237168
237169
237170
237171
237172
237173
237174
237175
237176
237177
237178
237179
237180
237181
237182
237183
237184
237185
237186
237187
237188
237189
237190
237191
237192
237193
237194
237195
237196
237197
237198
237199
237200
237201
237202
237203
237204
237205
237206
237207
237208
237209
237210
237211
237212
237213
237214
237215
237216
237217
237218
237219
237220
237221
237222
237223
237224
237225
237226
237227
237264
237265
237266
237267
237268
237269
237270
237271
237272
237273
237274
237275
237276
237277
237278
237279
237280
237281
237282
237283
237284
237285
237286
237287
237288
237289
237290
237291
237292
237293
237294
237295
237296
237297
237298
237299
237300
237301
237302
237303
237304
237305
237306
237307
237308
237309
237310
237311
237312
237313
237314
237315
237316
237317
237318
237319
237320
237321
237322
237323
237324
237325
237326
237327
237328
237329
237330
237331
237332
237333
237334
237335
237336
237337
237338
237339
237340
237341
237342
237343
237344
237345
237346
237347
237384
237385
237386
237387
237388
237389
237390
237391
237392
237393
237394
237395
237396
237397
237398
237399
237400
237401
237402
237403
237404
237405
237406
237407
237408
237409
237410
237411
237412
237413
237414
237415
237416
237417
237418
237419
237420
237421
237422
237423
237424
237425
237426
237427
237428
237429
237430
237431
237432
237433
237434
237435
237436
237437
237438
237439
237440
237441
237442
237443
237444
237445
237446
237447
237448
237449
237450
237451
237452
237453
237454
237455
237456
237457
237458
237459
237460
237461
237462
237463
237464
237465
237466
237467
237505
237506
237507
237508
237509
237510
237511
237512
237513
237514
237515
237516
237517
237518
237519
237520
237521
237522
237523
237524
237525
237526
237527
237528
237529
237530
237531
237532
237533
237534
237535
237536
237537
237538
237539
237540
237541
237542
237543
237544
237545
237546
237547
237548
237549
237550
237551
237552
237553
237554
237555
237556
237557
237558
237559
237560
237561
237562
237563
237564
237565
237566
237567
237568
237569
237570
237571
237572
237573
237574
237575
237576
237577
237578
237579
237580
237581
237582
237583
237584
237585
237586
237625
237626
237627
237628
237629
237630
237631
237632
237633
237634
237635
237636
237637
237638
237639
237640
237641
237642
237643
237644
237645
237646
237647
237648
237649
237650
237651
237652
237653
237654
237655
237656
237657
237658
237659
237660
237661
237662
237663
237664
237665
237666
237667
237668
237669
237670
237671
237672
237673
237674
237675
237676
237677
237678
237679
237680
237681
237682
237683
237684
237685
237686
237687
237688
237689
237690
237691
237692
237693
237694
237695
237696
237697
237698
237699
237700
237701
237702
237703
237704
237705
237706
237745
237746
237747
237748
237749
237750
237751
237752
237753
237754
237755
237756
237757
237758
237759
237760
237761
237762
237763
237764
237765
237766
237767
237768
237769
237770
237771
237772
237773
237774
237775
237776
237777
237778
237779
237780
237781
237782
237783
237784
237785
237786
237787
237788
237789
237790
237791
237792
237793
237794
237795
237796
237797
237798
237799
237800
237801
237802
237803
237804
237805
237806
237807
237808
237809
237810
237811
237812
237813
237814
237815
237816
237817
237818
237819
237820
237821
237822
237823
237824
237825
237826
237866
237867
237868
237869
237870
237871
237872
237873
237874
237875
237876
237877
237878
237879
237880
237881
237882
237883
237884
237885
237886
237887
237888
237889
237890
237891
237892
237893
237894
237895
237896
237897
237898
237899
237900
237901
237902
237903
237904
237905
237906
237907
237908
237909
237910
237911
237912
237913
237914
237915
237916
237917
237918
237919
237920
237921
237922
237923
237924
237925
237926
237927
237928
237929
237930
237931
237932
237933
237934
237935
237936
237937
237938
237939
237940
237941
237942
237943
237944
237945
237946
237986
237987
237988
237989
237990
237991
237992
237993
237994
237995
237996
237997
237998
237999
238000
238001
238002
238003
238004
238005
238006
238007
238008
238009
238010
238011
238012
238013
238014
238015
238016
238017
238018
238019
238020
238021
238022
238023
238024
238025
238026
238027
238028
238029
238030
238031
238032
238033
238034
238035
238036
238037
238038
238039
238040
238041
238042
238043
238044
238045
238046
238047
238048
238049
238050
238051
238052
238053
238054
238055
238056
238057
238058
238059
238060
238061
238062
238063
238064
238065
238066
238107
238108
238109
238110
238111
238112
238113
238114
238115
238116
238117
238118
238119
238120
238121
238122
238123
238124
238125
238126
238127
238128
238129
238130
238131
238132
238133
238134
238135
238136
238137
238138
238139
238140
238141
238142
238143
238144
238145
238146
238147
238148
238149
238150
238151
238152
238153
238154
238155
238156
238157
238158
238159
238160
238161
238162
238163
238164
238165
238166
238167
238168
238169
238170
238171
238172
238173
238174
238175
238176
238177
238178
238179
238180
238181
238182
238183
238184
238185
238186
238228
238229
238230
238231
238232
238233
238234
238235
238236
238237
238238
238239
238240
238241
238242
238243
238244
238245
238246
238247
238248
238249
238250
238251
238252
238253
238254
238255
238256
238257
238258
238259
238260
238261
238262
238263
238264
238265
238266
238267
238268
238269
238270
238271
238272
238273
238274
238275
238276
238277
238278
238279
238280
238281
238282
238283
238284
238285
238286
238287
238288
238289
238290
238291
238292
238293
238294
238295
238296
238297
238298
238299
238300
238301
238302
238303
238304
238305
238348
238349
238350
238351
238352
238353
238354
238355
238356
238357
238358
238359
238360
238361
238362
238363
238364
238365
238366
238367
238368
238369
238370
238371
238372
238373
238374
238375
238376
238377
238378
238379
238380
238381
238382
238383
238384
238385
238386
238387
238388
238389
238390
238391
238392
238393
238394
238395
238396
238397
238398
238399
238400
238401
238402
238403
238404
238405
238406
238407
238408
238409
238410
238411
238412
238413
238414
238415
238416
238417
238418
238419
238420
238421
238422
238423
238424
238425
238468
238469
238470
238471
238472
238473
238474
238475
238476
238477
238478
238479
238480
238481
238482
238483
238484
238485
238486
238487
238488
238489
238490
238491
238492
238493
238494
238495
238496
238497
238498
238499
238500
238501
238502
238503
238504
238505
238506
238507
238508
238509
238510
238511
238512
238513
238514
238515
238516
238517
238518
238519
238520
238521
238522
238523
238524
238525
238526
238527
238528
238529
238530
238531
238532
238533
238534
238535
238536
238537
238538
238539
238540
238541
238542
238543
238544
238588
238589
238590
238591
238592
238593
238594
238595
238596
238597
238598
238599
238600
238601
238602
238603
238604
238605
238606
238607
238608
238609
238610
238611
238612
238613
238614
238615
238616
238617
238618
238619
238620
238621
238622
238623
238624
238625
238626
238627
238628
238629
238630
238631
238632
238633
238634
238635
238636
238637
238638
238639
238640
238641
238642
238643
238644
238645
238646
238647
238648
238649
238650
238651
238652
238653
238654
238655
238656
238657
238658
238659
238660
238661
238662
238663
238708
238709
238710
238711
238712
238713
238714
238715
238716
238717
238718
238719
238720
238721
238722
238723
238724
238725
238726
238727
238728
238729
238730
238731
238732
238733
238734
238735
238736
238737
238738
238739
238740
238741
238742
238743
238744
238745
238746
238747
238748
238749
238750
238751
238752
238753
238754
238755
238756
238757
238758
238759
238760
238761
238762
238763
238764
238765
238766
238767
238768
238769
238770
238771
238772
238773
238774
238775
238776
238777
238778
238779
238780
238781
238782
238827
238828
238829
238830
238831
238832
238833
238834
238835
238836
238837
238838
238839
238840
238841
238842
238843
238844
238845
238846
238847
238848
238849
238850
238851
238852
238853
238854
238855
238856
238857
238858
238859
238860
238861
238862
238863
238864
238865
238866
238867
238868
238869
238870
238871
238872
238873
238874
238875
238876
238877
238878
238879
238880
238881
238882
238883
238884
238885
238886
238887
238888
238889
238890
238891
238892
238893
238894
238895
238896
238897
238898
238899
238947
238948
238949
238950
238951
238952
238953
238954
238955
238956
238957
238958
238959
238960
238961
238962
238963
238964
238965
238966
238967
238968
238969
238970
238971
238972
238973
238974
238975
238976
238977
238978
238979
238980
238981
238982
238983
238984
238985
238986
238987
238988
238989
238990
238991
238992
238993
238994
238995
238996
238997
238998
238999
239000
239001
239002
239003
239004
239005
239006
239007
239008
239009
239010
239011
239012
239013
239014
239015
239016
239067
239068
239069
239070
239071
239072
239073
239074
239075
239076
239077
239078
239079
239080
239081
239082
239083
239084
239085
239086
239087
239088
239089
239090
239091
239092
239093
239094
239095
239096
239097
239098
239099
239100
239101
239102
239103
239104
239105
239106
239107
239108
239109
239110
239111
239112
239113
239114
239115
239116
239117
239118
239119
239120
239121
239122
239123
239124
239125
239126
239127
239128
239129
239130
239131
239132
239133
239134
239135
239187
239188
239189
239190
239191
239192
239193
239194
239195
239196
239197
239198
239199
239200
239201
239202
239203
239204
239205
239206
239207
239208
239209
239210
239211
239212
239213
239214
239215
239216
239217
239218
239219
239220
239221
239222
239223
239224
239225
239226
239227
239228
239229
239230
239231
239232
239233
239234
239235
239236
239237
239238
239239
239240
239241
239242
239243
239244
239245
239246
239247
239248
239249
239250
239251
239252
239253
239254
239255
239307
239308
239309
239310
239311
239312
239313
239314
239315
239316
239317
239318
239319
239320
239321
239322
239323
239324
239325
239326
239327
239328
239329
239330
239331
239332
239333
239334
239335
239336
239337
239338
239339
239340
239341
239342
239343
239344
239345
239346
239347
239348
239349
239350
239351
239352
239353
239354
239355
239356
239357
239358
239359
239360
239361
239362
239363
239364
239365
239366
239367
239368
239369
239370
239371
239372
239373
239374
239375
239376
239428
239429
239430
239431
239432
239433
239434
239435
239436
239437
239438
239439
239440
239441
239442
239443
239444
239445
239446
239447
239448
239449
239450
239451
239452
239453
239454
239455
239456
239457
239458
239459
239460
239461
239462
239463
239464
239465
239466
239467
239468
239469
239470
239471
239472
239473
239474
239475
239476
239477
239478
239479
239480
239481
239482
239483
239484
239485
239486
239487
239488
239489
239490
239491
239492
239493
239494
239495
239496
239548
239549
239550
239551
239552
239553
239554
239555
239556
239557
239558
239559
239560
239561
239562
239563
239564
239565
239566
239567
239568
239569
239570
239571
239572
239573
239574
239575
239576
239577
239578
239579
239580
239581
239582
239583
239584
239585
239586
239587
239588
239589
239590
239591
239592
239593
239594
239595
239596
239597
239598
239599
239600
239601
239604
239605
239606
239607
239608
239609
239610
239611
239612
239613
239614
239615
239616
239668
239669
239670
239671
239672
239673
239674
239675
239676
239677
239678
239679
239680
239681
239682
239683
239684
239685
239686
239687
239688
239689
239690
239691
239692
239693
239694
239695
239696
239697
239698
239699
239700
239701
239702
239703
239704
239705
239706
239707
239708
239709
239710
239711
239712
239713
239714
239715
239716
239717
239718
239719
239720
239721
239722
239725
239726
239727
239728
239729
239730
239731
239732
239733
239734
239735
239736
239737
239789
239790
239791
239792
239793
239794
239795
239796
239797
239798
239799
239800
239801
239802
239803
239804
239805
239806
239807
239808
239809
239810
239811
239812
239813
239814
239815
239816
239817
239818
239819
239820
239821
239822
239823
239824
239825
239826
239827
239828
239829
239830
239831
239832
239833
239834
239835
239836
239837
239838
239839
239840
239841
239842
239845
239846
239847
239848
239849
239850
239851
239852
239853
239854
239855
239856
239857
239910
239911
239912
239913
239914
239915
239916
239917
239918
239919
239920
239921
239922
239923
239924
239925
239926
239927
239928
239929
239930
239931
239932
239933
239934
239935
239936
239937
239938
239939
239940
239941
239942
239943
239944
239945
239946
239947
239948
239949
239950
239951
239952
239953
239954
239955
239956
239957
239958
239959
239960
239961
239962
239966
239967
239968
239969
239970
239971
239972
239973
239974
239975
239976
239977
240031
240032
240033
240034
240035
240036
240037
240038
240039
240040
240041
240042
240043
240044
240045
240046
240047
240048
240049
240050
240051
240052
240053
240054
240055
240056
240057
240058
240059
240060
240061
240062
240063
240064
240065
240066
240067
240068
240069
240070
240071
240072
240073
240074
240075
240076
240077
240078
240079
240080
240081
240082
240086
240087
240088
240089
240090
240091
240092
240093
240094
240095
240096
240153
240154
240155
240156
240157
240158
240159
240160
240161
240162
240163
240164
240165
240166
240167
240168
240169
240170
240171
240172
240173
240174
240175
240176
240177
240178
240179
240180
240181
240182
240183
240184
240185
240186
240187
240188
240189
240190
240191
240192
240193
240194
240195
240196
240197
240198
240199
240200
240201
240207
240208
240209
240210
240211
240212
240213
240214
240215
240216
240276
240277
240278
240279
240280
240281
240282
240283
240284
240285
240286
240287
240288
240289
240290
240291
240292
240293
240294
240295
240296
240297
240298
240299
240300
240301
240302
240303
240304
240305
240306
240307
240308
240309
240310
240311
240312
240313
240314
240315
240316
240317
240318
240319
240320
240321
240322
240328
240329
240330
240331
240332
240333
240334
240335
240400
240401
240402
240405
240406
240408
240409
240410
240411
240412
240413
240414
240415
240416
240417
240418
240419
240420
240421
240422
240423
240424
240425
240426
240427
240428
240429
240430
240431
240432
240433
240434
240435
240436
240437
240438
240439
240440
240441
240442
240450
240451
240452
240453
240531
240532
240533
240534
240535
240536
240537
240538
240539
240540
240541
240542
240543
240544
240545
240546
240547
240548
240549
240550
240551
240552
240553
240554
240555
240556
240557
240558
240559
240560
240561
240654
240655
240656
240657
240658
240659
240660
240661
240662
240663
240664
240665
240666
240667
240668
240669
240670
240671
240672
240673
240674
240675
240676
240677
240678
240679
240680
240681
240777
240778
240779
240780
240781
240782
240783
240784
240785
240786
240787
240788
240789
240790
240791
240792
240793
240794
240795
240796
240797
240798
240799
240800
240801
240900
240901
240902
240903
240904
240905
240906
240907
240908
240909
240910
240911
240912
240913
240914
240915
240916
240917
240918
240919
240920
241023
241024
241025
241026
241027
241028
241029
241030
241031
241032
241033
241034
241035
241036
241037
241038
241039
241144
241145
241146
241147
241148
241149
241150
241151
241152
241153
241154
241155
241156
241157
241158
241159
241265
241266
241267
241268
241269
241270
241271
241272
241273
241274
241275
241276
241277
241386
241387
241388
241389
241390
241391
241392
241393
241394
241395
241396
241508
241509
241510
241511
241512
241513
241514
241515
241631
241632
247374
247490
247491
247492
247493
247494
247495
247496
247497
247498
247607
247608
247609
247610
247611
247612
247613
247614
247615
247616
247617
247618
247619
247620
247621
247622
247724
247725
247726
247727
247728
247729
247730
247731
247732
247733
247734
247735
247736
247737
247738
247739
247740
247741
247742
247743
247744
247842
247843
247844
247845
247846
247847
247848
247849
247850
247851
247852
247853
247854
247855
247856
247857
247858
247859
247860
247861
247862
247863
247864
247865
247866
247960
247961
247962
247963
247964
247965
247966
247967
247968
247969
247970
247971
247972
247973
247974
247975
247976
247977
247978
247979
247980
247981
247982
247983
247984
247985
247986
247987
248078
248079
248080
248081
248082
248083
248084
248085
248086
248087
248088
248089
248090
248091
248092
248093
248094
248095
248096
248097
248098
248099
248100
248101
248102
248103
248104
248105
248106
248107
248108
248196
248197
248198
248199
248200
248201
248202
248203
248204
248205
248206
248207
248208
248209
248210
248211
248212
248213
248214
248215
248216
248217
248218
248219
248220
248221
248222
248223
248224
248225
248226
248227
248228
248315
248316
248317
248318
248319
248320
248321
248322
248323
248324
248325
248326
248327
248328
248329
248330
248331
248332
248333
248334
248335
248336
248337
248338
248339
248340
248341
248342
248343
248344
248345
248346
248347
248348
248433
248434
248435
248436
248437
248438
248439
248440
248441
248442
248443
248444
248445
248446
248447
248448
248449
248450
248451
248452
248453
248454
248455
248456
248457
248458
248459
248460
248461
248462
248463
248464
248465
248466
248467
248468
248469
248552
248553
248554
248555
248556
248557
248558
248559
248560
248561
248562
248563
248564
248565
248566
248567
248568
248569
248570
248571
248572
248573
248574
248575
248576
248577
248578
248579
248580
248581
248582
248583
248584
248585
248586
248587
248588
248589
248671
248672
248673
248674
248675
248676
248677
248678
248679
248680
248681
248682
248683
248684
248685
248686
248687
248688
248689
248690
248691
248692
248693
248694
248695
248696
248697
248698
248699
248700
248701
248702
248703
248704
248705
248706
248707
248708
248709
248790
248791
248792
248793
248794
248795
248796
248797
248798
248799
248800
248801
248802
248803
248804
248805
248806
248807
248808
248809
248810
248811
248812
248813
248814
248815
248816
248817
248818
248819
248820
248821
248822
248823
248824
248825
248826
248827
248828
248829
248830
248909
248910
248911
248912
248913
248914
248915
248916
248917
248918
248919
248920
248921
248922
248923
248924
248925
248926
248927
248928
248929
248930
248931
248932
248933
248934
248935
248936
248937
248938
248939
248940
248941
248942
248943
248944
248945
248946
248947
248948
248949
248950
249028
249029
249030
249031
249032
249033
249034
249035
249036
249037
249038
249039
249040
249041
249042
249043
249044
249045
249046
249047
249048
249049
249050
249051
249052
249053
249054
249055
249056
249057
249058
249059
249060
249061
249062
249063
249064
249065
249066
249067
249068
249069
249070
249147
249148
249149
249150
249151
249152
249153
249154
249155
249156
249157
249158
249159
249160
249161
249162
249163
249164
249165
249166
249167
249168
249169
249170
249171
249172
249173
249174
249175
249176
249177
249178
249179
249180
249181
249182
249183
249184
249185
249186
249187
249188
249189
249190
249191
249267
249268
249269
249270
249271
249272
249273
249274
249275
249276
249277
249278
249279
249280
249281
249282
249283
249284
249285
249286
249287
249288
249289
249290
249291
249292
249293
249294
249295
249296
249297
249298
249299
249300
249301
249302
249303
249304
249305
249306
249307
249308
249309
249310
249311
249312
249386
249387
249388
249389
249390
249391
249392
249393
249394
249395
249396
249397
249398
249399
249400
249401
249402
249403
249404
249405
249406
249407
249408
249409
249410
249411
249412
249413
249414
249415
249416
249417
249418
249419
249420
249421
249422
249423
249424
249425
249426
249427
249428
249429
249430
249431
249432
249433
249506
249507
249508
249509
249510
249511
249512
249513
249514
249515
249516
249517
249518
249519
249520
249521
249522
249523
249524
249525
249526
249527
249528
249529
249530
249531
249532
249533
249534
249535
249536
249537
249538
249539
249540
249541
249542
249543
249544
249545
249546
249547
249548
249549
249550
249551
249552
249553
249554
249625
249626
249627
249628
249629
249630
249631
249632
249633
249634
249635
249636
249637
249638
249639
249640
249641
249642
249643
249644
249645
249646
249647
249648
249649
249650
249651
249652
249653
249654
249655
249656
249657
249658
249659
249660
249661
249662
249663
249664
249665
249666
249667
249668
249669
249670
249671
249672
249673
249674
249675
249676
249677
249679
249680
249681
249682
249683
249684
249745
249746
249747
249748
249749
249750
249751
249752
249753
249754
249755
249756
249757
249758
249759
249760
249761
249762
249763
249764
249765
249766
249767
249768
249769
249770
249771
249772
249773
249774
249775
249776
249777
249778
249779
249780
249781
249782
249783
249784
249785
249786
249787
249788
249789
249790
249791
249792
249793
249794
249795
249796
249797
249798
249799
249800
249801
249802
249803
249804
249805
249806
249807
249865
249866
249867
249868
249869
249870
249871
249872
249873
249874
249875
249876
249877
249878
249879
249880
249881
249882
249883
249884
249885
249886
249887
249888
249889
249890
249891
249892
249893
249894
249895
249896
249897
249898
249899
249900
249901
249902
249903
249904
249905
249906
249907
249908
249909
249910
249911
249912
249913
249914
249915
249916
249917
249918
249919
249920
249921
249922
249923
249924
249925
249926
249927
249928
249929
249984
249985
249986
249987
249988
249989
249990
249991
249992
249993
249994
249995
249996
249997
249998
249999
250000
250001
250002
250003
250004
250005
250006
250007
250008
250009
250010
250011
250012
250013
250014
250015
250016
250017
250018
250019
250020
250021
250022
250023
250024
250025
250026
250027
250028
250029
250030
250031
250032
250033
250034
250035
250036
250037
250038
250039
250040
250041
250042
250043
250044
250045
250046
250047
250048
250049
250050
250051
250104
250105
250106
250107
250108
250109
250110
250111
250112
250113
250114
250115
250116
250117
250118
250119
250120
250121
250122
250123
250124
250125
250126
250127
250128
250129
250130
250131
250132
250133
250134
250135
250136
250137
250138
250139
250140
250141
250142
250143
250144
250145
250146
250147
250148
250149
250150
250151
250152
250153
250154
250155
250156
250157
250158
250159
250160
250161
250162
250163
250164
250165
250166
250167
250168
250169
250170
250171
250172
250224
250225
250226
250227
250228
250229
250230
250231
250232
250233
250234
250235
250236
250237
250238
250239
250240
250241
250242
250243
250244
250245
250246
250247
250248
250249
250250
250251
250252
250253
250254
250255
250256
250257
250258
250259
250260
250261
250262
250263
250264
250265
250266
250267
250268
250269
250270
250271
250272
250273
250274
250275
250276
250277
250278
250279
250280
250281
250282
250283
250284
250285
250286
250287
250288
250289
250290
250291
250292
250293
250294
250295
250344
250345
250346
250347
250348
250349
250350
250351
250352
250353
250354
250355
250356
250357
250358
250359
250360
250361
250362
250363
250364
250365
250366
250367
250368
250369
250370
250371
250372
250373
250374
250375
250376
250377
250378
250379
250380
250381
250382
250383
250384
250385
250386
250387
250388
250389
250390
250391
250392
250393
250394
250395
250396
250397
250398
250399
250400
250401
250402
250403
250404
250405
250406
250407
250408
250409
250410
250411
250412
250413
250414
250415
250416
250417
250418
250419
250420
250421
250422
250423
250424
250463
250464
250465
250466
250467
250468
250469
250470
250471
250472
250473
250474
250475
250476
250477
250478
250479
250480
250481
250482
250483
250484
250485
250486
250487
250488
250489
250490
250491
250492
250493
250494
250495
250496
250497
250498
250499
250500
250501
250502
250503
250504
250505
250506
250507
250508
250509
250510
250511
250512
250513
250514
250515
250516
250517
250518
250519
250520
250521
250522
250523
250524
250525
250526
250527
250528
250529
250530
250531
250532
250533
250534
250535
250536
250537
250538
250539
250540
250541
250542
250543
250544
250545
250583
250584
250585
250586
250587
250588
250589
250590
250591
250592
250593
250594
250595
250596
250597
250598
250599
250600
250601
250602
250603
250604
250605
250606
250607
250608
250609
250610
250611
250612
250613
250614
250615
250616
250617
250618
250619
250620
250621
250622
250623
250624
250625
250626
250627
250628
250629
250630
250631
250632
250633
250634
250635
250636
250637
250638
250639
250640
250641
250642
250643
250644
250645
250646
250647
250648
250649
250650
250651
250652
250653
250654
250655
250656
250657
250658
250659
250660
250661
250662
250663
250664
250665
250703
250704
250705
250706
250707
250708
250709
250710
250711
250712
250713
250714
250715
250716
250717
250718
250719
250720
250721
250722
250723
250724
250725
250726
250727
250728
250729
250730
250731
250732
250733
250734
250735
250736
250737
250738
250739
250740
250741
250742
250743
250744
250745
250746
250747
250748
250749
250750
250751
250752
250753
250754
250755
250756
250757
250758
250759
250760
250761
250762
250763
250764
250765
250766
250767
250768
250769
250770
250771
250772
250773
250774
250775
250776
250777
250778
250779
250780
250781
250782
250783
250784
250785
250786
250823
250824
250825
250826
250827
250828
250829
250830
250831
250832
250833
250834
250835
250836
250837
250838
250839
250840
250841
250842
250843
250844
250845
250846
250847
250848
250849
250850
250851
250852
250853
250854
250855
250856
250857
250858
250859
250860
250861
250862
250863
250864
250865
250866
250867
250868
250869
250870
250871
250872
250873
250874
250875
250876
250877
250878
250879
250880
250881
250882
250883
250884
250885
250886
250887
250888
250889
250890
250891
250892
250893
250894
250895
250896
250897
250898
250899
250900
250901
250902
250903
250904
250905
250906
250942
250943
250944
250945
250946
250947
250948
250949
250950
250951
250952
250953
250954
250955
250956
250957
250958
250959
250960
250961
250962
250963
250964
250965
250966
250967
250968
250969
250970
250971
250972
250973
250974
250975
250976
250977
250978
250979
250980
250981
250982
250983
250984
250985
250986
250987
250988
250989
250990
250991
250992
250993
250994
250995
250996
250997
250998
250999
251000
251001
251002
251003
251004
251005
251006
251007
251008
251009
251010
251011
251012
251013
251014
251015
251016
251017
251018
251019
251020
251021
251022
251023
251024
251025
251026
251062
251063
251064
251065
251066
251067
251068
251069
251070
251071
251072
251073
251074
251075
251076
251077
251078
251079
251080
251081
251082
251083
251084
251085
251086
251087
251088
251089
251090
251091
251092
251093
251094
251095
251096
251097
251098
251099
251100
251101
251102
251103
251104
251105
251106
251107
251108
251109
251110
251111
251112
251113
251114
251115
251116
251117
251118
251119
251120
251121
251122
251123
251124
251125
251126
251127
251128
251129
251130
251131
251132
251133
251134
251135
251136
251137
251138
251139
251140
251141
251142
251143
251144
251145
251146
251147
251182
251183
251184
251185
251186
251187
251188
251189
251190
251191
251192
251193
251194
251195
251196
251197
251198
251199
251200
251201
251202
251203
251204
251205
251206
251207
251208
251209
251210
251211
251212
251213
251214
251215
251216
251217
251218
251219
251220
251221
251222
251223
251224
251225
251226
251227
251228
251229
251230
251231
251232
251233
251234
251235
251236
251237
251238
251239
251240
251241
251242
251243
251244
251245
251246
251247
251248
251249
251250
251251
251252
251253
251254
251255
251256
251257
251258
251259
251260
251261
251262
251263
251264
251265
251266
251267
251302
251303
251304
251305
251306
251307
251308
251309
251310
251311
251312
251313
251314
251315
251316
251317
251318
251319
251320
251321
251322
251323
251324
251325
251326
251327
251328
251329
251330
251331
251332
251333
251334
251335
251336
251337
251338
251339
251340
251341
251342
251343
251344
251345
251346
251347
251348
251349
251350
251351
251352
251353
251354
251355
251356
251357
251358
251359
251360
251361
251362
251363
251364
251365
251366
251367
251368
251369
251370
251371
251372
251373
251374
251375
251376
251377
251378
251379
251380
251381
251382
251383
251384
251385
251386
251387
251423
251424
251425
251426
251427
251428
251429
251430
251431
251432
251433
251434
251435
251436
251437
251438
251439
251440
251441
251442
251443
251444
251445
251446
251447
251448
251449
251450
251451
251452
251453
251454
251455
251456
251457
251458
251459
251460
251461
251462
251463
251464
251465
251466
251467
251468
251469
251470
251471
251472
251473
251474
251475
251476
251477
251478
251479
251480
251481
251482
251483
251484
251485
251486
251487
251488
251489
251490
251491
251492
251493
251494
251495
251496
251497
251498
251499
251500
251501
251502
251503
251504
251505
251506
251507
251508
251543
251544
251545
251546
251547
251548
251549
251550
251551
251552
251553
251554
251555
251556
251557
251558
251559
251560
251561
251562
251563
251564
251565
251566
251567
251568
251569
251570
251571
251572
251573
251574
251575
251576
251577
251578
251579
251580
251581
251582
251583
251584
251585
251586
251587
251588
251589
251590
251591
251592
251593
251594
251595
251596
251597
251598
251599
251600
251601
251602
251603
251604
251605
251606
251607
251608
251609
251610
251611
251612
251613
251614
251615
251616
251617
251618
251619
251620
251621
251622
251623
251624
251625
251626
251627
251628
251663
251664
251665
251666
251667
251668
251669
251670
251671
251672
251673
251674
251675
251676
251677
251678
251679
251680
251681
251682
251683
251684
251685
251686
251687
251688
251689
251690
251691
251692
251693
251694
251695
251696
251697
251698
251699
251700
251701
251702
251703
251704
251705
251706
251707
251708
251709
251710
251711
251712
251713
251714
251715
251716
251717
251718
251719
251720
251721
251722
251723
251724
251725
251726
251727
251728
251729
251730
251731
251732
251733
251734
251735
251736
251737
251738
251739
251740
251741
251742
251743
251744
251745
251746
251747
251748
251783
251784
251785
251786
251787
251788
251789
251790
251791
251792
251793
251794
251795
251796
251797
251798
251799
251800
251801
251802
251803
251804
251805
251806
251807
251808
251809
251810
251811
251812
251813
251814
251815
251816
251817
251818
251819
251820
251821
251822
251823
251824
251825
251826
251827
251828
251829
251830
251831
251832
251833
251834
251835
251836
251837
251838
251839
251840
251841
251842
251843
251844
251845
251846
251847
251848
251849
251850
251851
251852
251853
251854
251855
251856
251857
251858
251859
251860
251861
251862
251863
251864
251865
251866
251867
251868
251904
251905
251906
251907
251908
251909
251910
251911
251912
251913
251914
251915
251916
251917
251918
251919
251920
251921
251922
251923
251924
251925
251926
251927
251928
251929
251930
251931
251932
251933
251934
251935
251936
251937
251938
251939
251940
251941
251942
251943
251944
251945
251946
251947
251948
251949
251950
251951
251952
251953
251954
251955
251956
251957
251958
251959
251960
251961
251962
251963
251964
251965
251966
251967
251968
251969
251970
251971
251972
251973
251974
251975
251976
251977
251978
251979
251980
251981
251982
251983
251984
251985
251986
251987
252024
252025
252026
252027
252028
252029
252030
252031
252032
252033
252034
252035
252036
252037
252038
252039
252040
252041
252042
252043
252044
252045
252046
252047
252048
252049
252050
252051
252052
252053
252054
252055
252056
252057
252058
252059
252060
252061
252062
252063
252064
252065
252066
252067
252068
252069
252070
252071
252072
252073
252074
252075
252076
252077
252078
252079
252080
252081
252082
252083
252084
252085
252086
252087
252088
252089
252090
252091
252092
252093
252094
252095
252096
252097
252098
252099
252100
252101
252102
252103
252104
252105
252106
252107
252144
252145
252146
252147
252148
252149
252150
252151
252152
252153
252154
252155
252156
252157
252158
252159
252160
252161
252162
252163
252164
252165
252166
252167
252168
252169
252170
252171
252172
252173
252174
252175
252176
252177
252178
252179
252180
252181
252182
252183
252184
252185
252186
252187
252188
252189
252190
252191
252192
252193
252194
252195
252196
252197
252198
252199
252200
252201
252202
252203
252204
252205
252206
252207
252208
252209
252210
252211
252212
252213
252214
252215
252216
252217
252218
252219
252220
252221
252222
252223
252224
252225
252226
252227
252264
252265
252266
252267
252268
252269
252270
252271
252272
252273
252274
252275
252276
252277
252278
252279
252280
252281
252282
252283
252284
252285
252286
252287
252288
252289
252290
252291
252292
252293
252294
252295
252296
252297
252298
252299
252300
252301
252302
252303
252304
252305
252306
252307
252308
252309
252310
252311
252312
252313
252314
252315
252316
252317
252318
252319
252320
252321
252322
252323
252324
252325
252326
252327
252328
252329
252330
252331
252332
252333
252334
252335
252336
252337
252338
252339
252340
252341
252342
252343
252344
252345
252346
252347
252385
252386
252387
252388
252389
252390
252391
252392
252393
252394
252395
252396
252397
252398
252399
252400
252401
252402
252403
252404
252405
252406
252407
252408
252409
252410
252411
252412
252413
252414
252415
252416
252417
252418
252419
252420
252421
252422
252423
252424
252425
252426
252427
252428
252429
252430
252431
252432
252433
252434
252435
252436
252437
252438
252439
252440
252441
252442
252443
252444
252445
252446
252447
252448
252449
252450
252451
252452
252453
252454
252455
252456
252457
252458
252459
252460
252461
252462
252463
252464
252465
252466
252467
252506
252507
252508
252509
252510
252511
252512
252513
252514
252515
252516
252517
252518
252519
252520
252521
252522
252523
252524
252525
252526
252527
252528
252529
252530
252531
252532
252533
252534
252535
252536
252537
252538
252539
252540
252541
252542
252543
252544
252545
252546
252547
252548
252549
252550
252551
252552
252553
252554
252555
252556
252557
252558
252559
252560
252561
252562
252563
252564
252565
252566
252567
252568
252569
252570
252571
252572
252573
252574
252575
252576
252577
252578
252579
252580
252581
252582
252583
252584
252585
252586
252587
252626
252627
252628
252629
252630
252631
252632
252633
252634
252635
252636
252637
252638
252639
252640
252641
252642
252643
252644
252645
252646
252647
252648
252649
252650
252651
252652
252653
252654
252655
252656
252657
252658
252659
252660
252661
252662
252663
252664
252665
252666
252667
252668
252669
252670
252671
252672
252673
252674
252675
252676
252677
252678
252679
252680
252681
252682
252683
252684
252685
252686
252687
252688
252689
252690
252691
252692
252693
252694
252695
252696
252697
252698
252699
252700
252701
252702
252703
252704
252705
252706
252747
252748
252749
252750
252751
252752
252753
252754
252755
252756
252757
252758
252759
252760
252761
252762
252763
252764
252765
252766
252767
252768
252769
252770
252771
252772
252773
252774
252775
252776
252777
252778
252779
252780
252781
252782
252783
252784
252785
252786
252787
252788
252789
252790
252791
252792
252793
252794
252795
252796
252797
252798
252799
252800
252801
252802
252803
252804
252805
252806
252807
252808
252809
252810
252811
252812
252813
252814
252815
252816
252817
252818
252819
252820
252821
252822
252823
252824
252825
252826
252867
252868
252869
252870
252871
252872
252873
252874
252875
252876
252877
252878
252879
252880
252881
252882
252883
252884
252885
252886
252887
252888
252889
252890
252891
252892
252893
252894
252895
252896
252897
252898
252899
252900
252901
252902
252903
252904
252905
252906
252907
252908
252909
252910
252911
252912
252913
252914
252915
252916
252917
252918
252919
252920
252921
252922
252923
252924
252925
252926
252927
252928
252929
252930
252931
252932
252933
252934
252935
252936
252937
252938
252939
252940
252941
252942
252943
252944
252945
252946
252987
252988
252989
252990
252991
252992
252993
252994
252995
252996
252997
252998
252999
253000
253001
253002
253003
253004
253005
253006
253007
253008
253009
253010
253011
253012
253013
253014
253015
253016
253017
253018
253019
253020
253021
253022
253023
253024
253025
253026
253027
253028
253029
253030
253031
253032
253033
253034
253035
253036
253037
253038
253039
253040
253041
253042
253043
253044
253045
253046
253047
253048
253049
253050
253051
253052
253053
253054
253055
253056
253057
253058
253059
253060
253061
253062
253063
253064
253065
253107
253108
253109
253110
253111
253112
253113
253114
253115
253116
253117
253118
253119
253120
253121
253122
253123
253124
253125
253126
253127
253128
253129
253130
253131
253132
253133
253134
253135
253136
253137
253138
253139
253140
253141
253142
253143
253144
253145
253146
253147
253148
253149
253150
253151
253152
253153
253154
253155
253156
253157
253158
253159
253160
253161
253162
253163
253164
253165
253166
253167
253168
253169
253170
253171
253172
253173
253174
253175
253176
253177
253178
253179
253180
253181
253182
253183
253184
253226
253227
253228
253229
253230
253231
253232
253233
253234
253235
253236
253237
253238
253239
253240
253241
253242
253243
253244
253245
253246
253247
253248
253249
253250
253251
253252
253253
253254
253255
253256
253257
253258
253259
253260
253261
253262
253263
253264
253265
253266
253267
253268
253269
253270
253271
253272
253273
253274
253275
253276
253277
253278
253279
253280
253281
253282
253283
253284
253285
253286
253287
253288
253289
253290
253291
253292
253293
253294
253295
253296
253297
253298
253299
253300
253301
253302
253346
253347
253348
253349
253350
253351
253352
253353
253354
253355
253356
253357
253358
253359
253360
253361
253362
253363
253364
253365
253366
253367
253368
253369
253370
253371
253372
253373
253374
253375
253376
253377
253378
253379
253380
253381
253382
253383
253384
253385
253386
253387
253388
253389
253390
253391
253392
253393
253394
253395
253396
253397
253398
253399
253400
253401
253402
253403
253404
253405
253406
253407
253408
253409
253410
253411
253412
253413
253414
253415
253416
253417
253418
253419
253466
253467
253468
253469
253470
253471
253472
253473
253474
253475
253476
253477
253478
253479
253480
253481
253482
253483
253484
253485
253486
253487
253488
253489
253490
253491
253492
253493
253494
253495
253496
253497
253498
253499
253500
253501
253502
253503
253504
253505
253506
253507
253508
253509
253510
253511
253512
253513
253514
253515
253516
253517
253518
253519
253520
253521
253522
253523
253524
253525
253526
253527
253528
253529
253530
253531
253532
253533
253534
253535
253536
253586
253587
253588
253589
253590
253591
253592
253593
253594
253595
253596
253597
253598
253599
253600
253601
253602
253603
253604
253605
253606
253607
253608
253609
253610
253611
253612
253613
253614
253615
253616
253617
253618
253619
253620
253621
253622
253623
253624
253625
253626
253627
253628
253629
253630
253631
253632
253633
253634
253635
253636
253637
253638
253639
253640
253641
253642
253643
253644
253645
253646
253647
253648
253649
253650
253651
253652
253653
253654
253655
253656
253706
253707
253708
253709
253710
253711
253712
253713
253714
253715
253716
253717
253718
253719
253720
253721
253722
253723
253724
253725
253726
253727
253728
253729
253730
253731
253732
253733
253734
253735
253736
253737
253738
253739
253740
253741
253742
253743
253744
253745
253746
253747
253748
253749
253750
253751
253752
253753
253754
253755
253756
253757
253758
253759
253760
253761
253762
253763
253764
253765
253766
253767
253768
253769
253770
253771
253772
253773
253774
253775
253776
253777
253827
253828
253829
253830
253831
253832
253833
253834
253835
253836
253837
253838
253839
253840
253841
253842
253843
253844
253845
253846
253847
253848
253849
253850
253851
253852
253853
253854
253855
253856
253857
253858
253859
253860
253861
253862
253863
253864
253865
253866
253867
253868
253869
253870
253871
253872
253873
253874
253875
253876
253877
253878
253879
253880
253881
253882
253883
253884
253885
253886
253887
253888
253889
253890
253891
253892
253893
253894
253895
253896
253897
253947
253948
253949
253950
253951
253952
253953
253954
253955
253956
253957
253958
253959
253960
253961
253962
253963
253964
253965
253966
253967
253968
253969
253970
253971
253972
253973
253974
253975
253976
253977
253978
253979
253980
253981
253982
253983
253984
253985
253986
253987
253988
253989
253990
253991
253992
253993
253994
253995
253996
253997
253998
253999
254000
254001
254002
254003
254004
254005
254006
254007
254008
254009
254010
254011
254012
254013
254014
254015
254016
254017
254067
254068
254069
254070
254071
254072
254073
254074
254075
254076
254077
254078
254079
254080
254081
254082
254083
254084
254085
254086
254087
254088
254089
254090
254091
254092
254093
254094
254095
254096
254097
254098
254099
254100
254101
254102
254103
254104
254105
254106
254107
254108
254109
254110
254111
254112
254113
254114
254115
254116
254117
254118
254119
254120
254121
254122
254123
254124
254125
254126
254127
254128
254129
254130
254131
254132
254133
254134
254135
254136
254137
254138
254188
254189
254190
254191
254192
254193
254194
254195
254196
254197
254198
254199
254200
254201
254202
254203
254204
254205
254206
254207
254208
254209
254210
254211
254212
254213
254214
254215
254216
254217
254218
254219
254220
254221
254222
254223
254224
254225
254226
254227
254228
254229
254230
254231
254232
254233
254234
254235
254236
254237
254238
254239
254240
254241
254242
254243
254244
254245
254246
254247
254248
254249
254250
254251
254252
254253
254254
254255
254256
254257
254258
254309
254310
254311
254312
254313
254314
254315
254316
254317
254318
254319
254320
254321
254322
254323
254324
254325
254326
254327
254328
254329
254330
254331
254332
254333
254334
254335
254336
254337
254338
254339
254340
254341
254342
254343
254344
254345
254346
254347
254348
254349
254350
254351
254352
254353
254354
254355
254356
254357
254358
254359
254360
254361
254362
254363
254365
254366
254367
254368
254369
254370
254371
254372
254373
254374
254375
254376
254377
254378
254430
254431
254432
254433
254434
254435
254436
254437
254438
254439
254440
254441
254442
254443
254444
254445
254446
254447
254448
254449
254450
254451
254452
254453
254454
254455
254456
254457
254458
254459
254460
254461
254462
254463
254464
254465
254466
254467
254468
254469
254470
254471
254472
254473
254474
254475
254476
254477
254478
254479
254480
254481
254482
254483
254485
254486
254487
254488
254489
254490
254491
254492
254493
254494
254495
254496
254497
254551
254552
254553
254554
254555
254556
254557
254558
254559
254560
254561
254562
254563
254564
254565
254566
254567
254568
254569
254570
254571
254572
254573
254574
254575
254576
254577
254578
254579
254580
254581
254582
254583
254584
254585
254586
254587
254588
254589
254590
254591
254592
254593
254594
254595
254596
254597
254598
254599
254600
254601
254602
254605
254606
254607
254608
254609
254610
254611
254612
254613
254614
254615
254616
254617
254673
254674
254675
254676
254677
254678
254679
254680
254681
254682
254683
254684
254685
254686
254687
254688
254689
254690
254691
254692
254693
254694
254695
254696
254697
254698
254699
254700
254701
254702
254703
254704
254705
254706
254707
254708
254709
254710
254711
254712
254713
254714
254715
254716
254717
254718
254719
254720
254721
254722
254723
254726
254727
254728
254729
254730
254731
254732
254733
254734
254735
254736
254796
254797
254798
254799
254800
254801
254802
254803
254804
254805
254806
254807
254808
254809
254810
254811
254812
254813
254814
254815
254816
254817
254818
254819
254820
254821
254822
254823
254824
254825
254826
254827
254828
254829
254830
254831
254832
254833
254834
254835
254836
254837
254838
254839
254840
254841
254842
254843
254847
254848
254849
254850
254851
254852
254853
254854
254855
254920
254921
254922
254925
254926
254928
254929
254930
254931
254932
254933
254934
254935
254936
254937
254938
254939
254940
254941
254942
254943
254944
254945
254946
254947
254948
254949
254950
254951
254952
254953
254954
254955
254956
254957
254958
254959
254960
254961
254962
254970
254971
254972
254973
255051
255052
255053
255054
255055
255056
255057
255058
255059
255060
255061
255062
255063
255064
255065
255066
255067
255068
255069
255070
255071
255072
255073
255074
255075
255076
255077
255078
255079
255080
255081
255082
255174
255175
255176
255177
255178
255179
255180
255181
255182
255183
255184
255185
255186
255187
255188
255189
255190
255191
255192
255193
255194
255195
255196
255197
255198
255199
255200
255201
255202
255297
255298
255299
255300
255301
255302
255303
255304
255305
255306
255307
255308
255309
255310
255311
255312
255313
255314
255315
255316
255317
255318
255319
255320
255321
255420
255421
255422
255423
255424
255425
255426
255427
255428
255429
255430
255431
255432
255433
255434
255435
255436
255437
255438
255439
255440
255441
255543
255544
255545
255546
255547
255548
255549
255550
255551
255552
255553
255554
255555
255556
255557
255558
255559
255560
255664
255665
255666
255667
255668
255669
255670
255671
255672
255673
255674
255675
255676
255677
255678
255679
255785
255786
255787
255788
255789
255790
255791
255792
255793
255794
255795
255796
255797
255906
255907
255908
255909
255910
255911
255912
255913
255914
255915
255916
256028
256029
256030
256031
256032
256033
256034
256035
256151
256152
261654
261770
261771
261772
261773
261774
261775
261776
261777
261778
261887
261888
261889
261890
261891
261892
261893
261894
261895
261896
261897
261898
261899
261900
261901
261902
262004
262005
262006
262007
262008
262009
262010
262011
262012
262013
262014
262015
262016
262017
262018
262019
262020
262021
262022
262023
262024
262122
262123
262124
262125
262126
262127
262128
262129
262130
262131
262132
262133
262134
262135
262136
262137
262138
262139
262140
262141
262142
262143
262144
262145
262146
262240
262241
262242
262243
262244
262245
262246
262247
262248
262249
262250
262251
262252
262253
262254
262255
262256
262257
262258
262259
262260
262261
262262
262263
262264
262265
262266
262267
262268
262358
262359
262360
262361
262362
262363
262364
262365
262366
262367
262368
262369
262370
262371
262372
262373
262374
262375
262376
262377
262378
262379
262380
262381
262382
262383
262384
262385
262386
262387
262388
262476
262477
262478
262479
262480
262481
262482
262483
262484
262485
262486
262487
262488
262489
262490
262491
262492
262493
262494
262495
262496
262497
262498
262499
262500
262501
262502
262503
262504
262505
262506
262507
262508
262509
262594
262595
262596
262597
262598
262599
262600
262601
262602
262603
262604
262605
262606
262607
262608
262609
262610
262611
262612
262613
262614
262615
262616
262617
262618
262619
262620
262621
262622
262623
262624
262625
262626
262627
262628
262629
262713
262714
262715
262716
262717
262718
262719
262720
262721
262722
262723
262724
262725
262726
262727
262728
262729
262730
262731
262732
262733
262734
262735
262736
262737
262738
262739
262740
262741
262742
262743
262744
262745
262746
262747
262748
262749
262831
262832
262833
262834
262835
262836
262837
262838
262839
262840
262841
262842
262843
262844
262845
262846
262847
262848
262849
262850
262851
262852
262853
262854
262855
262856
262857
262858
262859
262860
262861
262862
262863
262864
262865
262866
262867
262868
262869
262870
262950
262951
262952
262953
262954
262955
262956
262957
262958
262959
262960
262961
262962
262963
262964
262965
262966
262967
262968
262969
262970
262971
262972
262973
262974
262975
262976
262977
262978
262979
262980
262981
262982
262983
262984
262985
262986
262987
262988
262989
262990
263069
263070
263071
263072
263073
263074
263075
263076
263077
263078
263079
263080
263081
263082
263083
263084
263085
263086
263087
263088
263089
263090
263091
263092
263093
263094
263095
263096
263097
263098
263099
263100
263101
263102
263103
263104
263105
263106
263107
263108
263109
263110
263188
263189
263190
263191
263192
263193
263194
263195
263196
263197
263198
263199
263200
263201
263202
263203
263204
263205
263206
263207
263208
263209
263210
263211
263212
263213
263214
263215
263216
263217
263218
263219
263220
263221
263222
263223
263224
263225
263226
263227
263228
263229
263230
263231
263307
263308
263309
263310
263311
263312
263313
263314
263315
263316
263317
263318
263319
263320
263321
263322
263323
263324
263325
263326
263327
263328
263329
263330
263331
263332
263333
263334
263335
263336
263337
263338
263339
263340
263341
263342
263343
263344
263345
263346
263347
263348
263349
263350
263351
263427
263428
263429
263430
263431
263432
263433
263434
263435
263436
263437
263438
263439
263440
263441
263442
263443
263444
263445
263446
263447
263448
263449
263450
263451
263452
263453
263454
263455
263456
263457
263458
263459
263460
263461
263462
263463
263464
263465
263466
263467
263468
263469
263470
263471
263546
263547
263548
263549
263550
263551
263552
263553
263554
263555
263556
263557
263558
263559
263560
263561
263562
263563
263564
263565
263566
263567
263568
263569
263570
263571
263572
263573
263574
263575
263576
263577
263578
263579
263580
263581
263582
263583
263584
263585
263586
263587
263588
263589
263590
263591
263592
263666
263667
263668
263669
263670
263671
263672
263673
263674
263675
263676
263677
263678
263679
263680
263681
263682
263683
263684
263685
263686
263687
263688
263689
263690
263691
263692
263693
263694
263695
263696
263697
263698
263699
263700
263701
263702
263703
263704
263705
263706
263707
263708
263709
263710
263711
263712
263713
263785
263786
263787
263788
263789
263790
263791
263792
263793
263794
263795
263796
263797
263798
263799
263800
263801
263802
263803
263804
263805
263806
263807
263808
263809
263810
263811
263812
263813
263814
263815
263816
263817
263818
263819
263820
263821
263822
263823
263824
263825
263826
263827
263828
263829
263830
263831
263832
263833
263834
263904
263905
263906
263907
263908
263909
263910
263911
263912
263913
263914
263915
263916
263917
263918
263919
263920
263921
263922
263923
263924
263925
263926
263927
263928
263929
263930
263931
263932
263933
263934
263935
263936
263937
263938
263939
263940
263941
263942
263943
263944
263945
263946
263947
263948
263949
263950
263951
263952
263953
263954
263955
263956
263957
263959
263960
263961
263962
263963
263964
264024
264025
264026
264027
264028
264029
264030
264031
264032
264033
264034
264035
264036
264037
264038
264039
264040
264041
264042
264043
264044
264045
264046
264047
264048
264049
264050
264051
264052
264053
264054
264055
264056
264057
264058
264059
264060
264061
264062
264063
264064
264065
264066
264067
264068
264069
264070
264071
264072
264073
264074
264075
264076
264077
264078
264079
264080
264081
264082
264083
264084
264085
264086
264087
264144
264145
264146
264147
264148
264149
264150
264151
264152
264153
264154
264155
264156
264157
264158
264159
264160
264161
264162
264163
264164
264165
264166
264167
264168
264169
264170
264171
264172
264173
264174
264175
264176
264177
264178
264179
264180
264181
264182
264183
264184
264185
264186
264187
264188
264189
264190
264191
264192
264193
264194
264195
264196
264197
264198
264199
264200
264201
264202
264203
264204
264205
264206
264207
264208
264209
264264
264265
264266
264267
264268
264269
264270
264271
264272
264273
264274
264275
264276
264277
264278
264279
264280
264281
264282
264283
264284
264285
264286
264287
264288
264289
264290
264291
264292
264293
264294
264295
264296
264297
264298
264299
264300
264301
264302
264303
264304
264305
264306
264307
264308
264309
264310
264311
264312
264313
264314
264315
264316
264317
264318
264319
264320
264321
264322
264323
264324
264325
264326
264327
264328
264329
264330
264331
264383
264384
264385
264386
264387
264388
264389
264390
264391
264392
264393
264394
264395
264396
264397
264398
264399
264400
264401
264402
264403
264404
264405
264406
264407
264408
264409
264410
264411
264412
264413
264414
264415
264416
264417
264418
264419
264420
264421
264422
264423
264424
264425
264426
264427
264428
264429
264430
264431
264432
264433
264434
264435
264436
264437
264438
264439
264440
264441
264442
264443
264444
264445
264446
264447
264448
264449
264450
264451
264452
264503
264504
264505
264506
264507
264508
264509
264510
264511
264512
264513
264514
264515
264516
264517
264518
264519
264520
264521
264522
264523
264524
264525
264526
264527
264528
264529
264530
264531
264532
264533
264534
264535
264536
264537
264538
264539
264540
264541
264542
264543
264544
264545
264546
264547
264548
264549
264550
264551
264552
264553
264554
264555
264556
264557
264558
264559
264560
264561
264562
264563
264564
264565
264566
264567
264568
264569
264570
264571
264572
264573
264574
264575
264623
264624
264625
264626
264627
264628
264629
264630
264631
264632
264633
264634
264635
264636
264637
264638
264639
264640
264641
264642
264643
264644
264645
264646
264647
264648
264649
264650
264651
264652
264653
264654
264655
264656
264657
264658
264659
264660
264661
264662
264663
264664
264665
264666
264667
264668
264669
264670
264671
264672
264673
264674
264675
264676
264677
264678
264679
264680
264681
264682
264683
264684
264685
264686
264687
264688
264689
264690
264691
264692
264693
264694
264695
264696
264697
264698
264699
264700
264701
264702
264703
264704
264743
264744
264745
264746
264747
264748
264749
264750
264751
264752
264753
264754
264755
264756
264757
264758
264759
264760
264761
264762
264763
264764
264765
264766
264767
264768
264769
264770
264771
264772
264773
264774
264775
264776
264777
264778
264779
264780
264781
264782
264783
264784
264785
264786
264787
264788
264789
264790
264791
264792
264793
264794
264795
264796
264797
264798
264799
264800
264801
264802
264803
264804
264805
264806
264807
264808
264809
264810
264811
264812
264813
264814
264815
264816
264817
264818
264819
264820
264821
264822
264823
264824
264825
264862
264863
264864
264865
264866
264867
264868
264869
264870
264871
264872
264873
264874
264875
264876
264877
264878
264879
264880
264881
264882
264883
264884
264885
264886
264887
264888
264889
264890
264891
264892
264893
264894
264895
264896
264897
264898
264899
264900
264901
264902
264903
264904
264905
264906
264907
264908
264909
264910
264911
264912
264913
264914
264915
264916
264917
264918
264919
264920
264921
264922
264923
264924
264925
264926
264927
264928
264929
264930
264931
264932
264933
264934
264935
264936
264937
264938
264939
264940
264941
264942
264943
264944
264945
264946
264982
264983
264984
264985
264986
264987
264988
264989
264990
264991
264992
264993
264994
264995
264996
264997
264998
264999
265000
265001
265002
265003
265004
265005
265006
265007
265008
265009
265010
265011
265012
265013
265014
265015
265016
265017
265018
265019
265020
265021
265022
265023
265024
265025
265026
265027
265028
265029
265030
265031
265032
265033
265034
265035
265036
265037
265038
265039
265040
265041
265042
265043
265044
265045
265046
265047
265048
265049
265050
265051
265052
265053
265054
265055
265056
265057
265058
265059
265060
265061
265062
265063
265064
265065
265066
265102
265103
265104
265105
265106
265107
265108
265109
265110
265111
265112
265113
265114
265115
265116
265117
265118
265119
265120
265121
265122
265123
265124
265125
265126
265127
265128
265129
265130
265131
265132
265133
265134
265135
265136
265137
265138
265139
265140
265141
265142
265143
265144
265145
265146
265147
265148
265149
265150
265151
265152
265153
265154
265155
265156
265157
265158
265159
265160
265161
265162
265163
265164
265165
265166
265167
265168
265169
265170
265171
265172
265173
265174
265175
265176
265177
265178
265179
265180
265181
265182
265183
265184
265185
265186
265187
265222
265223
265224
265225
265226
265227
265228
265229
265230
265231
265232
265233
265234
265235
265236
265237
265238
265239
265240
265241
265242
265243
265244
265245
265246
265247
265248
265249
265250
265251
265252
265253
265254
265255
265256
265257
265258
265259
265260
265261
265262
265263
265264
265265
265266
265267
265268
265269
265270
265271
265272
265273
265274
265275
265276
265277
265278
265279
265280
265281
265282
265283
265284
265285
265286
265287
265288
265289
265290
265291
265292
265293
265294
265295
265296
265297
265298
265299
265300
265301
265302
265303
265304
265305
265306
265307
265341
265342
265343
265344
265345
265346
265347
265348
265349
265350
265351
265352
265353
265354
265355
265356
265357
265358
265359
265360
265361
265362
265363
265364
265365
265366
265367
265368
265369
265370
265371
265372
265373
265374
265375
265376
265377
265378
265379
265380
265381
265382
265383
265384
265385
265386
265387
265388
265389
265390
265391
265392
265393
265394
265395
265396
265397
265398
265399
265400
265401
265402
265403
265404
265405
265406
265407
265408
265409
265410
265411
265412
265413
265414
265415
265416
265417
265418
265419
265420
265421
265422
265423
265424
265425
265426
265427
265461
265462
265463
265464
265465
265466
265467
265468
265469
265470
265471
265472
265473
265474
265475
265476
265477
265478
265479
265480
265481
265482
265483
265484
265485
265486
265487
265488
265489
265490
265491
265492
265493
265494
265495
265496
265497
265498
265499
265500
265501
265502
265503
265504
265505
265506
265507
265508
265509
265510
265511
265512
265513
265514
265515
265516
265517
265518
265519
265520
265521
265522
265523
265524
265525
265526
265527
265528
265529
265530
265531
265532
265533
265534
265535
265536
265537
265538
265539
265540
265541
265542
265543
265544
265545
265546
265547
265548
265581
265582
265583
265584
265585
265586
265587
265588
265589
265590
265591
265592
265593
265594
265595
265596
265597
265598
265599
265600
265601
265602
265603
265604
265605
265606
265607
265608
265609
265610
265611
265612
265613
265614
265615
265616
265617
265618
265619
265620
265621
265622
265623
265624
265625
265626
265627
265628
265629
265630
265631
265632
265633
265634
265635
265636
265637
265638
265639
265640
265641
265642
265643
265644
265645
265646
265647
265648
265649
265650
265651
265652
265653
265654
265655
265656
265657
265658
265659
265660
265661
265662
265663
265664
265665
265666
265667
265668
265701
265702
265703
265704
265705
265706
265707
265708
265709
265710
265711
265712
265713
265714
265715
265716
265717
265718
265719
265720
265721
265722
265723
265724
265725
265726
265727
265728
265729
265730
265731
265732
265733
265734
265735
265736
265737
265738
265739
265740
265741
265742
265743
265744
265745
265746
265747
265748
265749
265750
265751
265752
265753
265754
265755
265756
265757
265758
265759
265760
265761
265762
265763
265764
265765
265766
265767
265768
265769
265770
265771
265772
265773
265774
265775
265776
265777
265778
265779
265780
265781
265782
265783
265784
265785
265786
265787
265788
265822
265823
265824
265825
265826
265827
265828
265829
265830
265831
265832
265833
265834
265835
265836
265837
265838
265839
265840
265841
265842
265843
265844
265845
265846
265847
265848
265849
265850
265851
265852
265853
265854
265855
265856
265857
265858
265859
265860
265861
265862
265863
265864
265865
265866
265867
265868
265869
265870
265871
265872
265873
265874
265875
265876
265877
265878
265879
265880
265881
265882
265883
265884
265885
265886
265887
265888
265889
265890
265891
265892
265893
265894
265895
265896
265897
265898
265899
265900
265901
265902
265903
265904
265905
265906
265907
265908
265909
265942
265943
265944
265945
265946
265947
265948
265949
265950
265951
265952
265953
265954
265955
265956
265957
265958
265959
265960
265961
265962
265963
265964
265965
265966
265967
265968
265969
265970
265971
265972
265973
265974
265975
265976
265977
265978
265979
265980
265981
265982
265983
265984
265985
265986
265987
265988
265989
265990
265991
265992
265993
265994
265995
265996
265997
265998
265999
266000
266001
266002
266003
266004
266005
266006
266007
266008
266009
266010
266011
266012
266013
266014
266015
266016
266017
266018
266019
266020
266021
266022
266023
266024
266025
266026
266027
266028
266029
266062
266063
266064
266065
266066
266067
266068
266069
266070
266071
266072
266073
266074
266075
266076
266077
266078
266079
266080
266081
266082
266083
266084
266085
266086
266087
266088
266089
266090
266091
266092
266093
266094
266095
266096
266097
266098
266099
266100
266101
266102
266103
266104
266105
266106
266107
266108
266109
266110
266111
266112
266113
266114
266115
266116
266117
266118
266119
266120
266121
266122
266123
266124
266125
266126
266127
266128
266129
266130
266131
266132
266133
266134
266135
266136
266137
266138
266139
266140
266141
266142
266143
266144
266145
266146
266147
266148
266149
266182
266183
266184
266185
266186
266187
266188
266189
266190
266191
266192
266193
266194
266195
266196
266197
266198
266199
266200
266201
266202
266203
266204
266205
266206
266207
266208
266209
266210
266211
266212
266213
266214
266215
266216
266217
266218
266219
266220
266221
266222
266223
266224
266225
266226
266227
266228
266229
266230
266231
266232
266233
266234
266235
266236
266237
266238
266239
266240
266241
266242
266243
266244
266245
266246
266247
266248
266249
266250
266251
266252
266253
266254
266255
266256
266257
266258
266259
266260
266261
266262
266263
266264
266265
266266
266267
266268
266269
266303
266304
266305
266306
266307
266308
266309
266310
266311
266312
266313
266314
266315
266316
266317
266318
266319
266320
266321
266322
266323
266324
266325
266326
266327
266328
266329
266330
266331
266332
266333
266334
266335
266336
266337
266338
266339
266340
266341
266342
266343
266344
266345
266346
266347
266348
266349
266350
266351
266352
266353
266354
266355
266356
266357
266358
266359
266360
266361
266362
266363
266364
266365
266366
266367
266368
266369
266370
266371
266372
266373
266374
266375
266376
266377
266378
266379
266380
266381
266382
266383
266384
266385
266386
266387
266388
266423
266424
266425
266426
266427
266428
266429
266430
266431
266432
266433
266434
266435
266436
266437
266438
266439
266440
266441
266442
266443
266444
266445
266446
266447
266448
266449
266450
266451
266452
266453
266454
266455
266456
266457
266458
266459
266460
266461
266462
266463
266464
266465
266466
266467
266468
266469
266470
266471
266472
266473
266474
266475
266476
266477
266478
266479
266480
266481
266482
266483
266484
266485
266486
266487
266488
266489
266490
266491
266492
266493
266494
266495
266496
266497
266498
266499
266500
266501
266502
266503
266504
266505
266506
266507
266508
266543
266544
266545
266546
266547
266548
266549
266550
266551
266552
266553
266554
266555
266556
266557
266558
266559
266560
266561
266562
266563
266564
266565
266566
266567
266568
266569
266570
266571
266572
266573
266574
266575
266576
266577
266578
266579
266580
266581
266582
266583
266584
266585
266586
266587
266588
266589
266590
266591
266592
266593
266594
266595
266596
266597
266598
266599
266600
266601
266602
266603
266604
266605
266606
266607
266608
266609
266610
266611
266612
266613
266614
266615
266616
266617
266618
266619
266620
266621
266622
266623
266624
266625
266626
266627
266628
266663
266664
266665
266666
266667
266668
266669
266670
266671
266672
266673
266674
266675
266676
266677
266678
266679
266680
266681
266682
266683
266684
266685
266686
266687
266688
266689
266690
266691
266692
266693
266694
266695
266696
266697
266698
266699
266700
266701
266702
266703
266704
266705
266706
266707
266708
266709
266710
266711
266712
266713
266714
266715
266716
266717
266718
266719
266720
266721
266722
266723
266724
266725
266726
266727
266728
266729
266730
266731
266732
266733
266734
266735
266736
266737
266738
266739
266740
266741
266742
266743
266744
266745
266746
266747
266748
266784
266785
266786
266787
266788
266789
266790
266791
266792
266793
266794
266795
266796
266797
266798
266799
266800
266801
266802
266803
266804
266805
266806
266807
266808
266809
266810
266811
266812
266813
266814
266815
266816
266817
266818
266819
266820
266821
266822
266823
266824
266825
266826
266827
266828
266829
266830
266831
266832
266833
266834
266835
266836
266837
266838
266839
266840
266841
266842
266843
266844
266845
266846
266847
266848
266849
266850
266851
266852
266853
266854
266855
266856
266857
266858
266859
266860
266861
266862
266863
266864
266865
266866
266867
266868
266904
266905
266906
266907
266908
266909
266910
266911
266912
266913
266914
266915
266916
266917
266918
266919
266920
266921
266922
266923
266924
266925
266926
266927
266928
266929
266930
266931
266932
266933
266934
266935
266936
266937
266938
266939
266940
266941
266942
266943
266944
266945
266946
266947
266948
266949
266950
266951
266952
266953
266954
266955
266956
266957
266958
266959
266960
266961
266962
266963
266964
266965
266966
266967
266968
266969
266970
266971
266972
266973
266974
266975
266976
266977
266978
266979
266980
266981
266982
266983
266984
266985
266986
266987
266988
267025
267026
267027
267028
267029
267030
267031
267032
267033
267034
267035
267036
267037
267038
267039
267040
267041
267042
267043
267044
267045
267046
267047
267048
267049
267050
267051
267052
267053
267054
267055
267056
267057
267058
267059
267060
267061
267062
267063
267064
267065
267066
267067
267068
267069
267070
267071
267072
267073
267074
267075
267076
267077
267078
267079
267080
267081
267082
267083
267084
267085
267086
267087
267088
267089
267090
267091
267092
267093
267094
267095
267096
267097
267098
267099
267100
267101
267102
267103
267104
267105
267106
267107
267146
267147
267148
267149
267150
267151
267152
267153
267154
267155
267156
267157
267158
267159
267160
267161
267162
267163
267164
267165
267166
267167
267168
267169
267170
267171
267172
267173
267174
267175
267176
267177
267178
267179
267180
267181
267182
267183
267184
267185
267186
267187
267188
267189
267190
267191
267192
267193
267194
267195
267196
267197
267198
267199
267200
267201
267202
267203
267204
267205
267206
267207
267208
267209
267210
267211
267212
267213
267214
267215
267216
267217
267218
267219
267220
267221
267222
267223
267224
267225
267226
267227
267266
267267
267268
267269
267270
267271
267272
267273
267274
267275
267276
267277
267278
267279
267280
267281
267282
267283
267284
267285
267286
267287
267288
267289
267290
267291
267292
267293
267294
267295
267296
267297
267298
267299
267300
267301
267302
267303
267304
267305
267306
267307
267308
267309
267310
267311
267312
267313
267314
267315
267316
267317
267318
267319
267320
267321
267322
267323
267324
267325
267326
267327
267328
267329
267330
267331
267332
267333
267334
267335
267336
267337
267338
267339
267340
267341
267342
267343
267344
267345
267346
267347
267386
267387
267388
267389
267390
267391
267392
267393
267394
267395
267396
267397
267398
267399
267400
267401
267402
267403
267404
267405
267406
267407
267408
267409
267410
267411
267412
267413
267414
267415
267416
267417
267418
267419
267420
267421
267422
267423
267424
267425
267426
267427
267428
267429
267430
267431
267432
267433
267434
267435
267436
267437
267438
267439
267440
267441
267442
267443
267444
267445
267446
267447
267448
267449
267450
267451
267452
267453
267454
267455
267456
267457
267458
267459
267460
267461
267462
267463
267464
267465
267466
267506
267507
267508
267509
267510
267511
267512
267513
267514
267515
267516
267517
267518
267519
267520
267521
267522
267523
267524
267525
267526
267527
267528
267529
267530
267531
267532
267533
267534
267535
267536
267537
267538
267539
267540
267541
267542
267543
267544
267545
267546
267547
267548
267549
267550
267551
267552
267553
267554
267555
267556
267557
267558
267559
267560
267561
267562
267563
267564
267565
267566
267567
267568
267569
267570
267571
267572
267573
267574
267575
267576
267577
267578
267579
267580
267581
267582
267583
267584
267585
267625
267626
267627
267628
267629
267630
267631
267632
267633
267634
267635
267636
267637
267638
267639
267640
267641
267642
267643
267644
267645
267646
267647
267648
267649
267650
267651
267652
267653
267654
267655
267656
267657
267658
267659
267660
267661
267662
267663
267664
267665
267666
267667
267668
267669
267670
267671
267672
267673
267674
267675
267676
267677
267678
267679
267680
267681
267682
267683
267684
267685
267686
267687
267688
267689
267690
267691
267692
267693
267694
267695
267696
267697
267698
267699
267700
267701
267702
267703
267704
267745
267746
267747
267748
267749
267750
267751
267752
267753
267754
267755
267756
267757
267758
267759
267760
267761
267762
267763
267764
267765
267766
267767
267768
267769
267770
267771
267772
267773
267774
267775
267776
267777
267778
267779
267780
267781
267782
267783
267784
267785
267786
267787
267788
267789
267790
267791
267792
267793
267794
267795
267796
267797
267798
267799
267800
267801
267802
267803
267804
267805
267806
267807
267808
267809
267810
267811
267812
267813
267814
267815
267816
267817
267818
267819
267820
267821
267822
267865
267866
267867
267868
267869
267870
267871
267872
267873
267874
267875
267876
267877
267878
267879
267880
267881
267882
267883
267884
267885
267886
267887
267888
267889
267890
267891
267892
267893
267894
267895
267896
267897
267898
267899
267900
267901
267902
267903
267904
267905
267906
267907
267908
267909
267910
267911
267912
267913
267914
267915
267916
267917
267918
267919
267920
267921
267922
267923
267924
267925
267926
267927
267928
267929
267930
267931
267932
267933
267934
267935
267936
267937
267938
267939
267985
267986
267987
267988
267989
267990
267991
267992
267993
267994
267995
267996
267997
267998
267999
268000
268001
268002
268003
268004
268005
268006
268007
268008
268009
268010
268011
268012
268013
268014
268015
268016
268017
268018
268019
268020
268021
268022
268023
268024
268025
268026
268027
268028
268029
268030
268031
268032
268033
268034
268035
268036
268037
268038
268039
268040
268041
268042
268043
268044
268045
268046
268047
268048
268049
268050
268051
268052
268053
268054
268055
268056
268057
268105
268106
268107
268108
268109
268110
268111
268112
268113
268114
268115
268116
268117
268118
268119
268120
268121
268122
268123
268124
268125
268126
268127
268128
268129
268130
268131
268132
268133
268134
268135
268136
268137
268138
268139
268140
268141
268142
268143
268144
268145
268146
268147
268148
268149
268150
268151
268152
268153
268154
268155
268156
268157
268158
268159
268160
268161
268162
268163
268164
268165
268166
268167
268168
268169
268170
268171
268172
268173
268174
268175
268176
268177
268178
268226
268227
268228
268229
268230
268231
268232
268233
268234
268235
268236
268237
268238
268239
268240
268241
268242
268243
268244
268245
268246
268247
268248
268249
268250
268251
268252
268253
268254
268255
268256
268257
268258
268259
268260
268261
268262
268263
268264
268265
268266
268267
268268
268269
268270
268271
268272
268273
268274
268275
268276
268277
268278
268279
268280
268281
268282
268283
268284
268285
268286
268287
268288
268289
268290
268291
268292
268293
268294
268295
268296
268297
268298
268346
268347
268348
268349
268350
268351
268352
268353
268354
268355
268356
268357
268358
268359
268360
268361
268362
268363
268364
268365
268366
268367
268368
268369
268370
268371
268372
268373
268374
268375
268376
268377
268378
268379
268380
268381
268382
268383
268384
268385
268386
268387
268388
268389
268390
268391
268392
268393
268394
268395
268396
268397
268398
268399
268400
268401
268402
268403
268404
268405
268406
268407
268408
268409
268410
268411
268412
268413
268414
268415
268416
268417
268418
268466
268467
268468
268469
268470
268471
268472
268473
268474
268475
268476
268477
268478
268479
268480
268481
268482
268483
268484
268485
268486
268487
268488
268489
268490
268491
268492
268493
268494
268495
268496
268497
268498
268499
268500
268501
268502
268503
268504
268505
268506
268507
268508
268509
268510
268511
268512
268513
268514
268515
268516
268517
268518
268519
268520
268521
268522
268523
268524
268525
268526
268527
268528
268529
268530
268531
268532
268533
268534
268535
268536
268537
268538
268539
268587
268588
268589
268590
268591
268592
268593
268594
268595
268596
268597
268598
268599
268600
268601
268602
268603
268604
268605
268606
268607
268608
268609
268610
268611
268612
268613
268614
268615
268616
268617
268618
268619
268620
268621
268622
268623
268624
268625
268626
268627
268628
268629
268630
268631
268632
268633
268634
268635
268636
268637
268638
268639
268640
268641
268642
268643
268644
268645
268646
268647
268648
268649
268650
268651
268652
268653
268654
268655
268656
268657
268658
268659
268707
268708
268709
268710
268711
268712
268713
268714
268715
268716
268717
268718
268719
268720
268721
268722
268723
268724
268725
268726
268727
268728
268729
268730
268731
268732
268733
268734
268735
268736
268737
268738
268739
268740
268741
268742
268743
268744
268745
268746
268747
268748
268749
268750
268751
268752
268753
268754
268755
268756
268757
268758
268759
268760
268761
268762
268763
268764
268765
268766
268767
268768
268769
268770
268771
268772
268773
268774
268775
268776
268777
268778
268779
268828
268829
268830
268831
268832
268833
268834
268835
268836
268837
268838
268839
268840
268841
268842
268843
268844
268845
268846
268847
268848
268849
268850
268851
268852
268853
268854
268855
268856
268857
268858
268859
268860
268861
268862
268863
268864
268865
268866
268867
268868
268869
268870
268871
268872
268873
268874
268875
268876
268877
268878
268879
268880
268881
268882
268883
268884
268885
268886
268887
268888
268889
268890
268891
268892
268893
268894
268895
268896
268897
268898
268949
268950
268951
268952
268953
268954
268955
268956
268957
268958
268959
268960
268961
268962
268963
268964
268965
268966
268967
268968
268969
268970
268971
268972
268973
268974
268975
268976
268977
268978
268979
268980
268981
268982
268983
268984
268985
268986
268987
268988
268989
268990
268991
268992
268993
268994
268995
268996
268997
268998
268999
269000
269001
269002
269003
269004
269005
269006
269007
269008
269009
269010
269011
269012
269013
269014
269015
269016
269017
269018
269071
269072
269073
269074
269075
269076
269077
269078
269079
269080
269081
269082
269083
269084
269085
269086
269087
269088
269089
269090
269091
269092
269093
269094
269095
269096
269097
269098
269099
269100
269101
269102
269103
269104
269105
269106
269107
269108
269109
269110
269111
269112
269113
269114
269115
269116
269117
269118
269119
269120
269121
269122
269123
269124
269125
269126
269127
269128
269129
269130
269131
269132
269133
269134
269135
269136
269137
269138
269193
269194
269195
269196
269197
269198
269199
269200
269201
269202
269203
269204
269205
269206
269207
269208
269209
269210
269211
269212
269213
269214
269215
269216
269217
269218
269219
269220
269221
269222
269223
269224
269225
269226
269227
269228
269229
269230
269231
269232
269233
269234
269235
269236
269237
269238
269239
269240
269241
269242
269243
269244
269246
269247
269248
269249
269250
269251
269252
269253
269254
269255
269256
269257
269316
269317
269318
269319
269320
269321
269322
269323
269324
269325
269326
269327
269328
269329
269330
269331
269332
269333
269334
269335
269336
269337
269338
269339
269340
269341
269342
269343
269344
269345
269346
269347
269348
269349
269350
269351
269352
269353
269354
269355
269356
269357
269358
269359
269360
269361
269362
269363
269367
269368
269369
269370
269371
269372
269373
269374
269375
269376
269440
269441
269442
269445
269446
269448
269449
269450
269451
269452
269453
269454
269455
269456
269457
269458
269459
269460
269461
269462
269463
269464
269465
269466
269467
269468
269469
269470
269471
269472
269473
269474
269475
269476
269477
269478
269479
269480
269481
269482
269483
269490
269491
269492
269493
269571
269572
269573
269574
269575
269576
269577
269578
269579
269580
269581
269582
269583
269584
269585
269586
269587
269588
269589
269590
269591
269592
269593
269594
269595
269596
269597
269598
269599
269600
269601
269602
269603
269694
269695
269696
269697
269698
269699
269700
269701
269702
269703
269704
269705
269706
269707
269708
269709
269710
269711
269712
269713
269714
269715
269716
269717
269718
269719
269720
269721
269722
269817
269818
269819
269820
269821
269822
269823
269824
269825
269826
269827
269828
269829
269830
269831
269832
269833
269834
269835
269836
269837
269838
269839
269840
269841
269842
269940
269941
269942
269943
269944
269945
269946
269947
269948
269949
269950
269951
269952
269953
269954
269955
269956
269957
269958
269959
269960
269961
270063
270064
270065
270066
270067
270068
270069
270070
270071
270072
270073
270074
270075
270076
270077
270078
270079
270080
270184
270185
270186
270187
270188
270189
270190
270191
270192
270193
270194
270195
270196
270197
270198
270199
270305
270306
270307
270308
270309
270310
270311
270312
270313
270314
270315
270316
270317
270426
270427
270428
270429
270430
270431
270432
270433
270434
270435
270436
270548
270549
270550
270551
270552
270553
270554
270555
270671
270672
275934
276050
276051
276052
276053
276054
276055
276056
276057
276058
276166
276167
276168
276169
276170
276171
276172
276173
276174
276175
276176
276177
276178
276179
276180
276181
276182
276284
276285
276286
276287
276288
276289
276290
276291
276292
276293
276294
276295
276296
276297
276298
276299
276300
276301
276302
276303
276304
276401
276402
276403
276404
276405
276406
276407
276408
276409
276410
276411
276412
276413
276414
276415
276416
276417
276418
276419
276420
276421
276422
276423
276424
276425
276426
276520
276521
276522
276523
276524
276525
276526
276527
276528
276529
276530
276531
276532
276533
276534
276535
276536
276537
276538
276539
276540
276541
276542
276543
276544
276545
276546
276547
276548
276638
276639
276640
276641
276642
276643
276644
276645
276646
276647
276648
276649
276650
276651
276652
276653
276654
276655
276656
276657
276658
276659
276660
276661
276662
276663
276664
276665
276666
276667
276668
276669
276756
276757
276758
276759
276760
276761
276762
276763
276764
276765
276766
276767
276768
276769
276770
276771
276772
276773
276774
276775
276776
276777
276778
276779
276780
276781
276782
276783
276784
276785
276786
276787
276788
276789
276874
276875
276876
276877
276878
276879
276880
276881
276882
276883
276884
276885
276886
276887
276888
276889
276890
276891
276892
276893
276894
276895
276896
276897
276898
276899
276900
276901
276902
276903
276904
276905
276906
276907
276908
276909
276910
276992
276993
276994
276995
276996
276997
276998
276999
277000
277001
277002
277003
277004
277005
277006
277007
277008
277009
277010
277011
277012
277013
277014
277015
277016
277017
277018
277019
277020
277021
277022
277023
277024
277025
277026
277027
277028
277029
277030
277111
277112
277113
277114
277115
277116
277117
277118
277119
277120
277121
277122
277123
277124
277125
277126
277127
277128
277129
277130
277131
277132
277133
277134
277135
277136
277137
277138
277139
277140
277141
277142
277143
277144
277145
277146
277147
277148
277149
277150
277230
277231
277232
277233
277234
277235
277236
277237
277238
277239
277240
277241
277242
277243
277244
277245
277246
277247
277248
277249
277250
277251
277252
277253
277254
277255
277256
277257
277258
277259
277260
277261
277262
277263
277264
277265
277266
277267
277268
277269
277270
277271
277349
277350
277351
277352
277353
277354
277355
277356
277357
277358
277359
277360
277361
277362
277363
277364
277365
277366
277367
277368
277369
277370
277371
277372
277373
277374
277375
277376
277377
277378
277379
277380
277381
277382
277383
277384
277385
277386
277387
277388
277389
277390
277391
277468
277469
277470
277471
277472
277473
277474
277475
277476
277477
277478
277479
277480
277481
277482
277483
277484
277485
277486
277487
277488
277489
277490
277491
277492
277493
277494
277495
277496
277497
277498
277499
277500
277501
277502
277503
277504
277505
277506
277507
277508
277509
277510
277511
277587
277588
277589
277590
277591
277592
277593
277594
277595
277596
277597
277598
277599
277600
277601
277602
277603
277604
277605
277606
277607
277608
277609
277610
277611
277612
277613
277614
277615
277616
277617
277618
277619
277620
277621
277622
277623
277624
277625
277626
277627
277628
277629
277630
277631
277632
277706
277707
277708
277709
277710
277711
277712
277713
277714
277715
277716
277717
277718
277719
277720
277721
277722
277723
277724
277725
277726
277727
277728
277729
277730
277731
277732
277733
277734
277735
277736
277737
277738
277739
277740
277741
277742
277743
277744
277745
277746
277747
277748
277749
277750
277751
277752
277826
277827
277828
277829
277830
277831
277832
277833
277834
277835
277836
277837
277838
277839
277840
277841
277842
277843
277844
277845
277846
277847
277848
277849
277850
277851
277852
277853
277854
277855
277856
277857
277858
277859
277860
277861
277862
277863
277864
277865
277866
277867
277868
277869
277870
277871
277872
277945
277946
277947
277948
277949
277950
277951
277952
277953
277954
277955
277956
277957
277958
277959
277960
277961
277962
277963
277964
277965
277966
277967
277968
277969
277970
277971
277972
277973
277974
277975
277976
277977
277978
277979
277980
277981
277982
277983
277984
277985
277986
277987
277988
277989
277990
277991
277992
277993
278064
278065
278066
278067
278068
278069
278070
278071
278072
278073
278074
278075
278076
278077
278078
278079
278080
278081
278082
278083
278084
278085
278086
278087
278088
278089
278090
278091
278092
278093
278094
278095
278096
278097
278098
278099
278100
278101
278102
278103
278104
278105
278106
278107
278108
278109
278110
278111
278112
278113
278114
278184
278185
278186
278187
278188
278189
278190
278191
278192
278193
278194
278195
278196
278197
278198
278199
278200
278201
278202
278203
278204
278205
278206
278207
278208
278209
278210
278211
278212
278213
278214
278215
278216
278217
278218
278219
278220
278221
278222
278223
278224
278225
278226
278227
278228
278229
278230
278231
278232
278233
278234
278235
278236
278237
278239
278240
278241
278242
278243
278244
278303
278304
278305
278306
278307
278308
278309
278310
278311
278312
278313
278314
278315
278316
278317
278318
278319
278320
278321
278322
278323
278324
278325
278326
278327
278328
278329
278330
278331
278332
278333
278334
278335
278336
278337
278338
278339
278340
278341
278342
278343
278344
278345
278346
278347
278348
278349
278350
278351
278352
278353
278354
278355
278356
278357
278358
278359
278360
278361
278362
278363
278364
278365
278366
278367
278423
278424
278425
278426
278427
278428
278429
278430
278431
278432
278433
278434
278435
278436
278437
278438
278439
278440
278441
278442
278443
278444
278445
278446
278447
278448
278449
278450
278451
278452
278453
278454
278455
278456
278457
278458
278459
278460
278461
278462
278463
278464
278465
278466
278467
278468
278469
278470
278471
278472
278473
278474
278475
278476
278477
278478
278479
278480
278481
278482
278483
278484
278485
278486
278487
278488
278489
278543
278544
278545
278546
278547
278548
278549
278550
278551
278552
278553
278554
278555
278556
278557
278558
278559
278560
278561
278562
278563
278564
278565
278566
278567
278568
278569
278570
278571
278572
278573
278574
278575
278576
278577
278578
278579
278580
278581
278582
278583
278584
278585
278586
278587
278588
278589
278590
278591
278592
278593
278594
278595
278596
278597
278598
278599
278600
278601
278602
278603
278604
278605
278606
278607
278608
278609
278610
278611
278663
278664
278665
278666
278667
278668
278669
278670
278671
278672
278673
278674
278675
278676
278677
278678
278679
278680
278681
278682
278683
278684
278685
278686
278687
278688
278689
278690
278691
278692
278693
278694
278695
278696
278697
278698
278699
278700
278701
278702
278703
278704
278705
278706
278707
278708
278709
278710
278711
278712
278713
278714
278715
278716
278717
278718
278719
278720
278721
278722
278723
278724
278725
278726
278727
278728
278729
278730
278731
278732
278782
278783
278784
278785
278786
278787
278788
278789
278790
278791
278792
278793
278794
278795
278796
278797
278798
278799
278800
278801
278802
278803
278804
278805
278806
278807
278808
278809
278810
278811
278812
278813
278814
278815
278816
278817
278818
278819
278820
278821
278822
278823
278824
278825
278826
278827
278828
278829
278830
278831
278832
278833
278834
278835
278836
278837
278838
278839
278840
278841
278842
278843
278844
278845
278846
278847
278848
278849
278850
278851
278852
278853
278854
278855
278902
278903
278904
278905
278906
278907
278908
278909
278910
278911
278912
278913
278914
278915
278916
278917
278918
278919
278920
278921
278922
278923
278924
278925
278926
278927
278928
278929
278930
278931
278932
278933
278934
278935
278936
278937
278938
278939
278940
278941
278942
278943
278944
278945
278946
278947
278948
278949
278950
278951
278952
278953
278954
278955
278956
278957
278958
278959
278960
278961
278962
278963
278964
278965
278966
278967
278968
278969
278970
278971
278972
278973
278974
278975
278976
278977
278978
278979
278980
278981
278982
278983
278984
279022
279023
279024
279025
279026
279027
279028
279029
279030
279031
279032
279033
279034
279035
279036
279037
279038
279039
279040
279041
279042
279043
279044
279045
279046
279047
279048
279049
279050
279051
279052
279053
279054
279055
279056
279057
279058
279059
279060
279061
279062
279063
279064
279065
279066
279067
279068
279069
279070
279071
279072
279073
279074
279075
279076
279077
279078
279079
279080
279081
279082
279083
279084
279085
279086
279087
279088
279089
279090
279091
279092
279093
279094
279095
279096
279097
279098
279099
279100
279101
279102
279103
279104
279105
279142
279143
279144
279145
279146
279147
279148
279149
279150
279151
279152
279153
279154
279155
279156
279157
279158
279159
279160
279161
279162
279163
279164
279165
279166
279167
279168
279169
279170
279171
279172
279173
279174
279175
279176
279177
279178
279179
279180
279181
279182
279183
279184
279185
279186
279187
279188
279189
279190
279191
279192
279193
279194
279195
279196
279197
279198
279199
279200
279201
279202
279203
279204
279205
279206
279207
279208
279209
279210
279211
279212
279213
279214
279215
279216
279217
279218
279219
279220
279221
279222
279223
279224
279225
279226
279261
279262
279263
279264
279265
279266
279267
279268
279269
279270
279271
279272
279273
279274
279275
279276
279277
279278
279279
279280
279281
279282
279283
279284
279285
279286
279287
279288
279289
279290
279291
279292
279293
279294
279295
279296
279297
279298
279299
279300
279301
279302
279303
279304
279305
279306
279307
279308
279309
279310
279311
279312
279313
279314
279315
279316
279317
279318
279319
279320
279321
279322
279323
279324
279325
279326
279327
279328
279329
279330
279331
279332
279333
279334
279335
279336
279337
279338
279339
279340
279341
279342
279343
279344
279345
279346
279347
279381
279382
279383
279384
279385
279386
279387
279388
279389
279390
279391
279392
279393
279394
279395
279396
279397
279398
279399
279400
279401
279402
279403
279404
279405
279406
279407
279408
279409
279410
279411
279412
279413
279414
279415
279416
279417
279418
279419
279420
279421
279422
279423
279424
279425
279426
279427
279428
279429
279430
279431
279432
279433
279434
279435
279436
279437
279438
279439
279440
279441
279442
279443
279444
279445
279446
279447
279448
279449
279450
279451
279452
279453
279454
279455
279456
279457
279458
279459
279460
279461
279462
279463
279464
279465
279466
279467
279501
279502
279503
279504
279505
279506
279507
279508
279509
279510
279511
279512
279513
279514
279515
279516
279517
279518
279519
279520
279521
279522
279523
279524
279525
279526
279527
279528
279529
279530
279531
279532
279533
279534
279535
279536
279537
279538
279539
279540
279541
279542
279543
279544
279545
279546
279547
279548
279549
279550
279551
279552
279553
279554
279555
279556
279557
279558
279559
279560
279561
279562
279563
279564
279565
279566
279567
279568
279569
279570
279571
279572
279573
279574
279575
279576
279577
279578
279579
279580
279581
279582
279583
279584
279585
279586
279587
279588
279621
279622
279623
279624
279625
279626
279627
279628
279629
279630
279631
279632
279633
279634
279635
279636
279637
279638
279639
279640
279641
279642
279643
279644
279645
279646
279647
279648
279649
279650
279651
279652
279653
279654
279655
279656
279657
279658
279659
279660
279661
279662
279663
279664
279665
279666
279667
279668
279669
279670
279671
279672
279673
279674
279675
279676
279677
279678
279679
279680
279681
279682
279683
279684
279685
279686
279687
279688
279689
279690
279691
279692
279693
279694
279695
279696
279697
279698
279699
279700
279701
279702
279703
279704
279705
279706
279707
279708
279740
279741
279742
279743
279744
279745
279746
279747
279748
279749
279750
279751
279752
279753
279754
279755
279756
279757
279758
279759
279760
279761
279762
279763
279764
279765
279766
279767
279768
279769
279770
279771
279772
279773
279774
279775
279776
279777
279778
279779
279780
279781
279782
279783
279784
279785
279786
279787
279788
279789
279790
279791
279792
279793
279794
279795
279796
279797
279798
279799
279800
279801
279802
279803
279804
279805
279806
279807
279808
279809
279810
279811
279812
279813
279814
279815
279816
279817
279818
279819
279820
279821
279822
279823
279824
279825
279826
279827
279828
279860
279861
279862
279863
279864
279865
279866
279867
279868
279869
279870
279871
279872
279873
279874
279875
279876
279877
279878
279879
279880
279881
279882
279883
279884
279885
279886
279887
279888
279889
279890
279891
279892
279893
279894
279895
279896
279897
279898
279899
279900
279901
279902
279903
279904
279905
279906
279907
279908
279909
279910
279911
279912
279913
279914
279915
279916
279917
279918
279919
279920
279921
279922
279923
279924
279925
279926
279927
279928
279929
279930
279931
279932
279933
279934
279935
279936
279937
279938
279939
279940
279941
279942
279943
279944
279945
279946
279947
279948
279949
279980
279981
279982
279983
279984
279985
279986
279987
279988
279989
279990
279991
279992
279993
279994
279995
279996
279997
279998
279999
280000
280001
280002
280003
280004
280005
280006
280007
280008
280009
280010
280011
280012
280013
280014
280015
280016
280017
280018
280019
280020
280021
280022
280023
280024
280025
280026
280027
280028
280029
280030
280031
280032
280033
280034
280035
280036
280037
280038
280039
280040
280041
280042
280043
280044
280045
280046
280047
280048
280049
280050
280051
280052
280053
280054
280055
280056
280057
280058
280059
280060
280061
280062
280063
280064
280065
280066
280067
280068
280069
280100
280101
280102
280103
280104
280105
280106
280107
280108
280109
280110
280111
280112
280113
280114
280115
280116
280117
280118
280119
280120
280121
280122
280123
280124
280125
280126
280127
280128
280129
280130
280131
280132
280133
280134
280135
280136
280137
280138
280139
280140
280141
280142
280143
280144
280145
280146
280147
280148
280149
280150
280151
280152
280153
280154
280155
280156
280157
280158
280159
280160
280161
280162
280163
280164
280165
280166
280167
280168
280169
280170
280171
280172
280173
280174
280175
280176
280177
280178
280179
280180
280181
280182
280183
280184
280185
280186
280187
280188
280189
280221
280222
280223
280224
280225
280226
280227
280228
280229
280230
280231
280232
280233
280234
280235
280236
280237
280238
280239
280240
280241
280242
280243
280244
280245
280246
280247
280248
280249
280250
280251
280252
280253
280254
280255
280256
280257
280258
280259
280260
280261
280262
280263
280264
280265
280266
280267
280268
280269
280270
280271
280272
280273
280274
280275
280276
280277
280278
280279
280280
280281
280282
280283
280284
280285
280286
280287
280288
280289
280290
280291
280292
280293
280294
280295
280296
280297
280298
280299
280300
280301
280302
280303
280304
280305
280306
280307
280308
280309
280310
280341
280342
280343
280344
280345
280346
280347
280348
280349
280350
280351
280352
280353
280354
280355
280356
280357
280358
280359
280360
280361
280362
280363
280364
280365
280366
280367
280368
280369
280370
280371
280372
280373
280374
280375
280376
280377
280378
280379
280380
280381
280382
280383
280384
280385
280386
280387
280388
280389
280390
280391
280392
280393
280394
280395
280396
280397
280398
280399
280400
280401
280402
280403
280404
280405
280406
280407
280408
280409
280410
280411
280412
280413
280414
280415
280416
280417
280418
280419
280420
280421
280422
280423
280424
280425
280426
280427
280428
280429
280430
280461
280462
280463
280464
280465
280466
280467
280468
280469
280470
280471
280472
280473
280474
280475
280476
280477
280478
280479
280480
280481
280482
280483
280484
280485
280486
280487
280488
280489
280490
280491
280492
280493
280494
280495
280496
280497
280498
280499
280500
280501
280502
280503
280504
280505
280506
280507
280508
280509
280510
280511
280512
280513
280514
280515
280516
280517
280518
280519
280520
280521
280522
280523
280524
280525
280526
280527
280528
280529
280530
280531
280532
280533
280534
280535
280536
280537
280538
280539
280540
280541
280542
280543
280544
280545
280546
280547
280548
280549
280550
280581
280582
280583
280584
280585
280586
280587
280588
280589
280590
280591
280592
280593
280594
280595
280596
280597
280598
280599
280600
280601
280602
280603
280604
280605
280606
280607
280608
280609
280610
280611
280612
280613
280614
280615
280616
280617
280618
280619
280620
280621
280622
280623
280624
280625
280626
280627
280628
280629
280630
280631
280632
280633
280634
280635
280636
280637
280638
280639
280640
280641
280642
280643
280644
280645
280646
280647
280648
280649
280650
280651
280652
280653
280654
280655
280656
280657
280658
280659
280660
280661
280662
280663
280664
280665
280666
280667
280668
280669
280670
280702
280703
280704
280705
280706
280707
280708
280709
280710
280711
280712
280713
280714
280715
280716
280717
280718
280719
280720
280721
280722
280723
280724
280725
280726
280727
280728
280729
280730
280731
280732
280733
280734
280735
280736
280737
280738
280739
280740
280741
280742
280743
280744
280745
280746
280747
280748
280749
280750
280751
280752
280753
280754
280755
280756
280757
280758
280759
280760
280761
280762
280763
280764
280765
280766
280767
280768
280769
280770
280771
280772
280773
280774
280775
280776
280777
280778
280779
280780
280781
280782
280783
280784
280785
280786
280787
280788
280789
280822
280823
280824
280825
280826
280827
280828
280829
280830
280831
280832
280833
280834
280835
280836
280837
280838
280839
280840
280841
280842
280843
280844
280845
280846
280847
280848
280849
280850
280851
280852
280853
280854
280855
280856
280857
280858
280859
280860
280861
280862
280863
280864
280865
280866
280867
280868
280869
280870
280871
280872
280873
280874
280875
280876
280877
280878
280879
280880
280881
280882
280883
280884
280885
280886
280887
280888
280889
280890
280891
280892
280893
280894
280895
280896
280897
280898
280899
280900
280901
280902
280903
280904
280905
280906
280907
280908
280909
280942
280943
280944
280945
280946
280947
280948
280949
280950
280951
280952
280953
280954
280955
280956
280957
280958
280959
280960
280961
280962
280963
280964
280965
280966
280967
280968
280969
280970
280971
280972
280973
280974
280975
280976
280977
280978
280979
280980
280981
280982
280983
280984
280985
280986
280987
280988
280989
280990
280991
280992
280993
280994
280995
280996
280997
280998
280999
281000
281001
281002
281003
281004
281005
281006
281007
281008
281009
281010
281011
281012
281013
281014
281015
281016
281017
281018
281019
281020
281021
281022
281023
281024
281025
281026
281027
281028
281029
281062
281063
281064
281065
281066
281067
281068
281069
281070
281071
281072
281073
281074
281075
281076
281077
281078
281079
281080
281081
281082
281083
281084
281085
281086
281087
281088
281089
281090
281091
281092
281093
281094
281095
281096
281097
281098
281099
281100
281101
281102
281103
281104
281105
281106
281107
281108
281109
281110
281111
281112
281113
281114
281115
281116
281117
281118
281119
281120
281121
281122
281123
281124
281125
281126
281127
281128
281129
281130
281131
281132
281133
281134
281135
281136
281137
281138
281139
281140
281141
281142
281143
281144
281145
281146
281147
281148
281149
281183
281184
281185
281186
281187
281188
281189
281190
281191
281192
281193
281194
281195
281196
281197
281198
281199
281200
281201
281202
281203
281204
281205
281206
281207
281208
281209
281210
281211
281212
281213
281214
281215
281216
281217
281218
281219
281220
281221
281222
281223
281224
281225
281226
281227
281228
281229
281230
281231
281232
281233
281234
281235
281236
281237
281238
281239
281240
281241
281242
281243
281244
281245
281246
281247
281248
281249
281250
281251
281252
281253
281254
281255
281256
281257
281258
281259
281260
281261
281262
281263
281264
281265
281266
281267
281268
281269
281303
281304
281305
281306
281307
281308
281309
281310
281311
281312
281313
281314
281315
281316
281317
281318
281319
281320
281321
281322
281323
281324
281325
281326
281327
281328
281329
281330
281331
281332
281333
281334
281335
281336
281337
281338
281339
281340
281341
281342
281343
281344
281345
281346
281347
281348
281349
281350
281351
281352
281353
281354
281355
281356
281357
281358
281359
281360
281361
281362
281363
281364
281365
281366
281367
281368
281369
281370
281371
281372
281373
281374
281375
281376
281377
281378
281379
281380
281381
281382
281383
281384
281385
281386
281387
281388
281389
281424
281425
281426
281427
281428
281429
281430
281431
281432
281433
281434
281435
281436
281437
281438
281439
281440
281441
281442
281443
281444
281445
281446
281447
281448
281449
281450
281451
281452
281453
281454
281455
281456
281457
281458
281459
281460
281461
281462
281463
281464
281465
281466
281467
281468
281469
281470
281471
281472
281473
281474
281475
281476
281477
281478
281479
281480
281481
281482
281483
281484
281485
281486
281487
281488
281489
281490
281491
281492
281493
281494
281495
281496
281497
281498
281499
281500
281501
281502
281503
281504
281505
281506
281507
281508
281544
281545
281546
281547
281548
281549
281550
281551
281552
281553
281554
281555
281556
281557
281558
281559
281560
281561
281562
281563
281564
281565
281566
281567
281568
281569
281570
281571
281572
281573
281574
281575
281576
281577
281578
281579
281580
281581
281582
281583
281584
281585
281586
281587
281588
281589
281590
281591
281592
281593
281594
281595
281596
281597
281598
281599
281600
281601
281602
281603
281604
281605
281606
281607
281608
281609
281610
281611
281612
281613
281614
281615
281616
281617
281618
281619
281620
281621
281622
281623
281624
281625
281626
281627
281628
281665
281666
281667
281668
281669
281670
281671
281672
281673
281674
281675
281676
281677
281678
281679
281680
281681
281682
281683
281684
281685
281686
281687
281688
281689
281690
281691
281692
281693
281694
281695
281696
281697
281698
281699
281700
281701
281702
281703
281704
281705
281706
281707
281708
281709
281710
281711
281712
281713
281714
281715
281716
281717
281718
281719
281720
281721
281722
281723
281724
281725
281726
281727
281728
281729
281730
281731
281732
281733
281734
281735
281736
281737
281738
281739
281740
281741
281742
281743
281744
281745
281746
281747
281748
281785
281786
281787
281788
281789
281790
281791
281792
281793
281794
281795
281796
281797
281798
281799
281800
281801
281802
281803
281804
281805
281806
281807
281808
281809
281810
281811
281812
281813
281814
281815
281816
281817
281818
281819
281820
281821
281822
281823
281824
281825
281826
281827
281828
281829
281830
281831
281832
281833
281834
281835
281836
281837
281838
281839
281840
281841
281842
281843
281844
281845
281846
281847
281848
281849
281850
281851
281852
281853
281854
281855
281856
281857
281858
281859
281860
281861
281862
281863
281864
281865
281866
281867
281905
281906
281907
281908
281909
281910
281911
281912
281913
281914
281915
281916
281917
281918
281919
281920
281921
281922
281923
281924
281925
281926
281927
281928
281929
281930
281931
281932
281933
281934
281935
281936
281937
281938
281939
281940
281941
281942
281943
281944
281945
281946
281947
281948
281949
281950
281951
281952
281953
281954
281955
281956
281957
281958
281959
281960
281961
281962
281963
281964
281965
281966
281967
281968
281969
281970
281971
281972
281973
281974
281975
281976
281977
281978
281979
281980
281981
281982
281983
281984
281985
281986
282024
282025
282026
282027
282028
282029
282030
282031
282032
282033
282034
282035
282036
282037
282038
282039
282040
282041
282042
282043
282044
282045
282046
282047
282048
282049
282050
282051
282052
282053
282054
282055
282056
282057
282058
282059
282060
282061
282062
282063
282064
282065
282066
282067
282068
282069
282070
282071
282072
282073
282074
282075
282076
282077
282078
282079
282080
282081
282082
282083
282084
282085
282086
282087
282088
282089
282090
282091
282092
282093
282094
282095
282096
282097
282098
282099
282100
282101
282102
282103
282104
282105
282144
282145
282146
282147
282148
282149
282150
282151
282152
282153
282154
282155
282156
282157
282158
282159
282160
282161
282162
282163
282164
282165
282166
282167
282168
282169
282170
282171
282172
282173
282174
282175
282176
282177
282178
282179
282180
282181
282182
282183
282184
282185
282186
282187
282188
282189
282190
282191
282192
282193
282194
282195
282196
282197
282198
282199
282200
282201
282202
282203
282204
282205
282206
282207
282208
282209
282210
282211
282212
282213
282214
282215
282216
282217
282218
282219
282220
282221
282222
282223
282224
282264
282265
282266
282267
282268
282269
282270
282271
282272
282273
282274
282275
282276
282277
282278
282279
282280
282281
282282
282283
282284
282285
282286
282287
282288
282289
282290
282291
282292
282293
282294
282295
282296
282297
282298
282299
282300
282301
282302
282303
282304
282305
282306
282307
282308
282309
282310
282311
282312
282313
282314
282315
282316
282317
282318
282319
282320
282321
282322
282323
282324
282325
282326
282327
282328
282329
282330
282331
282332
282333
282334
282335
282336
282337
282338
282339
282340
282341
282342
282384
282385
282386
282387
282388
282389
282390
282391
282392
282393
282394
282395
282396
282397
282398
282399
282400
282401
282402
282403
282404
282405
282406
282407
282408
282409
282410
282411
282412
282413
282414
282415
282416
282417
282418
282419
282420
282421
282422
282423
282424
282425
282426
282427
282428
282429
282430
282431
282432
282433
282434
282435
282436
282437
282438
282439
282440
282441
282442
282443
282444
282445
282446
282447
282448
282449
282450
282451
282452
282453
282454
282455
282456
282457
282458
282459
282460
282504
282505
282506
282507
282508
282509
282510
282511
282512
282513
282514
282515
282516
282517
282518
282519
282520
282521
282522
282523
282524
282525
282526
282527
282528
282529
282530
282531
282532
282533
282534
282535
282536
282537
282538
282539
282540
282541
282542
282543
282544
282545
282546
282547
282548
282549
282550
282551
282552
282553
282554
282555
282556
282557
282558
282559
282560
282561
282562
282563
282564
282565
282566
282567
282568
282569
282570
282571
282572
282573
282574
282575
282576
282577
282578
282579
282625
282626
282627
282628
282629
282630
282631
282632
282633
282634
282635
282636
282637
282638
282639
282640
282641
282642
282643
282644
282645
282646
282647
282648
282649
282650
282651
282652
282653
282654
282655
282656
282657
282658
282659
282660
282661
282662
282663
282664
282665
282666
282667
282668
282669
282670
282671
282672
282673
282674
282675
282676
282677
282678
282679
282680
282681
282682
282683
282684
282685
282686
282687
282688
282689
282690
282691
282692
282693
282694
282695
282696
282697
282698
282699
282745
282746
282747
282748
282749
282750
282751
282752
282753
282754
282755
282756
282757
282758
282759
282760
282761
282762
282763
282764
282765
282766
282767
282768
282769
282770
282771
282772
282773
282774
282775
282776
282777
282778
282779
282780
282781
282782
282783
282784
282785
282786
282787
282788
282789
282790
282791
282792
282793
282794
282795
282796
282797
282798
282799
282800
282801
282802
282803
282804
282805
282806
282807
282808
282809
282810
282811
282812
282813
282814
282815
282816
282817
282818
282819
282865
282866
282867
282868
282869
282870
282871
282872
282873
282874
282875
282876
282877
282878
282879
282880
282881
282882
282883
282884
282885
282886
282887
282888
282889
282890
282891
282892
282893
282894
282895
282896
282897
282898
282899
282900
282901
282902
282903
282904
282905
282906
282907
282908
282909
282910
282911
282912
282913
282914
282915
282916
282917
282918
282919
282920
282921
282922
282923
282924
282925
282926
282927
282928
282929
282930
282931
282932
282933
282934
282935
282936
282937
282938
282939
282940
282986
282987
282988
282989
282990
282991
282992
282993
282994
282995
282996
282997
282998
282999
283000
283001
283002
283003
283004
283005
283006
283007
283008
283009
283010
283011
283012
283013
283014
283015
283016
283017
283018
283019
283020
283021
283022
283023
283024
283025
283026
283027
283028
283029
283030
283031
283032
283033
283034
283035
283036
283037
283038
283039
283040
283041
283042
283043
283044
283045
283046
283047
283048
283049
283050
283051
283052
283053
283054
283055
283056
283057
283058
283059
283060
283106
283107
283108
283109
283110
283111
283112
283113
283114
283115
283116
283117
283118
283119
283120
283121
283122
283123
283124
283125
283126
283127
283128
283129
283130
283131
283132
283133
283134
283135
283136
283137
283138
283139
283140
283141
283142
283143
283144
283145
283146
283147
283148
283149
283150
283151
283152
283153
283154
283155
283156
283157
283158
283159
283160
283161
283162
283163
283164
283165
283166
283167
283168
283169
283170
283171
283172
283173
283174
283175
283176
283177
283178
283179
283180
283227
283228
283229
283230
283231
283232
283233
283234
283235
283236
283237
283238
283239
283240
283241
283242
283243
283244
283245
283246
283247
283248
283249
283250
283251
283252
283253
283254
283255
283256
283257
283258
283259
283260
283261
283262
283263
283264
283265
283266
283267
283268
283269
283270
283271
283272
283273
283274
283275
283276
283277
283278
283279
283280
283281
283282
283283
283284
283285
283286
283287
283288
283289
283290
283291
283292
283293
283294
283295
283296
283297
283298
283299
283348
283349
283350
283351
283352
283353
283354
283355
283356
283357
283358
283359
283360
283361
283362
283363
283364
283365
283366
283367
283368
283369
283370
283371
283372
283373
283374
283375
283376
283377
283378
283379
283380
283381
283382
283383
283384
283385
283386
283387
283388
283389
283390
283391
283392
283393
283394
283395
283396
283397
283398
283399
283400
283401
283402
283403
283404
283405
283406
283407
283408
283409
283410
283411
283412
283413
283414
283415
283416
283417
283418
283419
283469
283470
283471
283472
283473
283474
283475
283476
283477
283478
283479
283480
283481
283482
283483
283484
283485
283486
283487
283488
283489
283490
283491
283492
283493
283494
283495
283496
283497
283498
283499
283500
283501
283502
283503
283504
283505
283506
283507
283508
283509
283510
283511
283512
283513
283514
283515
283516
283517
283518
283519
283520
283521
283522
283523
283524
283525
283526
283527
283528
283529
283530
283531
283532
283533
283534
283535
283536
283537
283538
283539
283591
283592
283593
283594
283595
283596
283597
283598
283599
283600
283601
283602
283603
283604
283605
283606
283607
283608
283609
283610
283611
283612
283613
283614
283615
283616
283617
283618
283619
283620
283621
283622
283623
283624
283625
283626
283627
283628
283629
283630
283631
283632
283633
283634
283635
283636
283637
283638
283639
283640
283641
283642
283643
283644
283645
283646
283647
283648
283649
283650
283651
283652
283653
283654
283655
283656
283657
283658
283712
283713
283714
283715
283716
283717
283718
283719
283720
283721
283722
283723
283724
283725
283726
283727
283728
283729
283730
283731
283732
283733
283734
283735
283736
283737
283738
283739
283740
283741
283742
283743
283744
283745
283746
283747
283748
283749
283750
283751
283752
283753
283754
283755
283756
283757
283758
283759
283760
283761
283762
283763
283764
283765
283766
283767
283768
283769
283770
283771
283772
283773
283774
283775
283776
283777
283836
283837
283838
283839
283840
283841
283842
283843
283844
283845
283846
283847
283848
283849
283850
283851
283852
283853
283854
283855
283856
283857
283858
283859
283860
283861
283862
283863
283864
283865
283866
283867
283868
283869
283870
283871
283872
283873
283874
283875
283876
283877
283878
283879
283880
283881
283882
283883
283884
283887
283888
283889
283890
283891
283892
283893
283894
283895
283896
283960
283961
283962
283965
283966
283968
283969
283970
283971
283972
283973
283974
283975
283976
283977
283978
283979
283980
283981
283982
283983
283984
283985
283986
283987
283988
283989
283990
283991
283992
283993
283994
283995
283996
283997
283998
283999
284000
284001
284002
284003
284004
284010
284011
284012
284013
284090
284091
284092
284093
284094
284095
284096
284097
284098
284099
284100
284101
284102
284103
284104
284105
284106
284107
284108
284109
284110
284111
284112
284113
284114
284115
284116
284117
284118
284119
284120
284121
284122
284123
284214
284215
284216
284217
284218
284219
284220
284221
284222
284223
284224
284225
284226
284227
284228
284229
284230
284231
284232
284233
284234
284235
284236
284237
284238
284239
284240
284241
284242
284243
284337
284338
284339
284340
284341
284342
284343
284344
284345
284346
284347
284348
284349
284350
284351
284352
284353
284354
284355
284356
284357
284358
284359
284360
284361
284362
284363
284460
284461
284462
284463
284464
284465
284466
284467
284468
284469
284470
284471
284472
284473
284474
284475
284476
284477
284478
284479
284480
284481
284482
284582
284583
284584
284585
284586
284587
284588
284589
284590
284591
284592
284593
284594
284595
284596
284597
284598
284599
284600
284601
284703
284704
284705
284706
284707
284708
284709
284710
284711
284712
284713
284714
284715
284716
284717
284718
284719
284720
284824
284825
284826
284827
284828
284829
284830
284831
284832
284833
284834
284835
284836
284837
284838
284946
284947
284948
284949
284950
284951
284952
284953
284954
284955
284956
284957
285068
285069
285070
285071
285072
285073
285074
285075
285191
285192
290214
290330
290331
290332
290333
290334
290335
290336
290337
290338
290446
290447
290448
290449
290450
290451
290452
290453
290454
290455
290456
290457
290458
290459
290460
290461
290462
290563
290564
290565
290566
290567
290568
290569
290570
290571
290572
290573
290574
290575
290576
290577
290578
290579
290580
290581
290582
290583
290584
290585
290681
290682
290683
290684
290685
290686
290687
290688
290689
290690
290691
290692
290693
290694
290695
290696
290697
290698
290699
290700
290701
290702
290703
290704
290705
290706
290707
290799
290800
290801
290802
290803
290804
290805
290806
290807
290808
290809
290810
290811
290812
290813
290814
290815
290816
290817
290818
290819
290820
290821
290822
290823
290824
290825
290826
290827
290828
290829
290917
290918
290919
290920
290921
290922
290923
290924
290925
290926
290927
290928
290929
290930
290931
290932
290933
290934
290935
290936
290937
290938
290939
290940
290941
290942
290943
290944
290945
290946
290947
290948
290949
290950
291036
291037
291038
291039
291040
291041
291042
291043
291044
291045
291046
291047
291048
291049
291050
291051
291052
291053
291054
291055
291056
291057
291058
291059
291060
291061
291062
291063
291064
291065
291066
291067
291068
291069
291070
291154
291155
291156
291157
291158
291159
291160
291161
291162
291163
291164
291165
291166
291167
291168
291169
291170
291171
291172
291173
291174
291175
291176
291177
291178
291179
291180
291181
291182
291183
291184
291185
291186
291187
291188
291189
291190
291191
291272
291273
291274
291275
291276
291277
291278
291279
291280
291281
291282
291283
291284
291285
291286
291287
291288
291289
291290
291291
291292
291293
291294
291295
291296
291297
291298
291299
291300
291301
291302
291303
291304
291305
291306
291307
291308
291309
291310
291311
291390
291391
291392
291393
291394
291395
291396
291397
291398
291399
291400
291401
291402
291403
291404
291405
291406
291407
291408
291409
291410
291411
291412
291413
291414
291415
291416
291417
291418
291419
291420
291421
291422
291423
291424
291425
291426
291427
291428
291429
291430
291431
291509
291510
291511
291512
291513
291514
291515
291516
291517
291518
291519
291520
291521
291522
291523
291524
291525
291526
291527
291528
291529
291530
291531
291532
291533
291534
291535
291536
291537
291538
291539
291540
291541
291542
291543
291544
291545
291546
291547
291548
291549
291550
291551
291628
291629
291630
291631
291632
291633
291634
291635
291636
291637
291638
291639
291640
291641
291642
291643
291644
291645
291646
291647
291648
291649
291650
291651
291652
291653
291654
291655
291656
291657
291658
291659
291660
291661
291662
291663
291664
291665
291666
291667
291668
291669
291670
291671
291672
291747
291748
291749
291750
291751
291752
291753
291754
291755
291756
291757
291758
291759
291760
291761
291762
291763
291764
291765
291766
291767
291768
291769
291770
291771
291772
291773
291774
291775
291776
291777
291778
291779
291780
291781
291782
291783
291784
291785
291786
291787
291788
291789
291790
291791
291792
291866
291867
291868
291869
291870
291871
291872
291873
291874
291875
291876
291877
291878
291879
291880
291881
291882
291883
291884
291885
291886
291887
291888
291889
291890
291891
291892
291893
291894
291895
291896
291897
291898
291899
291900
291901
291902
291903
291904
291905
291906
291907
291908
291909
291910
291911
291912
291913
291986
291987
291988
291989
291990
291991
291992
291993
291994
291995
291996
291997
291998
291999
292000
292001
292002
292003
292004
292005
292006
292007
292008
292009
292010
292011
292012
292013
292014
292015
292016
292017
292018
292019
292020
292021
292022
292023
292024
292025
292026
292027
292028
292029
292030
292031
292032
292033
292105
292106
292107
292108
292109
292110
292111
292112
292113
292114
292115
292116
292117
292118
292119
292120
292121
292122
292123
292124
292125
292126
292127
292128
292129
292130
292131
292132
292133
292134
292135
292136
292137
292138
292139
292140
292141
292142
292143
292144
292145
292146
292147
292148
292149
292150
292151
292152
292153
292224
292225
292226
292227
292228
292229
292230
292231
292232
292233
292234
292235
292236
292237
292238
292239
292240
292241
292242
292243
292244
292245
292246
292247
292248
292249
292250
292251
292252
292253
292254
292255
292256
292257
292258
292259
292260
292261
292262
292263
292264
292265
292266
292267
292268
292269
292270
292271
292272
292273
292274
292344
292345
292346
292347
292348
292349
292350
292351
292352
292353
292354
292355
292356
292357
292358
292359
292360
292361
292362
292363
292364
292365
292366
292367
292368
292369
292370
292371
292372
292373
292374
292375
292376
292377
292378
292379
292380
292381
292382
292383
292384
292385
292386
292387
292388
292389
292390
292391
292392
292393
292394
292395
292463
292464
292465
292466
292467
292468
292469
292470
292471
292472
292473
292474
292475
292476
292477
292478
292479
292480
292481
292482
292483
292484
292485
292486
292487
292488
292489
292490
292491
292492
292493
292494
292495
292496
292497
292498
292499
292500
292501
292502
292503
292504
292505
292506
292507
292508
292509
292510
292511
292512
292513
292514
292515
292516
292517
292519
292520
292521
292522
292523
292524
292583
292584
292585
292586
292587
292588
292589
292590
292591
292592
292593
292594
292595
292596
292597
292598
292599
292600
292601
292602
292603
292604
292605
292606
292607
292608
292609
292610
292611
292612
292613
292614
292615
292616
292617
292618
292619
292620
292621
292622
292623
292624
292625
292626
292627
292628
292629
292630
292631
292632
292633
292634
292635
292636
292637
292638
292639
292640
292641
292642
292643
292644
292645
292646
292647
292702
292703
292704
292705
292706
292707
292708
292709
292710
292711
292712
292713
292714
292715
292716
292717
292718
292719
292720
292721
292722
292723
292724
292725
292726
292727
292728
292729
292730
292731
292732
292733
292734
292735
292736
292737
292738
292739
292740
292741
292742
292743
292744
292745
292746
292747
292748
292749
292750
292751
292752
292753
292754
292755
292756
292757
292758
292759
292760
292761
292762
292763
292764
292765
292766
292767
292768
292769
292822
292823
292824
292825
292826
292827
292828
292829
292830
292831
292832
292833
292834
292835
292836
292837
292838
292839
292840
292841
292842
292843
292844
292845
292846
292847
292848
292849
292850
292851
292852
292853
292854
292855
292856
292857
292858
292859
292860
292861
292862
292863
292864
292865
292866
292867
292868
292869
292870
292871
292872
292873
292874
292875
292876
292877
292878
292879
292880
292881
292882
292883
292884
292885
292886
292887
292888
292889
292890
292891
292942
292943
292944
292945
292946
292947
292948
292949
292950
292951
292952
292953
292954
292955
292956
292957
292958
292959
292960
292961
292962
292963
292964
292965
292966
292967
292968
292969
292970
292971
292972
292973
292974
292975
292976
292977
292978
292979
292980
292981
292982
292983
292984
292985
292986
292987
292988
292989
292990
292991
292992
292993
292994
292995
292996
292997
292998
292999
293000
293001
293002
293003
293004
293005
293006
293007
293008
293009
293010
293011
293012
293013
293062
293063
293064
293065
293066
293067
293068
293069
293070
293071
293072
293073
293074
293075
293076
293077
293078
293079
293080
293081
293082
293083
293084
293085
293086
293087
293088
293089
293090
293091
293092
293093
293094
293095
293096
293097
293098
293099
293100
293101
293102
293103
293104
293105
293106
293107
293108
293109
293110
293111
293112
293113
293114
293115
293116
293117
293118
293119
293120
293121
293122
293123
293124
293125
293126
293127
293128
293129
293130
293131
293132
293133
293134
293135
293136
293181
293182
293183
293184
293185
293186
293187
293188
293189
293190
293191
293192
293193
293194
293195
293196
293197
293198
293199
293200
293201
293202
293203
293204
293205
293206
293207
293208
293209
293210
293211
293212
293213
293214
293215
293216
293217
293218
293219
293220
293221
293222
293223
293224
293225
293226
293227
293228
293229
293230
293231
293232
293233
293234
293235
293236
293237
293238
293239
293240
293241
293242
293243
293244
293245
293246
293247
293248
293249
293250
293251
293252
293253
293254
293255
293256
293257
293258
293259
293260
293261
293262
293263
293264
293301
293302
293303
293304
293305
293306
293307
293308
293309
293310
293311
293312
293313
293314
293315
293316
293317
293318
293319
293320
293321
293322
293323
293324
293325
293326
293327
293328
293329
293330
293331
293332
293333
293334
293335
293336
293337
293338
293339
293340
293341
293342
293343
293344
293345
293346
293347
293348
293349
293350
293351
293352
293353
293354
293355
293356
293357
293358
293359
293360
293361
293362
293363
293364
293365
293366
293367
293368
293369
293370
293371
293372
293373
293374
293375
293376
293377
293378
293379
293380
293381
293382
293383
293384
293385
293386
293421
293422
293423
293424
293425
293426
293427
293428
293429
293430
293431
293432
293433
293434
293435
293436
293437
293438
293439
293440
293441
293442
293443
293444
293445
293446
293447
293448
293449
293450
293451
293452
293453
293454
293455
293456
293457
293458
293459
293460
293461
293462
293463
293464
293465
293466
293467
293468
293469
293470
293471
293472
293473
293474
293475
293476
293477
293478
293479
293480
293481
293482
293483
293484
293485
293486
293487
293488
293489
293490
293491
293492
293493
293494
293495
293496
293497
293498
293499
293500
293501
293502
293503
293504
293505
293506
293507
293541
293542
293543
293544
293545
293546
293547
293548
293549
293550
293551
293552
293553
293554
293555
293556
293557
293558
293559
293560
293561
293562
293563
293564
293565
293566
293567
293568
293569
293570
293571
293572
293573
293574
293575
293576
293577
293578
293579
293580
293581
293582
293583
293584
293585
293586
293587
293588
293589
293590
293591
293592
293593
293594
293595
293596
293597
293598
293599
293600
293601
293602
293603
293604
293605
293606
293607
293608
293609
293610
293611
293612
293613
293614
293615
293616
293617
293618
293619
293620
293621
293622
293623
293624
293625
293626
293627
293628
293660
293661
293662
293663
293664
293665
293666
293667
293668
293669
293670
293671
293672
293673
293674
293675
293676
293677
293678
293679
293680
293681
293682
293683
293684
293685
293686
293687
293688
293689
293690
293691
293692
293693
293694
293695
293696
293697
293698
293699
293700
293701
293702
293703
293704
293705
293706
293707
293708
293709
293710
293711
293712
293713
293714
293715
293716
293717
293718
293719
293720
293721
293722
293723
293724
293725
293726
293727
293728
293729
293730
293731
293732
293733
293734
293735
293736
293737
293738
293739
293740
293741
293742
293743
293744
293745
293746
293747
293748
293780
293781
293782
293783
293784
293785
293786
293787
293788
293789
293790
293791
293792
293793
293794
293795
293796
293797
293798
293799
293800
293801
293802
293803
293804
293805
293806
293807
293808
293809
293810
293811
293812
293813
293814
293815
293816
293817
293818
293819
293820
293821
293822
293823
293824
293825
293826
293827
293828
293829
293830
293831
293832
293833
293834
293835
293836
293837
293838
293839
293840
293841
293842
293843
293844
293845
293846
293847
293848
293849
293850
293851
293852
293853
293854
293855
293856
293857
293858
293859
293860
293861
293862
293863
293864
293865
293866
293867
293868
293869
293900
293901
293902
293903
293904
293905
293906
293907
293908
293909
293910
293911
293912
293913
293914
293915
293916
293917
293918
293919
293920
293921
293922
293923
293924
293925
293926
293927
293928
293929
293930
293931
293932
293933
293934
293935
293936
293937
293938
293939
293940
293941
293942
293943
293944
293945
293946
293947
293948
293949
293950
293951
293952
293953
293954
293955
293956
293957
293958
293959
293960
293961
293962
293963
293964
293965
293966
293967
293968
293969
293970
293971
293972
293973
293974
293975
293976
293977
293978
293979
293980
293981
293982
293983
293984
293985
293986
293987
293988
293989
294020
294021
294022
294023
294024
294025
294026
294027
294028
294029
294030
294031
294032
294033
294034
294035
294036
294037
294038
294039
294040
294041
294042
294043
294044
294045
294046
294047
294048
294049
294050
294051
294052
294053
294054
294055
294056
294057
294058
294059
294060
294061
294062
294063
294064
294065
294066
294067
294068
294069
294070
294071
294072
294073
294074
294075
294076
294077
294078
294079
294080
294081
294082
294083
294084
294085
294086
294087
294088
294089
294090
294091
294092
294093
294094
294095
294096
294097
294098
294099
294100
294101
294102
294103
294104
294105
294106
294107
294108
294109
294139
294140
294141
294142
294143
294144
294145
294146
294147
294148
294149
294150
294151
294152
294153
294154
294155
294156
294157
294158
294159
294160
294161
294162
294163
294164
294165
294166
294167
294168
294169
294170
294171
294172
294173
294174
294175
294176
294177
294178
294179
294180
294181
294182
294183
294184
294185
294186
294187
294188
294189
294190
294191
294192
294193
294194
294195
294196
294197
294198
294199
294200
294201
294202
294203
294204
294205
294206
294207
294208
294209
294210
294211
294212
294213
294214
294215
294216
294217
294218
294219
294220
294221
294222
294223
294224
294225
294226
294227
294228
294229
294230
294259
294260
294261
294262
294263
294264
294265
294266
294267
294268
294269
294270
294271
294272
294273
294274
294275
294276
294277
294278
294279
294280
294281
294282
294283
294284
294285
294286
294287
294288
294289
294290
294291
294292
294293
294294
294295
294296
294297
294298
294299
294300
294301
294302
294303
294304
294305
294306
294307
294308
294309
294310
294311
294312
294313
294314
294315
294316
294317
294318
294319
294320
294321
294322
294323
294324
294325
294326
294327
294328
294329
294330
294331
294332
294333
294334
294335
294336
294337
294338
294339
294340
294341
294342
294343
294344
294345
294346
294347
294348
294349
294350
294379
294380
294381
294382
294383
294384
294385
294386
294387
294388
294389
294390
294391
294392
294393
294394
294395
294396
294397
294398
294399
294400
294401
294402
294403
294404
294405
294406
294407
294408
294409
294410
294411
294412
294413
294414
294415
294416
294417
294418
294419
294420
294421
294422
294423
294424
294425
294426
294427
294428
294429
294430
294431
294432
294433
294434
294435
294436
294437
294438
294439
294440
294441
294442
294443
294444
294445
294446
294447
294448
294449
294450
294451
294452
294453
294454
294455
294456
294457
294458
294459
294460
294461
294462
294463
294464
294465
294466
294467
294468
294469
294470
294499
294500
294501
294502
294503
294504
294505
294506
294507
294508
294509
294510
294511
294512
294513
294514
294515
294516
294517
294518
294519
294520
294521
294522
294523
294524
294525
294526
294527
294528
294529
294530
294531
294532
294533
294534
294535
294536
294537
294538
294539
294540
294541
294542
294543
294544
294545
294546
294547
294548
294549
294550
294551
294552
294553
294554
294555
294556
294557
294558
294559
294560
294561
294562
294563
294564
294565
294566
294567
294568
294569
294570
294571
294572
294573
294574
294575
294576
294577
294578
294579
294580
294581
294582
294583
294584
294585
294586
294587
294588
294589
294590
294620
294621
294622
294623
294624
294625
294626
294627
294628
294629
294630
294631
294632
294633
294634
294635
294636
294637
294638
294639
294640
294641
294642
294643
294644
294645
294646
294647
294648
294649
294650
294651
294652
294653
294654
294655
294656
294657
294658
294659
294660
294661
294662
294663
294664
294665
294666
294667
294668
294669
294670
294671
294672
294673
294674
294675
294676
294677
294678
294679
294680
294681
294682
294683
294684
294685
294686
294687
294688
294689
294690
294691
294692
294693
294694
294695
294696
294697
294698
294699
294700
294701
294702
294703
294704
294705
294706
294707
294708
294709
294710
294711
294740
294741
294742
294743
294744
294745
294746
294747
294748
294749
294750
294751
294752
294753
294754
294755
294756
294757
294758
294759
294760
294761
294762
294763
294764
294765
294766
294767
294768
294769
294770
294771
294772
294773
294774
294775
294776
294777
294778
294779
294780
294781
294782
294783
294784
294785
294786
294787
294788
294789
294790
294791
294792
294793
294794
294795
294796
294797
294798
294799
294800
294801
294802
294803
294804
294805
294806
294807
294808
294809
294810
294811
294812
294813
294814
294815
294816
294817
294818
294819
294820
294821
294822
294823
294824
294825
294826
294827
294828
294829
294830
294831
294860
294861
294862
294863
294864
294865
294866
294867
294868
294869
294870
294871
294872
294873
294874
294875
294876
294877
294878
294879
294880
294881
294882
294883
294884
294885
294886
294887
294888
294889
294890
294891
294892
294893
294894
294895
294896
294897
294898
294899
294900
294901
294902
294903
294904
294905
294906
294907
294908
294909
294910
294911
294912
294913
294914
294915
294916
294917
294918
294919
294920
294921
294922
294923
294924
294925
294926
294927
294928
294929
294930
294931
294932
294933
294934
294935
294936
294937
294938
294939
294940
294941
294942
294943
294944
294945
294946
294947
294948
294949
294950
294951
294980
294981
294982
294983
294984
294985
294986
294987
294988
294989
294990
294991
294992
294993
294994
294995
294996
294997
294998
294999
295000
295001
295002
295003
295004
295005
295006
295007
295008
295009
295010
295011
295012
295013
295014
295015
295016
295017
295018
295019
295020
295021
295022
295023
295024
295025
295026
295027
295028
295029
295030
295031
295032
295033
295034
295035
295036
295037
295038
295039
295040
295041
295042
295043
295044
295045
295046
295047
295048
295049
295050
295051
295052
295053
295054
295055
295056
295057
295058
295059
295060
295061
295062
295063
295064
295065
295066
295067
295068
295069
295070
295071
295101
295102
295103
295104
295105
295106
295107
295108
295109
295110
295111
295112
295113
295114
295115
295116
295117
295118
295119
295120
295121
295122
295123
295124
295125
295126
295127
295128
295129
295130
295131
295132
295133
295134
295135
295136
295137
295138
295139
295140
295141
295142
295143
295144
295145
295146
295147
295148
295149
295150
295151
295152
295153
295154
295155
295156
295157
295158
295159
295160
295161
295162
295163
295164
295165
295166
295167
295168
295169
295170
295171
295172
295173
295174
295175
295176
295177
295178
295179
295180
295181
295182
295183
295184
295185
295186
295187
295188
295189
295190
295221
295222
295223
295224
295225
295226
295227
295228
295229
295230
295231
295232
295233
295234
295235
295236
295237
295238
295239
295240
295241
295242
295243
295244
295245
295246
295247
295248
295249
295250
295251
295252
295253
295254
295255
295256
295257
295258
295259
295260
295261
295262
295263
295264
295265
295266
295267
295268
295269
295270
295271
295272
295273
295274
295275
295276
295277
295278
295279
295280
295281
295282
295283
295284
295285
295286
295287
295288
295289
295290
295291
295292
295293
295294
295295
295296
295297
295298
295299
295300
295301
295302
295303
295304
295305
295306
295307
295308
295309
295310
295341
295342
295343
295344
295345
295346
295347
295348
295349
295350
295351
295352
295353
295354
295355
295356
295357
295358
295359
295360
295361
295362
295363
295364
295365
295366
295367
295368
295369
295370
295371
295372
295373
295374
295375
295376
295377
295378
295379
295380
295381
295382
295383
295384
295385
295386
295387
295388
295389
295390
295391
295392
295393
295394
295395
295396
295397
295398
295399
295400
295401
295402
295403
295404
295405
295406
295407
295408
295409
295410
295411
295412
295413
295414
295415
295416
295417
295418
295419
295420
295421
295422
295423
295424
295425
295426
295427
295428
295429
295430
295461
295462
295463
295464
295465
295466
295467
295468
295469
295470
295471
295472
295473
295474
295475
295476
295477
295478
295479
295480
295481
295482
295483
295484
295485
295486
295487
295488
295489
295490
295491
295492
295493
295494
295495
295496
295497
295498
295499
295500
295501
295502
295503
295504
295505
295506
295507
295508
295509
295510
295511
295512
295513
295514
295515
295516
295517
295518
295519
295520
295521
295522
295523
295524
295525
295526
295527
295528
295529
295530
295531
295532
295533
295534
295535
295536
295537
295538
295539
295540
295541
295542
295543
295544
295545
295546
295547
295548
295549
295550
295582
295583
295584
295585
295586
295587
295588
295589
295590
295591
295592
295593
295594
295595
295596
295597
295598
295599
295600
295601
295602
295603
295604
295605
295606
295607
295608
295609
295610
295611
295612
295613
295614
295615
295616
295617
295618
295619
295620
295621
295622
295623
295624
295625
295626
295627
295628
295629
295630
295631
295632
295633
295634
295635
295636
295637
295638
295639
295640
295641
295642
295643
295644
295645
295646
295647
295648
295649
295650
295651
295652
295653
295654
295655
295656
295657
295658
295659
295660
295661
295662
295663
295664
295665
295666
295667
295668
295669
295670
295702
295703
295704
295705
295706
295707
295708
295709
295710
295711
295712
295713
295714
295715
295716
295717
295718
295719
295720
295721
295722
295723
295724
295725
295726
295727
295728
295729
295730
295731
295732
295733
295734
295735
295736
295737
295738
295739
295740
295741
295742
295743
295744
295745
295746
295747
295748
295749
295750
295751
295752
295753
295754
295755
295756
295757
295758
295759
295760
295761
295762
295763
295764
295765
295766
295767
295768
295769
295770
295771
295772
295773
295774
295775
295776
295777
295778
295779
295780
295781
295782
295783
295784
295785
295786
295787
295788
295789
295790
295823
295824
295825
295826
295827
295828
295829
295830
295831
295832
295833
295834
295835
295836
295837
295838
295839
295840
295841
295842
295843
295844
295845
295846
295847
295848
295849
295850
295851
295852
295853
295854
295855
295856
295857
295858
295859
295860
295861
295862
295863
295864
295865
295866
295867
295868
295869
295870
295871
295872
295873
295874
295875
295876
295877
295878
295879
295880
295881
295882
295883
295884
295885
295886
295887
295888
295889
295890
295891
295892
295893
295894
295895
295896
295897
295898
295899
295900
295901
295902
295903
295904
295905
295906
295907
295908
295909
295943
295944
295945
295946
295947
295948
295949
295950
295951
295952
295953
295954
295955
295956
295957
295958
295959
295960
295961
295962
295963
295964
295965
295966
295967
295968
295969
295970
295971
295972
295973
295974
295975
295976
295977
295978
295979
295980
295981
295982
295983
295984
295985
295986
295987
295988
295989
295990
295991
295992
295993
295994
295995
295996
295997
295998
295999
296000
296001
296002
296003
296004
296005
296006
296007
296008
296009
296010
296011
296012
296013
296014
296015
296016
296017
296018
296019
296020
296021
296022
296023
296024
296025
296026
296027
296028
296029
296064
296065
296066
296067
296068
296069
296070
296071
296072
296073
296074
296075
296076
296077
296078
296079
296080
296081
296082
296083
296084
296085
296086
296087
296088
296089
296090
296091
296092
296093
296094
296095
296096
296097
296098
296099
296100
296101
296102
296103
296104
296105
296106
296107
296108
296109
296110
296111
296112
296113
296114
296115
296116
296117
296118
296119
296120
296121
296122
296123
296124
296125
296126
296127
296128
296129
296130
296131
296132
296133
296134
296135
296136
296137
296138
296139
296140
296141
296142
296143
296144
296145
296146
296147
296148
296149
296184
296185
296186
296187
296188
296189
296190
296191
296192
296193
296194
296195
296196
296197
296198
296199
296200
296201
296202
296203
296204
296205
296206
296207
296208
296209
296210
296211
296212
296213
296214
296215
296216
296217
296218
296219
296220
296221
296222
296223
296224
296225
296226
296227
296228
296229
296230
296231
296232
296233
296234
296235
296236
296237
296238
296239
296240
296241
296242
296243
296244
296245
296246
296247
296248
296249
296250
296251
296252
296253
296254
296255
296256
296257
296258
296259
296260
296261
296262
296263
296264
296265
296266
296267
296268
296304
296305
296306
296307
296308
296309
296310
296311
296312
296313
296314
296315
296316
296317
296318
296319
296320
296321
296322
296323
296324
296325
296326
296327
296328
296329
296330
296331
296332
296333
296334
296335
296336
296337
296338
296339
296340
296341
296342
296343
296344
296345
296346
296347
296348
296349
296350
296351
296352
296353
296354
296355
296356
296357
296358
296359
296360
296361
296362
296363
296364
296365
296366
296367
296368
296369
296370
296371
296372
296373
296374
296375
296376
296377
296378
296379
296380
296381
296382
296383
296384
296385
296386
296387
296388
296423
296424
296425
296426
296427
296428
296429
296430
296431
296432
296433
296434
296435
296436
296437
296438
296439
296440
296441
296442
296443
296444
296445
296446
296447
296448
296449
296450
296451
296452
296453
296454
296455
296456
296457
296458
296459
296460
296461
296462
296463
296464
296465
296466
296467
296468
296469
296470
296471
296472
296473
296474
296475
296476
296477
296478
296479
296480
296481
296482
296483
296484
296485
296486
296487
296488
296489
296490
296491
296492
296493
296494
296495
296496
296497
296498
296499
296500
296501
296502
296503
296504
296505
296506
296507
296543
296544
296545
296546
296547
296548
296549
296550
296551
296552
296553
296554
296555
296556
296557
296558
296559
296560
296561
296562
296563
296564
296565
296566
296567
296568
296569
296570
296571
296572
296573
296574
296575
296576
296577
296578
296579
296580
296581
296582
296583
296584
296585
296586
296587
296588
296589
296590
296591
296592
296593
296594
296595
296596
296597
296598
296599
296600
296601
296602
296603
296604
296605
296606
296607
296608
296609
296610
296611
296612
296613
296614
296615
296616
296617
296618
296619
296620
296621
296622
296623
296624
296625
296626
296663
296664
296665
296666
296667
296668
296669
296670
296671
296672
296673
296674
296675
296676
296677
296678
296679
296680
296681
296682
296683
296684
296685
296686
296687
296688
296689
296690
296691
296692
296693
296694
296695
296696
296697
296698
296699
296700
296701
296702
296703
296704
296705
296706
296707
296708
296709
296710
296711
296712
296713
296714
296715
296716
296717
296718
296719
296720
296721
296722
296723
296724
296725
296726
296727
296728
296729
296730
296731
296732
296733
296734
296735
296736
296737
296738
296739
296740
296741
296742
296743
296744
296783
296784
296785
296786
296787
296788
296789
296790
296791
296792
296793
296794
296795
296796
296797
296798
296799
296800
296801
296802
296803
296804
296805
296806
296807
296808
296809
296810
296811
296812
296813
296814
296815
296816
296817
296818
296819
296820
296821
296822
296823
296824
296825
296826
296827
296828
296829
296830
296831
296832
296833
296834
296835
296836
296837
296838
296839
296840
296841
296842
296843
296844
296845
296846
296847
296848
296849
296850
296851
296852
296853
296854
296855
296856
296857
296858
296859
296860
296861
296862
296863
296903
296904
296905
296906
296907
296908
296909
296910
296911
296912
296913
296914
296915
296916
296917
296918
296919
296920
296921
296922
296923
296924
296925
296926
296927
296928
296929
296930
296931
296932
296933
296934
296935
296936
296937
296938
296939
296940
296941
296942
296943
296944
296945
296946
296947
296948
296949
296950
296951
296952
296953
296954
296955
296956
296957
296958
296959
296960
296961
296962
296963
296964
296965
296966
296967
296968
296969
296970
296971
296972
296973
296974
296975
296976
296977
296978
296979
296980
297024
297025
297026
297027
297028
297029
297030
297031
297032
297033
297034
297035
297036
297037
297038
297039
297040
297041
297042
297043
297044
297045
297046
297047
297048
297049
297050
297051
297052
297053
297054
297055
297056
297057
297058
297059
297060
297061
297062
297063
297064
297065
297066
297067
297068
297069
297070
297071
297072
297073
297074
297075
297076
297077
297078
297079
297080
297081
297082
297083
297084
297085
297086
297087
297088
297089
297090
297091
297092
297093
297094
297095
297096
297097
297098
297099
297100
297144
297145
297146
297147
297148
297149
297150
297151
297152
297153
297154
297155
297156
297157
297158
297159
297160
297161
297162
297163
297164
297165
297166
297167
297168
297169
297170
297171
297172
297173
297174
297175
297176
297177
297178
297179
297180
297181
297182
297183
297184
297185
297186
297187
297188
297189
297190
297191
297192
297193
297194
297195
297196
297197
297198
297199
297200
297201
297202
297203
297204
297205
297206
297207
297208
297209
297210
297211
297212
297213
297214
297215
297216
297217
297218
297219
297220
297264
297265
297266
297267
297268
297269
297270
297271
297272
297273
297274
297275
297276
297277
297278
297279
297280
297281
297282
297283
297284
297285
297286
297287
297288
297289
297290
297291
297292
297293
297294
297295
297296
297297
297298
297299
297300
297301
297302
297303
297304
297305
297306
297307
297308
297309
297310
297311
297312
297313
297314
297315
297316
297317
297318
297319
297320
297321
297322
297323
297324
297325
297326
297327
297328
297329
297330
297331
297332
297333
297334
297335
297336
297337
297338
297339
297340
297341
297384
297385
297386
297387
297388
297389
297390
297391
297392
297393
297394
297395
297396
297397
297398
297399
297400
297401
297402
297403
297404
297405
297406
297407
297408
297409
297410
297411
297412
297413
297414
297415
297416
297417
297418
297419
297420
297421
297422
297423
297424
297425
297426
297427
297428
297429
297430
297431
297432
297433
297434
297435
297436
297437
297438
297439
297440
297441
297442
297443
297444
297445
297446
297447
297448
297449
297450
297451
297452
297453
297454
297455
297456
297457
297458
297459
297460
297461
297505
297506
297507
297508
297509
297510
297511
297512
297513
297514
297515
297516
297517
297518
297519
297520
297521
297522
297523
297524
297525
297526
297527
297528
297529
297530
297531
297532
297533
297534
297535
297536
297537
297538
297539
297540
297541
297542
297543
297544
297545
297546
297547
297548
297549
297550
297551
297552
297553
297554
297555
297556
297557
297558
297559
297560
297561
297562
297563
297564
297565
297566
297567
297568
297569
297570
297571
297572
297573
297574
297575
297576
297577
297578
297579
297580
297581
297625
297626
297627
297628
297629
297630
297631
297632
297633
297634
297635
297636
297637
297638
297639
297640
297641
297642
297643
297644
297645
297646
297647
297648
297649
297650
297651
297652
297653
297654
297655
297656
297657
297658
297659
297660
297661
297662
297663
297664
297665
297666
297667
297668
297669
297670
297671
297672
297673
297674
297675
297676
297677
297678
297679
297680
297681
297682
297683
297684
297685
297686
297687
297688
297689
297690
297691
297692
297693
297694
297695
297696
297697
297698
297699
297700
297746
297747
297748
297749
297750
297751
297752
297753
297754
297755
297756
297757
297758
297759
297760
297761
297762
297763
297764
297765
297766
297767
297768
297769
297770
297771
297772
297773
297774
297775
297776
297777
297778
297779
297780
297781
297782
297783
297784
297785
297786
297787
297788
297789
297790
297791
297792
297793
297794
297795
297796
297797
297798
297799
297800
297801
297802
297803
297804
297805
297806
297807
297808
297809
297810
297811
297812
297813
297814
297815
297816
297817
297818
297819
297820
297868
297869
297870
297871
297872
297873
297874
297875
297876
297877
297878
297879
297880
297881
297882
297883
297884
297885
297886
297887
297888
297889
297890
297891
297892
297893
297894
297895
297896
297897
297898
297899
297900
297901
297902
297903
297904
297905
297906
297907
297908
297909
297910
297911
297912
297913
297914
297915
297916
297917
297918
297919
297920
297921
297922
297923
297924
297925
297926
297927
297928
297929
297930
297931
297932
297933
297934
297935
297936
297937
297938
297939
297940
297989
297990
297991
297992
297993
297994
297995
297996
297997
297998
297999
298000
298001
298002
298003
298004
298005
298006
298007
298008
298009
298010
298011
298012
298013
298014
298015
298016
298017
298018
298019
298020
298021
298022
298023
298024
298025
298026
298027
298028
298029
298030
298031
298032
298033
298034
298035
298036
298037
298038
298039
298040
298041
298042
298043
298044
298045
298046
298047
298048
298049
298050
298051
298052
298053
298054
298055
298056
298057
298058
298059
298110
298111
298112
298113
298114
298115
298116
298117
298118
298119
298120
298121
298122
298123
298124
298125
298126
298127
298128
298129
298130
298131
298132
298133
298134
298135
298136
298137
298138
298139
298140
298141
298142
298143
298144
298145
298146
298147
298148
298149
298150
298151
298152
298153
298154
298155
298156
298157
298158
298159
298160
298161
298162
298163
298164
298165
298166
298167
298168
298169
298170
298171
298172
298173
298174
298175
298176
298177
298178
298179
298232
298233
298234
298235
298236
298237
298238
298239
298240
298241
298242
298243
298244
298245
298246
298247
298248
298249
298250
298251
298252
298253
298254
298255
298256
298257
298258
298259
298260
298261
298262
298263
298264
298265
298266
298267
298268
298269
298270
298271
298272
298273
298274
298275
298276
298277
298278
298279
298280
298281
298282
298283
298284
298285
298286
298287
298288
298289
298290
298291
298292
298293
298294
298295
298296
298297
298298
298356
298357
298358
298359
298360
298361
298362
298363
298364
298365
298366
298367
298368
298369
298370
298371
298372
298373
298374
298375
298376
298377
298378
298379
298380
298381
298382
298383
298384
298385
298386
298387
298388
298389
298390
298391
298392
298393
298394
298395
298396
298397
298398
298399
298400
298401
298402
298403
298404
298405
298407
298408
298409
298410
298411
298412
298413
298414
298415
298416
298480
298481
298482
298485
298486
298487
298488
298489
298490
298491
298492
298493
298494
298495
298496
298497
298498
298499
298500
298501
298502
298503
298504
298505
298506
298507
298508
298509
298510
298511
298512
298513
298514
298515
298516
298517
298518
298519
298520
298521
298522
298523
298524
298525
298530
298531
298532
298533
298610
298611
298612
298613
298614
298615
298616
298617
298618
298619
298620
298621
298622
298623
298624
298625
298626
298627
298628
298629
298630
298631
298632
298633
298634
298635
298636
298637
298638
298639
298640
298641
298642
298643
298644
298734
298735
298736
298737
298738
298739
298740
298741
298742
298743
298744
298745
298746
298747
298748
298749
298750
298751
298752
298753
298754
298755
298756
298757
298758
298759
298760
298761
298762
298763
298764
298857
298858
298859
298860
298861
298862
298863
298864
298865
298866
298867
298868
298869
298870
298871
298872
298873
298874
298875
298876
298877
298878
298879
298880
298881
298882
298883
298980
298981
298982
298983
298984
298985
298986
298987
298988
298989
298990
298991
298992
298993
298994
298995
298996
298997
298998
298999
299000
299001
299002
299102
299103
299104
299105
299106
299107
299108
299109
299110
299111
299112
299113
299114
299115
299116
299117
299118
299119
299120
299121
299223
299224
299225
299226
299227
299228
299229
299230
299231
299232
299233
299234
299235
299236
299237
299238
299239
299240
299344
299345
299346
299347
299348
299349
299350
299351
299352
299353
299354
299355
299356
299357
299358
299465
299466
299467
299468
299469
299470
299471
299472
299473
299474
299475
299476
299477
299587
299588
299589
299590
299591
299592
299593
299594
299595
299596
299711
299712
304494
304610
304611
304612
304613
304614
304615
304616
304617
304618
304726
304727
304728
304729
304730
304731
304732
304733
304734
304735
304736
304737
304738
304739
304740
304741
304742
304843
304844
304845
304846
304847
304848
304849
304850
304851
304852
304853
304854
304855
304856
304857
304858
304859
304860
304861
304862
304863
304864
304865
304961
304962
304963
304964
304965
304966
304967
304968
304969
304970
304971
304972
304973
304974
304975
304976
304977
304978
304979
304980
304981
304982
304983
304984
304985
304986
304987
305079
305080
305081
305082
305083
305084
305085
305086
305087
305088
305089
305090
305091
305092
305093
305094
305095
305096
305097
305098
305099
305100
305101
305102
305103
305104
305105
305106
305107
305108
305109
305197
305198
305199
305200
305201
305202
305203
305204
305205
305206
305207
305208
305209
305210
305211
305212
305213
305214
305215
305216
305217
305218
305219
305220
305221
305222
305223
305224
305225
305226
305227
305228
305229
305230
305315
305316
305317
305318
305319
305320
305321
305322
305323
305324
305325
305326
305327
305328
305329
305330
305331
305332
305333
305334
305335
305336
305337
305338
305339
305340
305341
305342
305343
305344
305345
305346
305347
305348
305349
305350
305351
305434
305435
305436
305437
305438
305439
305440
305441
305442
305443
305444
305445
305446
305447
305448
305449
305450
305451
305452
305453
305454
305455
305456
305457
305458
305459
305460
305461
305462
305463
305464
305465
305466
305467
305468
305469
305470
305471
305552
305553
305554
305555
305556
305557
305558
305559
305560
305561
305562
305563
305564
305565
305566
305567
305568
305569
305570
305571
305572
305573
305574
305575
305576
305577
305578
305579
305580
305581
305582
305583
305584
305585
305586
305587
305588
305589
305590
305591
305592
305670
305671
305672
305673
305674
305675
305676
305677
305678
305679
305680
305681
305682
305683
305684
305685
305686
305687
305688
305689
305690
305691
305692
305693
305694
305695
305696
305697
305698
305699
305700
305701
305702
305703
305704
305705
305706
305707
305708
305709
305710
305711
305712
305789
305790
305791
305792
305793
305794
305795
305796
305797
305798
305799
305800
305801
305802
305803
305804
305805
305806
305807
305808
305809
305810
305811
305812
305813
305814
305815
305816
305817
305818
305819
305820
305821
305822
305823
305824
305825
305826
305827
305828
305829
305830
305831
305832
305908
305909
305910
305911
305912
305913
305914
305915
305916
305917
305918
305919
305920
305921
305922
305923
305924
305925
305926
305927
305928
305929
305930
305931
305932
305933
305934
305935
305936
305937
305938
305939
305940
305941
305942
305943
305944
305945
305946
305947
305948
305949
305950
305951
305952
305953
306027
306028
306029
306030
306031
306032
306033
306034
306035
306036
306037
306038
306039
306040
306041
306042
306043
306044
306045
306046
306047
306048
306049
306050
306051
306052
306053
306054
306055
306056
306057
306058
306059
306060
306061
306062
306063
306064
306065
306066
306067
306068
306069
306070
306071
306072
306073
306146
306147
306148
306149
306150
306151
306152
306153
306154
306155
306156
306157
306158
306159
306160
306161
306162
306163
306164
306165
306166
306167
306168
306169
306170
306171
306172
306173
306174
306175
306176
306177
306178
306179
306180
306181
306182
306183
306184
306185
306186
306187
306188
306189
306190
306191
306192
306193
306265
306266
306267
306268
306269
306270
306271
306272
306273
306274
306275
306276
306277
306278
306279
306280
306281
306282
306283
306284
306285
306286
306287
306288
306289
306290
306291
306292
306293
306294
306295
306296
306297
306298
306299
306300
306301
306302
306303
306304
306305
306306
306307
306308
306309
306310
306311
306312
306313
306314
306384
306385
306386
306387
306388
306389
306390
306391
306392
306393
306394
306395
306396
306397
306398
306399
306400
306401
306402
306403
306404
306405
306406
306407
306408
306409
306410
306411
306412
306413
306414
306415
306416
306417
306418
306419
306420
306421
306422
306423
306424
306425
306426
306427
306428
306429
306430
306431
306432
306433
306434
306504
306505
306506
306507
306508
306509
306510
306511
306512
306513
306514
306515
306516
306517
306518
306519
306520
306521
306522
306523
306524
306525
306526
306527
306528
306529
306530
306531
306532
306533
306534
306535
306536
306537
306538
306539
306540
306541
306542
306543
306544
306545
306546
306547
306548
306549
306550
306551
306552
306553
306554
306623
306624
306625
306626
306627
306628
306629
306630
306631
306632
306633
306634
306635
306636
306637
306638
306639
306640
306641
306642
306643
306644
306645
306646
306647
306648
306649
306650
306651
306652
306653
306654
306655
306656
306657
306658
306659
306660
306661
306662
306663
306664
306665
306666
306667
306668
306669
306670
306671
306672
306673
306674
306675
306743
306744
306745
306746
306747
306748
306749
306750
306751
306752
306753
306754
306755
306756
306757
306758
306759
306760
306761
306762
306763
306764
306765
306766
306767
306768
306769
306770
306771
306772
306773
306774
306775
306776
306777
306778
306779
306780
306781
306782
306783
306784
306785
306786
306787
306788
306789
306790
306791
306792
306793
306794
306795
306796
306797
306799
306800
306801
306802
306803
306804
306862
306863
306864
306865
306866
306867
306868
306869
306870
306871
306872
306873
306874
306875
306876
306877
306878
306879
306880
306881
306882
306883
306884
306885
306886
306887
306888
306889
306890
306891
306892
306893
306894
306895
306896
306897
306898
306899
306900
306901
306902
306903
306904
306905
306906
306907
306908
306909
306910
306911
306912
306913
306914
306915
306916
306917
306918
306919
306920
306921
306922
306923
306924
306925
306926
306927
306928
306982
306983
306984
306985
306986
306987
306988
306989
306990
306991
306992
306993
306994
306995
306996
306997
306998
306999
307000
307001
307002
307003
307004
307005
307006
307007
307008
307009
307010
307011
307012
307013
307014
307015
307016
307017
307018
307019
307020
307021
307022
307023
307024
307025
307026
307027
307028
307029
307030
307031
307032
307033
307034
307035
307036
307037
307038
307039
307040
307041
307042
307043
307044
307045
307046
307047
307048
307049
307050
307101
307102
307103
307104
307105
307106
307107
307108
307109
307110
307111
307112
307113
307114
307115
307116
307117
307118
307119
307120
307121
307122
307123
307124
307125
307126
307127
307128
307129
307130
307131
307132
307133
307134
307135
307136
307137
307138
307139
307140
307141
307142
307143
307144
307145
307146
307147
307148
307149
307150
307151
307152
307153
307154
307155
307156
307157
307158
307159
307160
307161
307162
307163
307164
307165
307166
307167
307168
307169
307170
307171
307172
307221
307222
307223
307224
307225
307226
307227
307228
307229
307230
307231
307232
307233
307234
307235
307236
307237
307238
307239
307240
307241
307242
307243
307244
307245
307246
307247
307248
307249
307250
307251
307252
307253
307254
307255
307256
307257
307258
307259
307260
307261
307262
307263
307264
307265
307266
307267
307268
307269
307270
307271
307272
307273
307274
307275
307276
307277
307278
307279
307280
307281
307282
307283
307284
307285
307286
307287
307288
307289
307290
307291
307292
307293
307341
307342
307343
307344
307345
307346
307347
307348
307349
307350
307351
307352
307353
307354
307355
307356
307357
307358
307359
307360
307361
307362
307363
307364
307365
307366
307367
307368
307369
307370
307371
307372
307373
307374
307375
307376
307377
307378
307379
307380
307381
307382
307383
307384
307385
307386
307387
307388
307389
307390
307391
307392
307393
307394
307395
307396
307397
307398
307399
307400
307401
307402
307403
307404
307405
307406
307407
307408
307409
307410
307411
307412
307413
307414
307415
307416
307461
307462
307463
307464
307465
307466
307467
307468
307469
307470
307471
307472
307473
307474
307475
307476
307477
307478
307479
307480
307481
307482
307483
307484
307485
307486
307487
307488
307489
307490
307491
307492
307493
307494
307495
307496
307497
307498
307499
307500
307501
307502
307503
307504
307505
307506
307507
307508
307509
307510
307511
307512
307513
307514
307515
307516
307517
307518
307519
307520
307521
307522
307523
307524
307525
307526
307527
307528
307529
307530
307531
307532
307533
307534
307535
307536
307537
307538
307539
307540
307541
307542
307543
307544
307580
307581
307582
307583
307584
307585
307586
307587
307588
307589
307590
307591
307592
307593
307594
307595
307596
307597
307598
307599
307600
307601
307602
307603
307604
307605
307606
307607
307608
307609
307610
307611
307612
307613
307614
307615
307616
307617
307618
307619
307620
307621
307622
307623
307624
307625
307626
307627
307628
307629
307630
307631
307632
307633
307634
307635
307636
307637
307638
307639
307640
307641
307642
307643
307644
307645
307646
307647
307648
307649
307650
307651
307652
307653
307654
307655
307656
307657
307658
307659
307660
307661
307662
307663
307664
307665
307666
307700
307701
307702
307703
307704
307705
307706
307707
307708
307709
307710
307711
307712
307713
307714
307715
307716
307717
307718
307719
307720
307721
307722
307723
307724
307725
307726
307727
307728
307729
307730
307731
307732
307733
307734
307735
307736
307737
307738
307739
307740
307741
307742
307743
307744
307745
307746
307747
307748
307749
307750
307751
307752
307753
307754
307755
307756
307757
307758
307759
307760
307761
307762
307763
307764
307765
307766
307767
307768
307769
307770
307771
307772
307773
307774
307775
307776
307777
307778
307779
307780
307781
307782
307783
307784
307785
307786
307787
307820
307821
307822
307823
307824
307825
307826
307827
307828
307829
307830
307831
307832
307833
307834
307835
307836
307837
307838
307839
307840
307841
307842
307843
307844
307845
307846
307847
307848
307849
307850
307851
307852
307853
307854
307855
307856
307857
307858
307859
307860
307861
307862
307863
307864
307865
307866
307867
307868
307869
307870
307871
307872
307873
307874
307875
307876
307877
307878
307879
307880
307881
307882
307883
307884
307885
307886
307887
307888
307889
307890
307891
307892
307893
307894
307895
307896
307897
307898
307899
307900
307901
307902
307903
307904
307905
307906
307907
307908
307940
307941
307942
307943
307944
307945
307946
307947
307948
307949
307950
307951
307952
307953
307954
307955
307956
307957
307958
307959
307960
307961
307962
307963
307964
307965
307966
307967
307968
307969
307970
307971
307972
307973
307974
307975
307976
307977
307978
307979
307980
307981
307982
307983
307984
307985
307986
307987
307988
307989
307990
307991
307992
307993
307994
307995
307996
307997
307998
307999
308000
308001
308002
308003
308004
308005
308006
308007
308008
308009
308010
308011
308012
308013
308014
308015
308016
308017
308018
308019
308020
308021
308022
308023
308024
308025
308026
308027
308028
308029
308059
308060
308061
308062
308063
308064
308065
308066
308067
308068
308069
308070
308071
308072
308073
308074
308075
308076
308077
308078
308079
308080
308081
308082
308083
308084
308085
308086
308087
308088
308089
308090
308091
308092
308093
308094
308095
308096
308097
308098
308099
308100
308101
308102
308103
308104
308105
308106
308107
308108
308109
308110
308111
308112
308113
308114
308115
308116
308117
308118
308119
308120
308121
308122
308123
308124
308125
308126
308127
308128
308129
308130
308131
308132
308133
308134
308135
308136
308137
308138
308139
308140
308141
308142
308143
308144
308145
308146
308147
308148
308149
308179
308180
308181
308182
308183
308184
308185
308186
308187
308188
308189
308190
308191
308192
308193
308194
308195
308196
308197
308198
308199
308200
308201
308202
308203
308204
308205
308206
308207
308208
308209
308210
308211
308212
308213
308214
308215
308216
308217
308218
308219
308220
308221
308222
308223
308224
308225
308226
308227
308228
308229
308230
308231
308232
308233
308234
308235
308236
308237
308238
308239
308240
308241
308242
308243
308244
308245
308246
308247
308248
308249
308250
308251
308252
308253
308254
308255
308256
308257
308258
308259
308260
308261
308262
308263
308264
308265
308266
308267
308268
308269
308270
308299
308300
308301
308302
308303
308304
308305
308306
308307
308308
308309
308310
308311
308312
308313
308314
308315
308316
308317
308318
308319
308320
308321
308322
308323
308324
308325
308326
308327
308328
308329
308330
308331
308332
308333
308334
308335
308336
308337
308338
308339
308340
308341
308342
308343
308344
308345
308346
308347
308348
308349
308350
308351
308352
308353
308354
308355
308356
308357
308358
308359
308360
308361
308362
308363
308364
308365
308366
308367
308368
308369
308370
308371
308372
308373
308374
308375
308376
308377
308378
308379
308380
308381
308382
308383
308384
308385
308386
308387
308388
308389
308390
308419
308420
308421
308422
308423
308424
308425
308426
308427
308428
308429
308430
308431
308432
308433
308434
308435
308436
308437
308438
308439
308440
308441
308442
308443
308444
308445
308446
308447
308448
308449
308450
308451
308452
308453
308454
308455
308456
308457
308458
308459
308460
308461
308462
308463
308464
308465
308466
308467
308468
308469
308470
308471
308472
308473
308474
308475
308476
308477
308478
308479
308480
308481
308482
308483
308484
308485
308486
308487
308488
308489
308490
308491
308492
308493
308494
308495
308496
308497
308498
308499
308500
308501
308502
308503
308504
308505
308506
308507
308508
308509
308510
308538
308539
308540
308541
308542
308543
308544
308545
308546
308547
308548
308549
308550
308551
308552
308553
308554
308555
308556
308557
308558
308559
308560
308561
308562
308563
308564
308565
308566
308567
308568
308569
308570
308571
308572
308573
308574
308575
308576
308577
308578
308579
308580
308581
308582
308583
308584
308585
308586
308587
308588
308589
308590
308591
308592
308593
308594
308595
308596
308597
308598
308599
308600
308601
308602
308603
308604
308605
308606
308607
308608
308609
308610
308611
308612
308613
308614
308615
308616
308617
308618
308619
308620
308621
308622
308623
308624
308625
308626
308627
308628
308629
308630
308631
308658
308659
308660
308661
308662
308663
308664
308665
308666
308667
308668
308669
308670
308671
308672
308673
308674
308675
308676
308677
308678
308679
308680
308681
308682
308683
308684
308685
308686
308687
308688
308689
308690
308691
308692
308693
308694
308695
308696
308697
308698
308699
308700
308701
308702
308703
308704
308705
308706
308707
308708
308709
308710
308711
308712
308713
308714
308715
308716
308717
308718
308719
308720
308721
308722
308723
308724
308725
308726
308727
308728
308729
308730
308731
308732
308733
308734
308735
308736
308737
308738
308739
308740
308741
308742
308743
308744
308745
308746
308747
308748
308749
308750
308751
308778
308779
308780
308781
308782
308783
308784
308785
308786
308787
308788
308789
308790
308791
308792
308793
308794
308795
308796
308797
308798
308799
308800
308801
308802
308803
308804
308805
308806
308807
308808
308809
308810
308811
308812
308813
308814
308815
308816
308817
308818
308819
308820
308821
308822
308823
308824
308825
308826
308827
308828
308829
308830
308831
308832
308833
308834
308835
308836
308837
308838
308839
308840
308841
308842
308843
308844
308845
308846
308847
308848
308849
308850
308851
308852
308853
308854
308855
308856
308857
308858
308859
308860
308861
308862
308863
308864
308865
308866
308867
308868
308869
308870
308871
308898
308899
308900
308901
308902
308903
308904
308905
308906
308907
308908
308909
308910
308911
308912
308913
308914
308915
308916
308917
308918
308919
308920
308921
308922
308923
308924
308925
308926
308927
308928
308929
308930
308931
308932
308933
308934
308935
308936
308937
308938
308939
308940
308941
308942
308943
308944
308945
308946
308947
308948
308949
308950
308951
308952
308953
308954
308955
308956
308957
308958
308959
308960
308961
308962
308963
308964
308965
308966
308967
308968
308969
308970
308971
308972
308973
308974
308975
308976
308977
308978
308979
308980
308981
308982
308983
308984
308985
308986
308987
308988
308989
308990
308991
309019
309020
309021
309022
309023
309024
309025
309026
309027
309028
309029
309030
309031
309032
309033
309034
309035
309036
309037
309038
309039
309040
309041
309042
309043
309044
309045
309046
309047
309048
309049
309050
309051
309052
309053
309054
309055
309056
309057
309058
309059
309060
309061
309062
309063
309064
309065
309066
309067
309068
309069
309070
309071
309072
309073
309074
309075
309076
309077
309078
309079
309080
309081
309082
309083
309084
309085
309086
309087
309088
309089
309090
309091
309092
309093
309094
309095
309096
309097
309098
309099
309100
309101
309102
309103
309104
309105
309106
309107
309108
309109
309110
309111
309112
309139
309140
309141
309142
309143
309144
309145
309146
309147
309148
309149
309150
309151
309152
309153
309154
309155
309156
309157
309158
309159
309160
309161
309162
309163
309164
309165
309166
309167
309168
309169
309170
309171
309172
309173
309174
309175
309176
309177
309178
309179
309180
309181
309182
309183
309184
309185
309186
309187
309188
309189
309190
309191
309192
309193
309194
309195
309196
309197
309198
309199
309200
309201
309202
309203
309204
309205
309206
309207
309208
309209
309210
309211
309212
309213
309214
309215
309216
309217
309218
309219
309220
309221
309222
309223
309224
309225
309226
309227
309228
309229
309230
309231
309232
309259
309260
309261
309262
309263
309264
309265
309266
309267
309268
309269
309270
309271
309272
309273
309274
309275
309276
309277
309278
309279
309280
309281
309282
309283
309284
309285
309286
309287
309288
309289
309290
309291
309292
309293
309294
309295
309296
309297
309298
309299
309300
309301
309302
309303
309304
309305
309306
309307
309308
309309
309310
309311
309312
309313
309314
309315
309316
309317
309318
309319
309320
309321
309322
309323
309324
309325
309326
309327
309328
309329
309330
309331
309332
309333
309334
309335
309336
309337
309338
309339
309340
309341
309342
309343
309344
309345
309346
309347
309348
309349
309350
309351
309352
309379
309380
309381
309382
309383
309384
309385
309386
309387
309388
309389
309390
309391
309392
309393
309394
309395
309396
309397
309398
309399
309400
309401
309402
309403
309404
309405
309406
309407
309408
309409
309410
309411
309412
309413
309414
309415
309416
309417
309418
309419
309420
309421
309422
309423
309424
309425
309426
309427
309428
309429
309430
309431
309432
309433
309434
309435
309436
309437
309438
309439
309440
309441
309442
309443
309444
309445
309446
309447
309448
309449
309450
309451
309452
309453
309454
309455
309456
309457
309458
309459
309460
309461
309462
309463
309464
309465
309466
309467
309468
309469
309470
309471
309472
309500
309501
309502
309503
309504
309505
309506
309507
309508
309509
309510
309511
309512
309513
309514
309515
309516
309517
309518
309519
309520
309521
309522
309523
309524
309525
309526
309527
309528
309529
309530
309531
309532
309533
309534
309535
309536
309537
309538
309539
309540
309541
309542
309543
309544
309545
309546
309547
309548
309549
309550
309551
309552
309553
309554
309555
309556
309557
309558
309559
309560
309561
309562
309563
309564
309565
309566
309567
309568
309569
309570
309571
309572
309573
309574
309575
309576
309577
309578
309579
309580
309581
309582
309583
309584
309585
309586
309587
309588
309589
309590
309591
309620
309621
309622
309623
309624
309625
309626
309627
309628
309629
309630
309631
309632
309633
309634
309635
309636
309637
309638
309639
309640
309641
309642
309643
309644
309645
309646
309647
309648
309649
309650
309651
309652
309653
309654
309655
309656
309657
309658
309659
309660
309661
309662
309663
309664
309665
309666
309667
309668
309669
309670
309671
309672
309673
309674
309675
309676
309677
309678
309679
309680
309681
309682
309683
309684
309685
309686
309687
309688
309689
309690
309691
309692
309693
309694
309695
309696
309697
309698
309699
309700
309701
309702
309703
309704
309705
309706
309707
309708
309709
309710
309711
309740
309741
309742
309743
309744
309745
309746
309747
309748
309749
309750
309751
309752
309753
309754
309755
309756
309757
309758
309759
309760
309761
309762
309763
309764
309765
309766
309767
309768
309769
309770
309771
309772
309773
309774
309775
309776
309777
309778
309779
309780
309781
309782
309783
309784
309785
309786
309787
309788
309789
309790
309791
309792
309793
309794
309795
309796
309797
309798
309799
309800
309801
309802
309803
309804
309805
309806
309807
309808
309809
309810
309811
309812
309813
309814
309815
309816
309817
309818
309819
309820
309821
309822
309823
309824
309825
309826
309827
309828
309829
309830
309831
309860
309861
309862
309863
309864
309865
309866
309867
309868
309869
309870
309871
309872
309873
309874
309875
309876
309877
309878
309879
309880
309881
309882
309883
309884
309885
309886
309887
309888
309889
309890
309891
309892
309893
309894
309895
309896
309897
309898
309899
309900
309901
309902
309903
309904
309905
309906
309907
309908
309909
309910
309911
309912
309913
309914
309915
309916
309917
309918
309919
309920
309921
309922
309923
309924
309925
309926
309927
309928
309929
309930
309931
309932
309933
309934
309935
309936
309937
309938
309939
309940
309941
309942
309943
309944
309945
309946
309947
309948
309949
309950
309951
309981
309982
309983
309984
309985
309986
309987
309988
309989
309990
309991
309992
309993
309994
309995
309996
309997
309998
309999
310000
310001
310002
310003
310004
310005
310006
310007
310008
310009
310010
310011
310012
310013
310014
310015
310016
310017
310018
310019
310020
310021
310022
310023
310024
310025
310026
310027
310028
310029
310030
310031
310032
310033
310034
310035
310036
310037
310038
310039
310040
310041
310042
310043
310044
310045
310046
310047
310048
310049
310050
310051
310052
310053
310054
310055
310056
310057
310058
310059
310060
310061
310062
310063
310064
310065
310066
310067
310068
310069
310070
310071
310101
310102
310103
310104
310105
310106
310107
310108
310109
310110
310111
310112
310113
310114
310115
310116
310117
310118
310119
310120
310121
310122
310123
310124
310125
310126
310127
310128
310129
310130
310131
310132
310133
310134
310135
310136
310137
310138
310139
310140
310141
310142
310143
310144
310145
310146
310147
310148
310149
310150
310151
310152
310153
310154
310155
310156
310157
310158
310159
310160
310161
310162
310163
310164
310165
310166
310167
310168
310169
310170
310171
310172
310173
310174
310175
310176
310177
310178
310179
310180
310181
310182
310183
310184
310185
310186
310187
310188
310189
310190
310191
310222
310223
310224
310225
310226
310227
310228
310229
310230
310231
310232
310233
310234
310235
310236
310237
310238
310239
310240
310241
310242
310243
310244
310245
310246
310247
310248
310249
310250
310251
310252
310253
310254
310255
310256
310257
310258
310259
310260
310261
310262
310263
310264
310265
310266
310267
310268
310269
310270
310271
310272
310273
310274
310275
310276
310277
310278
310279
310280
310281
310282
310283
310284
310285
310286
310287
310288
310289
310290
310291
310292
310293
310294
310295
310296
310297
310298
310299
310300
310301
310302
310303
310304
310305
310306
310307
310308
310309
310310
310342
310343
310344
310345
310346
310347
310348
310349
310350
310351
310352
310353
310354
310355
310356
310357
310358
310359
310360
310361
310362
310363
310364
310365
310366
310367
310368
310369
310370
310371
310372
310373
310374
310375
310376
310377
310378
310379
310380
310381
310382
310383
310384
310385
310386
310387
310388
310389
310390
310391
310392
310393
310394
310395
310396
310397
310398
310399
310400
310401
310402
310403
310404
310405
310406
310407
310408
310409
310410
310411
310412
310413
310414
310415
310416
310417
310418
310419
310420
310421
310422
310423
310424
310425
310426
310427
310428
310429
310430
310463
310464
310465
310466
310467
310468
310469
310470
310471
310472
310473
310474
310475
310476
310477
310478
310479
310480
310481
310482
310483
310484
310485
310486
310487
310488
310489
310490
310491
310492
310493
310494
310495
310496
310497
310498
310499
310500
310501
310502
310503
310504
310505
310506
310507
310508
310509
310510
310511
310512
310513
310514
310515
310516
310517
310518
310519
310520
310521
310522
310523
310524
310525
310526
310527
310528
310529
310530
310531
310532
310533
310534
310535
310536
310537
310538
310539
310540
310541
310542
310543
310544
310545
310546
310547
310548
310549
310550
310583
310584
310585
310586
310587
310588
310589
310590
310591
310592
310593
310594
310595
310596
310597
310598
310599
310600
310601
310602
310603
310604
310605
310606
310607
310608
310609
310610
310611
310612
310613
310614
310615
310616
310617
310618
310619
310620
310621
310622
310623
310624
310625
310626
310627
310628
310629
310630
310631
310632
310633
310634
310635
310636
310637
310638
310639
310640
310641
310642
310643
310644
310645
310646
310647
310648
310649
310650
310651
310652
310653
310654
310655
310656
310657
310658
310659
310660
310661
310662
310663
310664
310665
310666
310667
310668
310669
310670
310703
310704
310705
310706
310707
310708
310709
310710
310711
310712
310713
310714
310715
310716
310717
310718
310719
310720
310721
310722
310723
310724
310725
310726
310727
310728
310729
310730
310731
310732
310733
310734
310735
310736
310737
310738
310739
310740
310741
310742
310743
310744
310745
310746
310747
310748
310749
310750
310751
310752
310753
310754
310755
310756
310757
310758
310759
310760
310761
310762
310763
310764
310765
310766
310767
310768
310769
310770
310771
310772
310773
310774
310775
310776
310777
310778
310779
310780
310781
310782
310783
310784
310785
310786
310787
310788
310789
310822
310823
310824
310825
310826
310827
310828
310829
310830
310831
310832
310833
310834
310835
310836
310837
310838
310839
310840
310841
310842
310843
310844
310845
310846
310847
310848
310849
310850
310851
310852
310853
310854
310855
310856
310857
310858
310859
310860
310861
310862
310863
310864
310865
310866
310867
310868
310869
310870
310871
310872
310873
310874
310875
310876
310877
310878
310879
310880
310881
310882
310883
310884
310885
310886
310887
310888
310889
310890
310891
310892
310893
310894
310895
310896
310897
310898
310899
310900
310901
310902
310903
310904
310905
310906
310907
310908
310942
310943
310944
310945
310946
310947
310948
310949
310950
310951
310952
310953
310954
310955
310956
310957
310958
310959
310960
310961
310962
310963
310964
310965
310966
310967
310968
310969
310970
310971
310972
310973
310974
310975
310976
310977
310978
310979
310980
310981
310982
310983
310984
310985
310986
310987
310988
310989
310990
310991
310992
310993
310994
310995
310996
310997
310998
310999
311000
311001
311002
311003
311004
311005
311006
311007
311008
311009
311010
311011
311012
311013
311014
311015
311016
311017
311018
311019
311020
311021
311022
311023
311024
311025
311026
311027
311062
311063
311064
311065
311066
311067
311068
311069
311070
311071
311072
311073
311074
311075
311076
311077
311078
311079
311080
311081
311082
311083
311084
311085
311086
311087
311088
311089
311090
311091
311092
311093
311094
311095
311096
311097
311098
311099
311100
311101
311102
311103
311104
311105
311106
311107
311108
311109
311110
311111
311112
311113
311114
311115
311116
311117
311118
311119
311120
311121
311122
311123
311124
311125
311126
311127
311128
311129
311130
311131
311132
311133
311134
311135
311136
311137
311138
311139
311140
311141
311142
311143
311144
311145
311146
311182
311183
311184
311185
311186
311187
311188
311189
311190
311191
311192
311193
311194
311195
311196
311197
311198
311199
311200
311201
311202
311203
311204
311205
311206
311207
311208
311209
311210
311211
311212
311213
311214
311215
311216
311217
311218
311219
311220
311221
311222
311223
311224
311225
311226
311227
311228
311229
311230
311231
311232
311233
311234
311235
311236
311237
311238
311239
311240
311241
311242
311243
311244
311245
311246
311247
311248
311249
311250
311251
311252
311253
311254
311255
311256
311257
311258
311259
311260
311261
311262
311263
311264
311265
311302
311303
311304
311305
311306
311307
311308
311309
311310
311311
311312
311313
311314
311315
311316
311317
311318
311319
311320
311321
311322
311323
311324
311325
311326
311327
311328
311329
311330
311331
311332
311333
311334
311335
311336
311337
311338
311339
311340
311341
311342
311343
311344
311345
311346
311347
311348
311349
311350
311351
311352
311353
311354
311355
311356
311357
311358
311359
311360
311361
311362
311363
311364
311365
311366
311367
311368
311369
311370
311371
311372
311373
311374
311375
311376
311377
311378
311379
311380
311381
311382
311383
311423
311424
311425
311426
311427
311428
311429
311430
311431
311432
311433
311434
311435
311436
311437
311438
311439
311440
311441
311442
311443
311444
311445
311446
311447
311448
311449
311450
311451
311452
311453
311454
311455
311456
311457
311458
311459
311460
311461
311462
311463
311464
311465
311466
311467
311468
311469
311470
311471
311472
311473
311474
311475
311476
311477
311478
311479
311480
311481
311482
311483
311484
311485
311486
311487
311488
311489
311490
311491
311492
311493
311494
311495
311496
311497
311498
311499
311500
311501
311543
311544
311545
311546
311547
311548
311549
311550
311551
311552
311553
311554
311555
311556
311557
311558
311559
311560
311561
311562
311563
311564
311565
311566
311567
311568
311569
311570
311571
311572
311573
311574
311575
311576
311577
311578
311579
311580
311581
311582
311583
311584
311585
311586
311587
311588
311589
311590
311591
311592
311593
311594
311595
311596
311597
311598
311599
311600
311601
311602
311603
311604
311605
311606
311607
311608
311609
311610
311611
311612
311613
311614
311615
311616
311617
311618
311619
311620
311621
311663
311664
311665
311666
311667
311668
311669
311670
311671
311672
311673
311674
311675
311676
311677
311678
311679
311680
311681
311682
311683
311684
311685
311686
311687
311688
311689
311690
311691
311692
311693
311694
311695
311696
311697
311698
311699
311700
311701
311702
311703
311704
311705
311706
311707
311708
311709
311710
311711
311712
311713
311714
311715
311716
311717
311718
311719
311720
311721
311722
311723
311724
311725
311726
311727
311728
311729
311730
311731
311732
311733
311734
311735
311736
311737
311738
311739
311740
311741
311742
311783
311784
311785
311786
311787
311788
311789
311790
311791
311792
311793
311794
311795
311796
311797
311798
311799
311800
311801
311802
311803
311804
311805
311806
311807
311808
311809
311810
311811
311812
311813
311814
311815
311816
311817
311818
311819
311820
311821
311822
311823
311824
311825
311826
311827
311828
311829
311830
311831
311832
311833
311834
311835
311836
311837
311838
311839
311840
311841
311842
311843
311844
311845
311846
311847
311848
311849
311850
311851
311852
311853
311854
311855
311856
311857
311858
311859
311860
311861
311862
311904
311905
311906
311907
311908
311909
311910
311911
311912
311913
311914
311915
311916
311917
311918
311919
311920
311921
311922
311923
311924
311925
311926
311927
311928
311929
311930
311931
311932
311933
311934
311935
311936
311937
311938
311939
311940
311941
311942
311943
311944
311945
311946
311947
311948
311949
311950
311951
311952
311953
311954
311955
311956
311957
311958
311959
311960
311961
311962
311963
311964
311965
311966
311967
311968
311969
311970
311971
311972
311973
311974
311975
311976
311977
311978
311979
311980
311981
311982
312024
312025
312026
312027
312028
312029
312030
312031
312032
312033
312034
312035
312036
312037
312038
312039
312040
312041
312042
312043
312044
312045
312046
312047
312048
312049
312050
312051
312052
312053
312054
312055
312056
312057
312058
312059
312060
312061
312062
312063
312064
312065
312066
312067
312068
312069
312070
312071
312072
312073
312074
312075
312076
312077
312078
312079
312080
312081
312082
312083
312084
312085
312086
312087
312088
312089
312090
312091
312092
312093
312094
312095
312096
312097
312098
312099
312100
312101
312145
312146
312147
312148
312149
312150
312151
312152
312153
312154
312155
312156
312157
312158
312159
312160
312161
312162
312163
312164
312165
312166
312167
312168
312169
312170
312171
312172
312173
312174
312175
312176
312177
312178
312179
312180
312181
312182
312183
312184
312185
312186
312187
312188
312189
312190
312191
312192
312193
312194
312195
312196
312197
312198
312199
312200
312201
312202
312203
312204
312205
312206
312207
312208
312209
312210
312211
312212
312213
312214
312215
312216
312217
312218
312219
312220
312221
312266
312267
312268
312269
312270
312271
312272
312273
312274
312275
312276
312277
312278
312279
312280
312281
312282
312283
312284
312285
312286
312287
312288
312289
312290
312291
312292
312293
312294
312295
312296
312297
312298
312299
312300
312301
312302
312303
312304
312305
312306
312307
312308
312309
312310
312311
312312
312313
312314
312315
312316
312317
312318
312319
312320
312321
312322
312323
312324
312325
312326
312327
312328
312329
312330
312331
312332
312333
312334
312335
312336
312337
312338
312339
312340
312341
312387
312388
312389
312390
312391
312392
312393
312394
312395
312396
312397
312398
312399
312400
312401
312402
312403
312404
312405
312406
312407
312408
312409
312410
312411
312412
312413
312414
312415
312416
312417
312418
312419
312420
312421
312422
312423
312424
312425
312426
312427
312428
312429
312430
312431
312432
312433
312434
312435
312436
312437
312438
312439
312440
312441
312442
312443
312444
312445
312446
312447
312448
312449
312450
312451
312452
312453
312454
312455
312456
312457
312458
312459
312460
312508
312509
312510
312511
312512
312513
312514
312515
312516
312517
312518
312519
312520
312521
312522
312523
312524
312525
312526
312527
312528
312529
312530
312531
312532
312533
312534
312535
312536
312537
312538
312539
312540
312541
312542
312543
312544
312545
312546
312547
312548
312549
312550
312551
312552
312553
312554
312555
312556
312557
312558
312559
312560
312561
312562
312563
312564
312565
312566
312567
312568
312569
312570
312571
312572
312573
312574
312575
312576
312577
312578
312579
312580
312630
312631
312632
312633
312634
312635
312636
312637
312638
312639
312640
312641
312642
312643
312644
312645
312646
312647
312648
312649
312650
312651
312652
312653
312654
312655
312656
312657
312658
312659
312660
312661
312662
312663
312664
312665
312666
312667
312668
312669
312670
312671
312672
312673
312674
312675
312676
312677
312678
312679
312680
312681
312682
312683
312684
312685
312686
312687
312688
312689
312690
312691
312692
312693
312694
312695
312696
312697
312698
312699
312752
312753
312754
312755
312756
312757
312758
312759
312760
312761
312762
312763
312764
312765
312766
312767
312768
312769
312770
312771
312772
312773
312774
312775
312776
312777
312778
312779
312780
312781
312782
312783
312784
312785
312786
312787
312788
312789
312790
312791
312792
312793
312794
312795
312796
312797
312798
312799
312800
312801
312802
312803
312804
312805
312806
312807
312808
312809
312810
312811
312812
312813
312814
312815
312816
312817
312818
312876
312877
312878
312879
312880
312881
312882
312883
312884
312885
312886
312887
312888
312889
312890
312891
312892
312893
312894
312895
312896
312897
312898
312899
312900
312901
312902
312903
312904
312905
312906
312907
312908
312909
312910
312911
312912
312913
312914
312915
312916
312917
312918
312919
312920
312921
312922
312923
312924
312925
312926
312927
312928
312929
312930
312931
312932
312933
312934
312935
312936
313000
313001
313002
313005
313006
313007
313008
313009
313010
313011
313012
313013
313014
313015
313016
313017
313018
313019
313020
313021
313022
313023
313024
313025
313026
313027
313028
313029
313030
313031
313032
313033
313034
313035
313036
313037
313038
313039
313040
313041
313042
313043
313044
313045
313050
313051
313052
313053
313130
313131
313132
313133
313134
313135
313136
313137
313138
313139
313140
313141
313142
313143
313144
313145
313146
313147
313148
313149
313150
313151
313152
313153
313154
313155
313156
313157
313158
313159
313160
313161
313162
313163
313164
313165
313254
313255
313256
313257
313258
313259
313260
313261
313262
313263
313264
313265
313266
313267
313268
313269
313270
313271
313272
313273
313274
313275
313276
313277
313278
313279
313280
313281
313282
313283
313284
313377
313378
313379
313380
313381
313382
313383
313384
313385
313386
313387
313388
313389
313390
313391
313392
313393
313394
313395
313396
313397
313398
313399
313400
313401
313402
313403
313500
313501
313502
313503
313504
313505
313506
313507
313508
313509
313510
313511
313512
313513
313514
313515
313516
313517
313518
313519
313520
313521
313522
313523
313621
313622
313623
313624
313625
313626
313627
313628
313629
313630
313631
313632
313633
313634
313635
313636
313637
313638
313639
313640
313641
313642
313742
313743
313744
313745
313746
313747
313748
313749
313750
313751
313752
313753
313754
313755
313756
313757
313758
313759
313760
313863
313864
313865
313866
313867
313868
313869
313870
313871
313872
313873
313874
313875
313876
313877
313878
313879
313985
313986
313987
313988
313989
313990
313991
313992
313993
313994
313995
313996
313997
313998
314107
314108
314109
314110
314111
314112
314113
314114
314115
314116
314231
314232
318774
318890
318891
318892
318893
318894
318895
318896
318897
318898
319006
319007
319008
319009
319010
319011
319012
319013
319014
319015
319016
319017
319018
319019
319020
319021
319022
319123
319124
319125
319126
319127
319128
319129
319130
319131
319132
319133
319134
319135
319136
319137
319138
319139
319140
319141
319142
319143
319144
319145
319241
319242
319243
319244
319245
319246
319247
319248
319249
319250
319251
319252
319253
319254
319255
319256
319257
319258
319259
319260
319261
319262
319263
319264
319265
319266
319267
319359
319360
319361
319362
319363
319364
319365
319366
319367
319368
319369
319370
319371
319372
319373
319374
319375
319376
319377
319378
319379
319380
319381
319382
319383
319384
319385
319386
319387
319388
319389
319477
319478
319479
319480
319481
319482
319483
319484
319485
319486
319487
319488
319489
319490
319491
319492
319493
319494
319495
319496
319497
319498
319499
319500
319501
319502
319503
319504
319505
319506
319507
319508
319509
319510
319595
319596
319597
319598
319599
319600
319601
319602
319603
319604
319605
319606
319607
319608
319609
319610
319611
319612
319613
319614
319615
319616
319617
319618
319619
319620
319621
319622
319623
319624
319625
319626
319627
319628
319629
319630
319631
319713
319714
319715
319716
319717
319718
319719
319720
319721
319722
319723
319724
319725
319726
319727
319728
319729
319730
319731
319732
319733
319734
319735
319736
319737
319738
319739
319740
319741
319742
319743
319744
319745
319746
319747
319748
319749
319750
319751
319752
319832
319833
319834
319835
319836
319837
319838
319839
319840
319841
319842
319843
319844
319845
319846
319847
319848
319849
319850
319851
319852
319853
319854
319855
319856
319857
319858
319859
319860
319861
319862
319863
319864
319865
319866
319867
319868
319869
319870
319871
319872
319950
319951
319952
319953
319954
319955
319956
319957
319958
319959
319960
319961
319962
319963
319964
319965
319966
319967
319968
319969
319970
319971
319972
319973
319974
319975
319976
319977
319978
319979
319980
319981
319982
319983
319984
319985
319986
319987
319988
319989
319990
319991
319992
319993
320069
320070
320071
320072
320073
320074
320075
320076
320077
320078
320079
320080
320081
320082
320083
320084
320085
320086
320087
320088
320089
320090
320091
320092
320093
320094
320095
320096
320097
320098
320099
320100
320101
320102
320103
320104
320105
320106
320107
320108
320109
320110
320111
320112
320113
320188
320189
320190
320191
320192
320193
320194
320195
320196
320197
320198
320199
320200
320201
320202
320203
320204
320205
320206
320207
320208
320209
320210
320211
320212
320213
320214
320215
320216
320217
320218
320219
320220
320221
320222
320223
320224
320225
320226
320227
320228
320229
320230
320231
320232
320233
320307
320308
320309
320310
320311
320312
320313
320314
320315
320316
320317
320318
320319
320320
320321
320322
320323
320324
320325
320326
320327
320328
320329
320330
320331
320332
320333
320334
320335
320336
320337
320338
320339
320340
320341
320342
320343
320344
320345
320346
320347
320348
320349
320350
320351
320352
320353
320354
320426
320427
320428
320429
320430
320431
320432
320433
320434
320435
320436
320437
320438
320439
320440
320441
320442
320443
320444
320445
320446
320447
320448
320449
320450
320451
320452
320453
320454
320455
320456
320457
320458
320459
320460
320461
320462
320463
320464
320465
320466
320467
320468
320469
320470
320471
320472
320473
320474
320545
320546
320547
320548
320549
320550
320551
320552
320553
320554
320555
320556
320557
320558
320559
320560
320561
320562
320563
320564
320565
320566
320567
320568
320569
320570
320571
320572
320573
320574
320575
320576
320577
320578
320579
320580
320581
320582
320583
320584
320585
320586
320587
320588
320589
320590
320591
320592
320593
320594
320664
320665
320666
320667
320668
320669
320670
320671
320672
320673
320674
320675
320676
320677
320678
320679
320680
320681
320682
320683
320684
320685
320686
320687
320688
320689
320690
320691
320692
320693
320694
320695
320696
320697
320698
320699
320700
320701
320702
320703
320704
320705
320706
320707
320708
320709
320710
320711
320712
320713
320714
320715
320783
320784
320785
320786
320787
320788
320789
320790
320791
320792
320793
320794
320795
320796
320797
320798
320799
320800
320801
320802
320803
320804
320805
320806
320807
320808
320809
320810
320811
320812
320813
320814
320815
320816
320817
320818
320819
320820
320821
320822
320823
320824
320825
320826
320827
320828
320829
320830
320831
320832
320833
320834
320835
320903
320904
320905
320906
320907
320908
320909
320910
320911
320912
320913
320914
320915
320916
320917
320918
320919
320920
320921
320922
320923
320924
320925
320926
320927
320928
320929
320930
320931
320932
320933
320934
320935
320936
320937
320938
320939
320940
320941
320942
320943
320944
320945
320946
320947
320948
320949
320950
320951
320952
320953
320954
320955
320956
321022
321023
321024
321025
321026
321027
321028
321029
321030
321031
321032
321033
321034
321035
321036
321037
321038
321039
321040
321041
321042
321043
321044
321045
321046
321047
321048
321049
321050
321051
321052
321053
321054
321055
321056
321057
321058
321059
321060
321061
321062
321063
321064
321065
321066
321067
321068
321069
321070
321071
321072
321073
321074
321075
321076
321077
321078
321079
321080
321081
321082
321083
321084
321142
321143
321144
321145
321146
321147
321148
321149
321150
321151
321152
321153
321154
321155
321156
321157
321158
321159
321160
321161
321162
321163
321164
321165
321166
321167
321168
321169
321170
321171
321172
321173
321174
321175
321176
321177
321178
321179
321180
321181
321182
321183
321184
321185
321186
321187
321188
321189
321190
321191
321192
321193
321194
321195
321196
321197
321198
321199
321200
321201
321202
321203
321204
321205
321206
321207
321208
321261
321262
321263
321264
321265
321266
321267
321268
321269
321270
321271
321272
321273
321274
321275
321276
321277
321278
321279
321280
321281
321282
321283
321284
321285
321286
321287
321288
321289
321290
321291
321292
321293
321294
321295
321296
321297
321298
321299
321300
321301
321302
321303
321304
321305
321306
321307
321308
321309
321310
321311
321312
321313
321314
321315
321316
321317
321318
321319
321320
321321
321322
321323
321324
321325
321326
321327
321328
321329
321330
321381
321382
321383
321384
321385
321386
321387
321388
321389
321390
321391
321392
321393
321394
321395
321396
321397
321398
321399
321400
321401
321402
321403
321404
321405
321406
321407
321408
321409
321410
321411
321412
321413
321414
321415
321416
321417
321418
321419
321420
321421
321422
321423
321424
321425
321426
321427
321428
321429
321430
321431
321432
321433
321434
321435
321436
321437
321438
321439
321440
321441
321442
321443
321444
321445
321446
321447
321448
321449
321450
321451
321452
321500
321501
321502
321503
321504
321505
321506
321507
321508
321509
321510
321511
321512
321513
321514
321515
321516
321517
321518
321519
321520
321521
321522
321523
321524
321525
321526
321527
321528
321529
321530
321531
321532
321533
321534
321535
321536
321537
321538
321539
321540
321541
321542
321543
321544
321545
321546
321547
321548
321549
321550
321551
321552
321553
321554
321555
321556
321557
321558
321559
321560
321561
321562
321563
321564
321565
321566
321567
321568
321569
321570
321571
321572
321573
321574
321620
321621
321622
321623
321624
321625
321626
321627
321628
321629
321630
321631
321632
321633
321634
321635
321636
321637
321638
321639
321640
321641
321642
321643
321644
321645
321646
321647
321648
321649
321650
321651
321652
321653
321654
321655
321656
321657
321658
321659
321660
321661
321662
321663
321664
321665
321666
321667
321668
321669
321670
321671
321672
321673
321674
321675
321676
321677
321678
321679
321680
321681
321682
321683
321684
321685
321686
321687
321688
321689
321690
321691
321692
321693
321694
321695
321696
321740
321741
321742
321743
321744
321745
321746
321747
321748
321749
321750
321751
321752
321753
321754
321755
321756
321757
321758
321759
321760
321761
321762
321763
321764
321765
321766
321767
321768
321769
321770
321771
321772
321773
321774
321775
321776
321777
321778
321779
321780
321781
321782
321783
321784
321785
321786
321787
321788
321789
321790
321791
321792
321793
321794
321795
321796
321797
321798
321799
321800
321801
321802
321803
321804
321805
321806
321807
321808
321809
321810
321811
321812
321813
321814
321815
321816
321817
321818
321819
321820
321821
321822
321823
321824
321860
321861
321862
321863
321864
321865
321866
321867
321868
321869
321870
321871
321872
321873
321874
321875
321876
321877
321878
321879
321880
321881
321882
321883
321884
321885
321886
321887
321888
321889
321890
321891
321892
321893
321894
321895
321896
321897
321898
321899
321900
321901
321902
321903
321904
321905
321906
321907
321908
321909
321910
321911
321912
321913
321914
321915
321916
321917
321918
321919
321920
321921
321922
321923
321924
321925
321926
321927
321928
321929
321930
321931
321932
321933
321934
321935
321936
321937
321938
321939
321940
321941
321942
321943
321944
321945
321946
321947
321979
321980
321981
321982
321983
321984
321985
321986
321987
321988
321989
321990
321991
321992
321993
321994
321995
321996
321997
321998
321999
322000
322001
322002
322003
322004
322005
322006
322007
322008
322009
322010
322011
322012
322013
322014
322015
322016
322017
322018
322019
322020
322021
322022
322023
322024
322025
322026
322027
322028
322029
322030
322031
322032
322033
322034
322035
322036
322037
322038
322039
322040
322041
322042
322043
322044
322045
322046
322047
322048
322049
322050
322051
322052
322053
322054
322055
322056
322057
322058
322059
322060
322061
322062
322063
322064
322065
322066
322067
322068
322099
322100
322101
322102
322103
322104
322105
322106
322107
322108
322109
322110
322111
322112
322113
322114
322115
322116
322117
322118
322119
322120
322121
322122
322123
322124
322125
322126
322127
322128
322129
322130
322131
322132
322133
322134
322135
322136
322137
322138
322139
322140
322141
322142
322143
322144
322145
322146
322147
322148
322149
322150
322151
322152
322153
322154
322155
322156
322157
322158
322159
322160
322161
322162
322163
322164
322165
322166
322167
322168
322169
322170
322171
322172
322173
322174
322175
322176
322177
322178
322179
322180
322181
322182
322183
322184
322185
322186
322187
322188
322189
322219
322220
322221
322222
322223
322224
322225
322226
322227
322228
322229
322230
322231
322232
322233
322234
322235
322236
322237
322238
322239
322240
322241
322242
322243
322244
322245
322246
322247
322248
322249
322250
322251
322252
322253
322254
322255
322256
322257
322258
322259
322260
322261
322262
322263
322264
322265
322266
322267
322268
322269
322270
322271
322272
322273
322274
322275
322276
322277
322278
322279
322280
322281
322282
322283
322284
322285
322286
322287
322288
322289
322290
322291
322292
322293
322294
322295
322296
322297
322298
322299
322300
322301
322302
322303
322304
322305
322306
322307
322308
322309
322339
322340
322341
322342
322343
322344
322345
322346
322347
322348
322349
322350
322351
322352
322353
322354
322355
322356
322357
322358
322359
322360
322361
322362
322363
322364
322365
322366
322367
322368
322369
322370
322371
322372
322373
322374
322375
322376
322377
322378
322379
322380
322381
322382
322383
322384
322385
322386
322387
322388
322389
322390
322391
322392
322393
322394
322395
322396
322397
322398
322399
322400
322401
322402
322403
322404
322405
322406
322407
322408
322409
322410
322411
322412
322413
322414
322415
322416
322417
322418
322419
322420
322421
322422
322423
322424
322425
322426
322427
322428
322429
322430
322458
322459
322460
322461
322462
322463
322464
322465
322466
322467
322468
322469
322470
322471
322472
322473
322474
322475
322476
322477
322478
322479
322480
322481
322482
322483
322484
322485
322486
322487
322488
322489
322490
322491
322492
322493
322494
322495
322496
322497
322498
322499
322500
322501
322502
322503
322504
322505
322506
322507
322508
322509
322510
322511
322512
322513
322514
322515
322516
322517
322518
322519
322520
322521
322522
322523
322524
322525
322526
322527
322528
322529
322530
322531
322532
322533
322534
322535
322536
322537
322538
322539
322540
322541
322542
322543
322544
322545
322546
322547
322548
322549
322550
322578
322579
322580
322581
322582
322583
322584
322585
322586
322587
322588
322589
322590
322591
322592
322593
322594
322595
322596
322597
322598
322599
322600
322601
322602
322603
322604
322605
322606
322607
322608
322609
322610
322611
322612
322613
322614
322615
322616
322617
322618
322619
322620
322621
322622
322623
322624
322625
322626
322627
322628
322629
322630
322631
322632
322633
322634
322635
322636
322637
322638
322639
322640
322641
322642
322643
322644
322645
322646
322647
322648
322649
322650
322651
322652
322653
322654
322655
322656
322657
322658
322659
322660
322661
322662
322663
322664
322665
322666
322667
322668
322669
322670
322671
322698
322699
322700
322701
322702
322703
322704
322705
322706
322707
322708
322709
322710
322711
322712
322713
322714
322715
322716
322717
322718
322719
322720
322721
322722
322723
322724
322725
322726
322727
322728
322729
322730
322731
322732
322733
322734
322735
322736
322737
322738
322739
322740
322741
322742
322743
322744
322745
322746
322747
322748
322749
322750
322751
322752
322753
322754
322755
322756
322757
322758
322759
322760
322761
322762
322763
322764
322765
322766
322767
322768
322769
322770
322771
322772
322773
322774
322775
322776
322777
322778
322779
322780
322781
322782
322783
322784
322785
322786
322787
322788
322789
322790
322791
322818
322819
322820
322821
322822
322823
322824
322825
322826
322827
322828
322829
322830
322831
322832
322833
322834
322835
322836
322837
322838
322839
322840
322841
322842
322843
322844
322845
322846
322847
322848
322849
322850
322851
322852
322853
322854
322855
322856
322857
322858
322859
322860
322861
322862
322863
322864
322865
322866
322867
322868
322869
322870
322871
322872
322873
322874
322875
322876
322877
322878
322879
322880
322881
322882
322883
322884
322885
322886
322887
322888
322889
322890
322891
322892
322893
322894
322895
322896
322897
322898
322899
322900
322901
322902
322903
322904
322905
322906
322907
322908
322909
322910
322911
322937
322938
322939
322940
322941
322942
322943
322944
322945
322946
322947
322948
322949
322950
322951
322952
322953
322954
322955
322956
322957
322958
322959
322960
322961
322962
322963
322964
322965
322966
322967
322968
322969
322970
322971
322972
322973
322974
322975
322976
322977
322978
322979
322980
322981
322982
322983
322984
322985
322986
322987
322988
322989
322990
322991
322992
322993
322994
322995
322996
322997
322998
322999
323000
323001
323002
323003
323004
323005
323006
323007
323008
323009
323010
323011
323012
323013
323014
323015
323016
323017
323018
323019
323020
323021
323022
323023
323024
323025
323026
323027
323028
323029
323030
323031
323032
323057
323058
323059
323060
323061
323062
323063
323064
323065
323066
323067
323068
323069
323070
323071
323072
323073
323074
323075
323076
323077
323078
323079
323080
323081
323082
323083
323084
323085
323086
323087
323088
323089
323090
323091
323092
323093
323094
323095
323096
323097
323098
323099
323100
323101
323102
323103
323104
323105
323106
323107
323108
323109
323110
323111
323112
323113
323114
323115
323116
323117
323118
323119
323120
323121
323122
323123
323124
323125
323126
323127
323128
323129
323130
323131
323132
323133
323134
323135
323136
323137
323138
323139
323140
323141
323142
323143
323144
323145
323146
323147
323148
323149
323150
323151
323152
323177
323178
323179
323180
323181
323182
323183
323184
323185
323186
323187
323188
323189
323190
323191
323192
323193
323194
323195
323196
323197
323198
323199
323200
323201
323202
323203
323204
323205
323206
323207
323208
323209
323210
323211
323212
323213
323214
323215
323216
323217
323218
323219
323220
323221
323222
323223
323224
323225
323226
323227
323228
323229
323230
323231
323232
323233
323234
323235
323236
323237
323238
323239
323240
323241
323242
323243
323244
323245
323246
323247
323248
323249
323250
323251
323252
323253
323254
323255
323256
323257
323258
323259
323260
323261
323262
323263
323264
323265
323266
323267
323268
323269
323270
323271
323272
323297
323298
323299
323300
323301
323302
323303
323304
323305
323306
323307
323308
323309
323310
323311
323312
323313
323314
323315
323316
323317
323318
323319
323320
323321
323322
323323
323324
323325
323326
323327
323328
323329
323330
323331
323332
323333
323334
323335
323336
323337
323338
323339
323340
323341
323342
323343
323344
323345
323346
323347
323348
323349
323350
323351
323352
323353
323354
323355
323356
323357
323358
323359
323360
323361
323362
323363
323364
323365
323366
323367
323368
323369
323370
323371
323372
323373
323374
323375
323376
323377
323378
323379
323380
323381
323382
323383
323384
323385
323386
323387
323388
323389
323390
323391
323392
323418
323419
323420
323421
323422
323423
323424
323425
323426
323427
323428
323429
323430
323431
323432
323433
323434
323435
323436
323437
323438
323439
323440
323441
323442
323443
323444
323445
323446
323447
323448
323449
323450
323451
323452
323453
323454
323455
323456
323457
323458
323459
323460
323461
323462
323463
323464
323465
323466
323467
323468
323469
323470
323471
323472
323473
323474
323475
323476
323477
323478
323479
323480
323481
323482
323483
323484
323485
323486
323487
323488
323489
323490
323491
323492
323493
323494
323495
323496
323497
323498
323499
323500
323501
323502
323503
323504
323505
323506
323507
323508
323509
323510
323511
323512
323513
323538
323539
323540
323541
323542
323543
323544
323545
323546
323547
323548
323549
323550
323551
323552
323553
323554
323555
323556
323557
323558
323559
323560
323561
323562
323563
323564
323565
323566
323567
323568
323569
323570
323571
323572
323573
323574
323575
323576
323577
323578
323579
323580
323581
323582
323583
323584
323585
323586
323587
323588
323589
323590
323591
323592
323593
323594
323595
323596
323597
323598
323599
323600
323601
323602
323603
323604
323605
323606
323607
323608
323609
323610
323611
323612
323613
323614
323615
323616
323617
323618
323619
323620
323621
323622
323623
323624
323625
323626
323627
323628
323629
323630
323631
323632
323633
323658
323659
323660
323661
323662
323663
323664
323665
323666
323667
323668
323669
323670
323671
323672
323673
323674
323675
323676
323677
323678
323679
323680
323681
323682
323683
323684
323685
323686
323687
323688
323689
323690
323691
323692
323693
323694
323695
323696
323697
323698
323699
323700
323701
323702
323703
323704
323705
323706
323707
323708
323709
323710
323711
323712
323713
323714
323715
323716
323717
323718
323719
323720
323721
323722
323723
323724
323725
323726
323727
323728
323729
323730
323731
323732
323733
323734
323735
323736
323737
323738
323739
323740
323741
323742
323743
323744
323745
323746
323747
323748
323749
323750
323751
323752
323753
323778
323779
323780
323781
323782
323783
323784
323785
323786
323787
323788
323789
323790
323791
323792
323793
323794
323795
323796
323797
323798
323799
323800
323801
323802
323803
323804
323805
323806
323807
323808
323809
323810
323811
323812
323813
323814
323815
323816
323817
323818
323819
323820
323821
323822
323823
323824
323825
323826
323827
323828
323829
323830
323831
323832
323833
323834
323835
323836
323837
323838
323839
323840
323841
323842
323843
323844
323845
323846
323847
323848
323849
323850
323851
323852
323853
323854
323855
323856
323857
323858
323859
323860
323861
323862
323863
323864
323865
323866
323867
323868
323869
323870
323871
323872
323873
323899
323900
323901
323902
323903
323904
323905
323906
323907
323908
323909
323910
323911
323912
323913
323914
323915
323916
323917
323918
323919
323920
323921
323922
323923
323924
323925
323926
323927
323928
323929
323930
323931
323932
323933
323934
323935
323936
323937
323938
323939
323940
323941
323942
323943
323944
323945
323946
323947
323948
323949
323950
323951
323952
323953
323954
323955
323956
323957
323958
323959
323960
323961
323962
323963
323964
323965
323966
323967
323968
323969
323970
323971
323972
323973
323974
323975
323976
323977
323978
323979
323980
323981
323982
323983
323984
323985
323986
323987
323988
323989
323990
323991
323992
324019
324020
324021
324022
324023
324024
324025
324026
324027
324028
324029
324030
324031
324032
324033
324034
324035
324036
324037
324038
324039
324040
324041
324042
324043
324044
324045
324046
324047
324048
324049
324050
324051
324052
324053
324054
324055
324056
324057
324058
324059
324060
324061
324062
324063
324064
324065
324066
324067
324068
324069
324070
324071
324072
324073
324074
324075
324076
324077
324078
324079
324080
324081
324082
324083
324084
324085
324086
324087
324088
324089
324090
324091
324092
324093
324094
324095
324096
324097
324098
324099
324100
324101
324102
324103
324104
324105
324106
324107
324108
324109
324110
324111
324112
324139
324140
324141
324142
324143
324144
324145
324146
324147
324148
324149
324150
324151
324152
324153
324154
324155
324156
324157
324158
324159
324160
324161
324162
324163
324164
324165
324166
324167
324168
324169
324170
324171
324172
324173
324174
324175
324176
324177
324178
324179
324180
324181
324182
324183
324184
324185
324186
324187
324188
324189
324190
324191
324192
324193
324194
324195
324196
324197
324198
324199
324200
324201
324202
324203
324204
324205
324206
324207
324208
324209
324210
324211
324212
324213
324214
324215
324216
324217
324218
324219
324220
324221
324222
324223
324224
324225
324226
324227
324228
324229
324230
324231
324232
324259
324260
324261
324262
324263
324264
324265
324266
324267
324268
324269
324270
324271
324272
324273
324274
324275
324276
324277
324278
324279
324280
324281
324282
324283
324284
324285
324286
324287
324288
324289
324290
324291
324292
324293
324294
324295
324296
324297
324298
324299
324300
324301
324302
324303
324304
324305
324306
324307
324308
324309
324310
324311
324312
324313
324314
324315
324316
324317
324318
324319
324320
324321
324322
324323
324324
324325
324326
324327
324328
324329
324330
324331
324332
324333
324334
324335
324336
324337
324338
324339
324340
324341
324342
324343
324344
324345
324346
324347
324348
324349
324350
324351
324352
324380
324381
324382
324383
324384
324385
324386
324387
324388
324389
324390
324391
324392
324393
324394
324395
324396
324397
324398
324399
324400
324401
324402
324403
324404
324405
324406
324407
324408
324409
324410
324411
324412
324413
324414
324415
324416
324417
324418
324419
324420
324421
324422
324423
324424
324425
324426
324427
324428
324429
324430
324431
324432
324433
324434
324435
324436
324437
324438
324439
324440
324441
324442
324443
324444
324445
324446
324447
324448
324449
324450
324451
324452
324453
324454
324455
324456
324457
324458
324459
324460
324461
324462
324463
324464
324465
324466
324467
324468
324469
324470
324471
324472
324500
324501
324502
324503
324504
324505
324506
324507
324508
324509
324510
324511
324512
324513
324514
324515
324516
324517
324518
324519
324520
324521
324522
324523
324524
324525
324526
324527
324528
324529
324530
324531
324532
324533
324534
324535
324536
324537
324538
324539
324540
324541
324542
324543
324544
324545
324546
324547
324548
324549
324550
324551
324552
324553
324554
324555
324556
324557
324558
324559
324560
324561
324562
324563
324564
324565
324566
324567
324568
324569
324570
324571
324572
324573
324574
324575
324576
324577
324578
324579
324580
324581
324582
324583
324584
324585
324586
324587
324588
324589
324590
324591
324592
324620
324621
324622
324623
324624
324625
324626
324627
324628
324629
324630
324631
324632
324633
324634
324635
324636
324637
324638
324639
324640
324641
324642
324643
324644
324645
324646
324647
324648
324649
324650
324651
324652
324653
324654
324655
324656
324657
324658
324659
324660
324661
324662
324663
324664
324665
324666
324667
324668
324669
324670
324671
324672
324673
324674
324675
324676
324677
324678
324679
324680
324681
324682
324683
324684
324685
324686
324687
324688
324689
324690
324691
324692
324693
324694
324695
324696
324697
324698
324699
324700
324701
324702
324703
324704
324705
324706
324707
324708
324709
324710
324711
324741
324742
324743
324744
324745
324746
324747
324748
324749
324750
324751
324752
324753
324754
324755
324756
324757
324758
324759
324760
324761
324762
324763
324764
324765
324766
324767
324768
324769
324770
324771
324772
324773
324774
324775
324776
324777
324778
324779
324780
324781
324782
324783
324784
324785
324786
324787
324788
324789
324790
324791
324792
324793
324794
324795
324796
324797
324798
324799
324800
324801
324802
324803
324804
324805
324806
324807
324808
324809
324810
324811
324812
324813
324814
324815
324816
324817
324818
324819
324820
324821
324822
324823
324824
324825
324826
324827
324828
324829
324830
324831
324862
324863
324864
324865
324866
324867
324868
324869
324870
324871
324872
324873
324874
324875
324876
324877
324878
324879
324880
324881
324882
324883
324884
324885
324886
324887
324888
324889
324890
324891
324892
324893
324894
324895
324896
324897
324898
324899
324900
324901
324902
324903
324904
324905
324906
324907
324908
324909
324910
324911
324912
324913
324914
324915
324916
324917
324918
324919
324920
324921
324922
324923
324924
324925
324926
324927
324928
324929
324930
324931
324932
324933
324934
324935
324936
324937
324938
324939
324940
324941
324942
324943
324944
324945
324946
324947
324948
324949
324950
324951
324982
324983
324984
324985
324986
324987
324988
324989
324990
324991
324992
324993
324994
324995
324996
324997
324998
324999
325000
325001
325002
325003
325004
325005
325006
325007
325008
325009
325010
325011
325012
325013
325014
325015
325016
325017
325018
325019
325020
325021
325022
325023
325024
325025
325026
325027
325028
325029
325030
325031
325032
325033
325034
325035
325036
325037
325038
325039
325040
325041
325042
325043
325044
325045
325046
325047
325048
325049
325050
325051
325052
325053
325054
325055
325056
325057
325058
325059
325060
325061
325062
325063
325064
325065
325066
325067
325068
325069
325070
325071
325102
325103
325104
325105
325106
325107
325108
325109
325110
325111
325112
325113
325114
325115
325116
325117
325118
325119
325120
325121
325122
325123
325124
325125
325126
325127
325128
325129
325130
325131
325132
325133
325134
325135
325136
325137
325138
325139
325140
325141
325142
325143
325144
325145
325146
325147
325148
325149
325150
325151
325152
325153
325154
325155
325156
325157
325158
325159
325160
325161
325162
325163
325164
325165
325166
325167
325168
325169
325170
325171
325172
325173
325174
325175
325176
325177
325178
325179
325180
325181
325182
325183
325184
325185
325186
325187
325188
325189
325190
325221
325222
325223
325224
325225
325226
325227
325228
325229
325230
325231
325232
325233
325234
325235
325236
325237
325238
325239
325240
325241
325242
325243
325244
325245
325246
325247
325248
325249
325250
325251
325252
325253
325254
325255
325256
325257
325258
325259
325260
325261
325262
325263
325264
325265
325266
325267
325268
325269
325270
325271
325272
325273
325274
325275
325276
325277
325278
325279
325280
325281
325282
325283
325284
325285
325286
325287
325288
325289
325290
325291
325292
325293
325294
325295
325296
325297
325298
325299
325300
325301
325302
325303
325304
325305
325306
325307
325308
325309
325310
325341
325342
325343
325344
325345
325346
325347
325348
325349
325350
325351
325352
325353
325354
325355
325356
325357
325358
325359
325360
325361
325362
325363
325364
325365
325366
325367
325368
325369
325370
325371
325372
325373
325374
325375
325376
325377
325378
325379
325380
325381
325382
325383
325384
325385
325386
325387
325388
325389
325390
325391
325392
325393
325394
325395
325396
325397
325398
325399
325400
325401
325402
325403
325404
325405
325406
325407
325408
325409
325410
325411
325412
325413
325414
325415
325416
325417
325418
325419
325420
325421
325422
325423
325424
325425
325426
325427
325428
325429
325461
325462
325463
325464
325465
325466
325467
325468
325469
325470
325471
325472
325473
325474
325475
325476
325477
325478
325479
325480
325481
325482
325483
325484
325485
325486
325487
325488
325489
325490
325491
325492
325493
325494
325495
325496
325497
325498
325499
325500
325501
325502
325503
325504
325505
325506
325507
325508
325509
325510
325511
325512
325513
325514
325515
325516
325517
325518
325519
325520
325521
325522
325523
325524
325525
325526
325527
325528
325529
325530
325531
325532
325533
325534
325535
325536
325537
325538
325539
325540
325541
325542
325543
325544
325545
325546
325547
325548
325581
325582
325583
325584
325585
325586
325587
325588
325589
325590
325591
325592
325593
325594
325595
325596
325597
325598
325599
325600
325601
325602
325603
325604
325605
325606
325607
325608
325609
325610
325611
325612
325613
325614
325615
325616
325617
325618
325619
325620
325621
325622
325623
325624
325625
325626
325627
325628
325629
325630
325631
325632
325633
325634
325635
325636
325637
325638
325639
325640
325641
325642
325643
325644
325645
325646
325647
325648
325649
325650
325651
325652
325653
325654
325655
325656
325657
325658
325659
325660
325661
325662
325663
325664
325665
325666
325667
325701
325702
325703
325704
325705
325706
325707
325708
325709
325710
325711
325712
325713
325714
325715
325716
325717
325718
325719
325720
325721
325722
325723
325724
325725
325726
325727
325728
325729
325730
325731
325732
325733
325734
325735
325736
325737
325738
325739
325740
325741
325742
325743
325744
325745
325746
325747
325748
325749
325750
325751
325752
325753
325754
325755
325756
325757
325758
325759
325760
325761
325762
325763
325764
325765
325766
325767
325768
325769
325770
325771
325772
325773
325774
325775
325776
325777
325778
325779
325780
325781
325782
325783
325784
325785
325822
325823
325824
325825
325826
325827
325828
325829
325830
325831
325832
325833
325834
325835
325836
325837
325838
325839
325840
325841
325842
325843
325844
325845
325846
325847
325848
325849
325850
325851
325852
325853
325854
325855
325856
325857
325858
325859
325860
325861
325862
325863
325864
325865
325866
325867
325868
325869
325870
325871
325872
325873
325874
325875
325876
325877
325878
325879
325880
325881
325882
325883
325884
325885
325886
325887
325888
325889
325890
325891
325892
325893
325894
325895
325896
325897
325898
325899
325900
325901
325902
325903
325942
325943
325944
325945
325946
325947
325948
325949
325950
325951
325952
325953
325954
325955
325956
325957
325958
325959
325960
325961
325962
325963
325964
325965
325966
325967
325968
325969
325970
325971
325972
325973
325974
325975
325976
325977
325978
325979
325980
325981
325982
325983
325984
325985
325986
325987
325988
325989
325990
325991
325992
325993
325994
325995
325996
325997
325998
325999
326000
326001
326002
326003
326004
326005
326006
326007
326008
326009
326010
326011
326012
326013
326014
326015
326016
326017
326018
326019
326020
326021
326022
326062
326063
326064
326065
326066
326067
326068
326069
326070
326071
326072
326073
326074
326075
326076
326077
326078
326079
326080
326081
326082
326083
326084
326085
326086
326087
326088
326089
326090
326091
326092
326093
326094
326095
326096
326097
326098
326099
326100
326101
326102
326103
326104
326105
326106
326107
326108
326109
326110
326111
326112
326113
326114
326115
326116
326117
326118
326119
326120
326121
326122
326123
326124
326125
326126
326127
326128
326129
326130
326131
326132
326133
326134
326135
326136
326137
326138
326139
326140
326141
326142
326143
326182
326183
326184
326185
326186
326187
326188
326189
326190
326191
326192
326193
326194
326195
326196
326197
326198
326199
326200
326201
326202
326203
326204
326205
326206
326207
326208
326209
326210
326211
326212
326213
326214
326215
326216
326217
326218
326219
326220
326221
326222
326223
326224
326225
326226
326227
326228
326229
326230
326231
326232
326233
326234
326235
326236
326237
326238
326239
326240
326241
326242
326243
326244
326245
326246
326247
326248
326249
326250
326251
326252
326253
326254
326255
326256
326257
326258
326259
326260
326261
326262
326263
326303
326304
326305
326306
326307
326308
326309
326310
326311
326312
326313
326314
326315
326316
326317
326318
326319
326320
326321
326322
326323
326324
326325
326326
326327
326328
326329
326330
326331
326332
326333
326334
326335
326336
326337
326338
326339
326340
326341
326342
326343
326344
326345
326346
326347
326348
326349
326350
326351
326352
326353
326354
326355
326356
326357
326358
326359
326360
326361
326362
326363
326364
326365
326366
326367
326368
326369
326370
326371
326372
326373
326374
326375
326376
326377
326378
326379
326380
326381
326382
326383
326423
326424
326425
326426
326427
326428
326429
326430
326431
326432
326433
326434
326435
326436
326437
326438
326439
326440
326441
326442
326443
326444
326445
326446
326447
326448
326449
326450
326451
326452
326453
326454
326455
326456
326457
326458
326459
326460
326461
326462
326463
326464
326465
326466
326467
326468
326469
326470
326471
326472
326473
326474
326475
326476
326477
326478
326479
326480
326481
326482
326483
326484
326485
326486
326487
326488
326489
326490
326491
326492
326493
326494
326495
326496
326497
326498
326499
326500
326501
326502
326544
326545
326546
326547
326548
326549
326550
326551
326552
326553
326554
326555
326556
326557
326558
326559
326560
326561
326562
326563
326564
326565
326566
326567
326568
326569
326570
326571
326572
326573
326574
326575
326576
326577
326578
326579
326580
326581
326582
326583
326584
326585
326586
326587
326588
326589
326590
326591
326592
326593
326594
326595
326596
326597
326598
326599
326600
326601
326602
326603
326604
326605
326606
326607
326608
326609
326610
326611
326612
326613
326614
326615
326616
326617
326618
326619
326620
326621
326622
326665
326666
326667
326668
326669
326670
326671
326672
326673
326674
326675
326676
326677
326678
326679
326680
326681
326682
326683
326684
326685
326686
326687
326688
326689
326690
326691
326692
326693
326694
326695
326696
326697
326698
326699
326700
326701
326702
326703
326704
326705
326706
326707
326708
326709
326710
326711
326712
326713
326714
326715
326716
326717
326718
326719
326720
326721
326722
326723
326724
326725
326726
326727
326728
326729
326730
326731
326732
326733
326734
326735
326736
326737
326738
326739
326740
326741
326742
326786
326787
326788
326789
326790
326791
326792
326793
326794
326795
326796
326797
326798
326799
326800
326801
326802
326803
326804
326805
326806
326807
326808
326809
326810
326811
326812
326813
326814
326815
326816
326817
326818
326819
326820
326821
326822
326823
326824
326825
326826
326827
326828
326829
326830
326831
326832
326833
326834
326835
326836
326837
326838
326839
326840
326841
326842
326843
326844
326845
326846
326847
326848
326849
326850
326851
326852
326853
326854
326855
326856
326857
326858
326859
326860
326861
326862
326907
326908
326909
326910
326911
326912
326913
326914
326915
326916
326917
326918
326919
326920
326921
326922
326923
326924
326925
326926
326927
326928
326929
326930
326931
326932
326933
326934
326935
326936
326937
326938
326939
326940
326941
326942
326943
326944
326945
326946
326947
326948
326949
326950
326951
326952
326953
326954
326955
326956
326957
326958
326959
326960
326961
326962
326963
326964
326965
326966
326967
326968
326969
326970
326971
326972
326973
326974
326975
326976
326977
326978
326979
326980
326981
327028
327029
327030
327031
327032
327033
327034
327035
327036
327037
327038
327039
327040
327041
327042
327043
327044
327045
327046
327047
327048
327049
327050
327051
327052
327053
327054
327055
327056
327057
327058
327059
327060
327061
327062
327063
327064
327065
327066
327067
327068
327069
327070
327071
327072
327073
327074
327075
327076
327077
327078
327079
327080
327081
327082
327083
327084
327085
327086
327087
327088
327089
327090
327091
327092
327093
327094
327095
327096
327097
327098
327099
327100
327150
327151
327152
327153
327154
327155
327156
327157
327158
327159
327160
327161
327162
327163
327164
327165
327166
327167
327168
327169
327170
327171
327172
327173
327174
327175
327176
327177
327178
327179
327180
327181
327182
327183
327184
327185
327186
327187
327188
327189
327190
327191
327192
327193
327194
327195
327196
327197
327198
327199
327200
327201
327202
327203
327204
327205
327206
327207
327208
327209
327210
327211
327212
327213
327214
327215
327216
327217
327218
327219
327272
327273
327274
327275
327276
327277
327278
327279
327280
327281
327282
327283
327284
327285
327286
327287
327288
327289
327290
327291
327292
327293
327294
327295
327296
327297
327298
327299
327300
327301
327302
327303
327304
327305
327306
327307
327308
327309
327310
327311
327312
327313
327314
327315
327316
327317
327318
327319
327320
327321
327322
327323
327324
327325
327326
327327
327328
327329
327330
327331
327332
327333
327334
327335
327336
327337
327338
327396
327397
327398
327399
327400
327401
327402
327403
327404
327405
327406
327407
327408
327409
327410
327411
327412
327413
327414
327415
327416
327417
327418
327419
327420
327421
327422
327423
327424
327425
327426
327427
327428
327429
327430
327431
327432
327433
327434
327435
327436
327437
327438
327439
327440
327441
327442
327443
327444
327445
327446
327447
327448
327449
327450
327451
327452
327453
327454
327455
327456
327457
327520
327521
327522
327525
327526
327527
327528
327529
327530
327531
327532
327533
327534
327535
327536
327537
327538
327539
327540
327541
327542
327543
327544
327545
327546
327547
327548
327549
327550
327551
327552
327553
327554
327555
327556
327557
327558
327559
327560
327561
327562
327563
327564
327565
327566
327570
327571
327572
327573
327650
327651
327652
327653
327654
327655
327656
327657
327658
327659
327660
327661
327662
327663
327664
327665
327666
327667
327668
327669
327670
327671
327672
327673
327674
327675
327676
327677
327678
327679
327680
327681
327682
327683
327684
327685
327774
327775
327776
327777
327778
327779
327780
327781
327782
327783
327784
327785
327786
327787
327788
327789
327790
327791
327792
327793
327794
327795
327796
327797
327798
327799
327800
327801
327802
327803
327804
327805
327897
327898
327899
327900
327901
327902
327903
327904
327905
327906
327907
327908
327909
327910
327911
327912
327913
327914
327915
327916
327917
327918
327919
327920
327921
327922
327923
327924
328020
328021
328022
328023
328024
328025
328026
328027
328028
328029
328030
328031
328032
328033
328034
328035
328036
328037
328038
328039
328040
328041
328042
328043
328141
328142
328143
328144
328145
328146
328147
328148
328149
328150
328151
328152
328153
328154
328155
328156
328157
328158
328159
328160
328161
328162
328262
328263
328264
328265
328266
328267
328268
328269
328270
328271
328272
328273
328274
328275
328276
328277
328278
328279
328280
328383
328384
328385
328386
328387
328388
328389
328390
328391
328392
328393
328394
328395
328396
328397
328398
328399
328505
328506
328507
328508
328509
328510
328511
328512
328513
328514
328515
328516
328517
328518
328627
328628
328629
328630
328631
328632
328633
328634
328635
328636
328751
328752
333054
333170
333171
333172
333173
333174
333175
333176
333177
333178
333286
333287
333288
333289
333290
333291
333292
333293
333294
333295
333296
333297
333298
333299
333300
333301
333302
333403
333404
333405
333406
333407
333408
333409
333410
333411
333412
333413
333414
333415
333416
333417
333418
333419
333420
333421
333422
333423
333424
333425
333520
333521
333522
333523
333524
333525
333526
333527
333528
333529
333530
333531
333532
333533
333534
333535
333536
333537
333538
333539
333540
333541
333542
333543
333544
333545
333546
333547
333639
333640
333641
333642
333643
333644
333645
333646
333647
333648
333649
333650
333651
333652
333653
333654
333655
333656
333657
333658
333659
333660
333661
333662
333663
333664
333665
333666
333667
333668
333669
333757
333758
333759
333760
333761
333762
333763
333764
333765
333766
333767
333768
333769
333770
333771
333772
333773
333774
333775
333776
333777
333778
333779
333780
333781
333782
333783
333784
333785
333786
333787
333788
333789
333790
333791
333875
333876
333877
333878
333879
333880
333881
333882
333883
333884
333885
333886
333887
333888
333889
333890
333891
333892
333893
333894
333895
333896
333897
333898
333899
333900
333901
333902
333903
333904
333905
333906
333907
333908
333909
333910
333911
333912
333993
333994
333995
333996
333997
333998
333999
334000
334001
334002
334003
334004
334005
334006
334007
334008
334009
334010
334011
334012
334013
334014
334015
334016
334017
334018
334019
334020
334021
334022
334023
334024
334025
334026
334027
334028
334029
334030
334031
334032
334111
334112
334113
334114
334115
334116
334117
334118
334119
334120
334121
334122
334123
334124
334125
334126
334127
334128
334129
334130
334131
334132
334133
334134
334135
334136
334137
334138
334139
334140
334141
334142
334143
334144
334145
334146
334147
334148
334149
334150
334151
334152
334153
334230
334231
334232
334233
334234
334235
334236
334237
334238
334239
334240
334241
334242
334243
334244
334245
334246
334247
334248
334249
334250
334251
334252
334253
334254
334255
334256
334257
334258
334259
334260
334261
334262
334263
334264
334265
334266
334267
334268
334269
334270
334271
334272
334273
334348
334349
334350
334351
334352
334353
334354
334355
334356
334357
334358
334359
334360
334361
334362
334363
334364
334365
334366
334367
334368
334369
334370
334371
334372
334373
334374
334375
334376
334377
334378
334379
334380
334381
334382
334383
334384
334385
334386
334387
334388
334389
334390
334391
334392
334393
334394
334467
334468
334469
334470
334471
334472
334473
334474
334475
334476
334477
334478
334479
334480
334481
334482
334483
334484
334485
334486
334487
334488
334489
334490
334491
334492
334493
334494
334495
334496
334497
334498
334499
334500
334501
334502
334503
334504
334505
334506
334507
334508
334509
334510
334511
334512
334513
334514
334586
334587
334588
334589
334590
334591
334592
334593
334594
334595
334596
334597
334598
334599
334600
334601
334602
334603
334604
334605
334606
334607
334608
334609
334610
334611
334612
334613
334614
334615
334616
334617
334618
334619
334620
334621
334622
334623
334624
334625
334626
334627
334628
334629
334630
334631
334632
334633
334634
334705
334706
334707
334708
334709
334710
334711
334712
334713
334714
334715
334716
334717
334718
334719
334720
334721
334722
334723
334724
334725
334726
334727
334728
334729
334730
334731
334732
334733
334734
334735
334736
334737
334738
334739
334740
334741
334742
334743
334744
334745
334746
334747
334748
334749
334750
334751
334752
334753
334754
334755
334824
334825
334826
334827
334828
334829
334830
334831
334832
334833
334834
334835
334836
334837
334838
334839
334840
334841
334842
334843
334844
334845
334846
334847
334848
334849
334850
334851
334852
334853
334854
334855
334856
334857
334858
334859
334860
334861
334862
334863
334864
334865
334866
334867
334868
334869
334870
334871
334872
334873
334874
334875
334943
334944
334945
334946
334947
334948
334949
334950
334951
334952
334953
334954
334955
334956
334957
334958
334959
334960
334961
334962
334963
334964
334965
334966
334967
334968
334969
334970
334971
334972
334973
334974
334975
334976
334977
334978
334979
334980
334981
334982
334983
334984
334985
334986
334987
334988
334989
334990
334991
334992
334993
334994
334995
335063
335064
335065
335066
335067
335068
335069
335070
335071
335072
335073
335074
335075
335076
335077
335078
335079
335080
335081
335082
335083
335084
335085
335086
335087
335088
335089
335090
335091
335092
335093
335094
335095
335096
335097
335098
335099
335100
335101
335102
335103
335104
335105
335106
335107
335108
335109
335110
335111
335112
335113
335114
335115
335116
335182
335183
335184
335185
335186
335187
335188
335189
335190
335191
335192
335193
335194
335195
335196
335197
335198
335199
335200
335201
335202
335203
335204
335205
335206
335207
335208
335209
335210
335211
335212
335213
335214
335215
335216
335217
335218
335219
335220
335221
335222
335223
335224
335225
335226
335227
335228
335229
335230
335231
335232
335233
335234
335235
335236
335302
335303
335304
335305
335306
335307
335308
335309
335310
335311
335312
335313
335314
335315
335316
335317
335318
335319
335320
335321
335322
335323
335324
335325
335326
335327
335328
335329
335330
335331
335332
335333
335334
335335
335336
335337
335338
335339
335340
335341
335342
335343
335344
335345
335346
335347
335348
335349
335350
335351
335352
335353
335354
335355
335356
335357
335358
335359
335360
335361
335362
335363
335364
335421
335422
335423
335424
335425
335426
335427
335428
335429
335430
335431
335432
335433
335434
335435
335436
335437
335438
335439
335440
335441
335442
335443
335444
335445
335446
335447
335448
335449
335450
335451
335452
335453
335454
335455
335456
335457
335458
335459
335460
335461
335462
335463
335464
335465
335466
335467
335468
335469
335470
335471
335472
335473
335474
335475
335476
335477
335478
335479
335480
335481
335482
335483
335484
335485
335486
335487
335488
335540
335541
335542
335543
335544
335545
335546
335547
335548
335549
335550
335551
335552
335553
335554
335555
335556
335557
335558
335559
335560
335561
335562
335563
335564
335565
335566
335567
335568
335569
335570
335571
335572
335573
335574
335575
335576
335577
335578
335579
335580
335581
335582
335583
335584
335585
335586
335587
335588
335589
335590
335591
335592
335593
335594
335595
335596
335597
335598
335599
335600
335601
335602
335603
335604
335605
335606
335607
335608
335609
335610
335660
335661
335662
335663
335664
335665
335666
335667
335668
335669
335670
335671
335672
335673
335674
335675
335676
335677
335678
335679
335680
335681
335682
335683
335684
335685
335686
335687
335688
335689
335690
335691
335692
335693
335694
335695
335696
335697
335698
335699
335700
335701
335702
335703
335704
335705
335706
335707
335708
335709
335710
335711
335712
335713
335714
335715
335716
335717
335718
335719
335720
335721
335722
335723
335724
335725
335726
335727
335728
335729
335730
335731
335732
335780
335781
335782
335783
335784
335785
335786
335787
335788
335789
335790
335791
335792
335793
335794
335795
335796
335797
335798
335799
335800
335801
335802
335803
335804
335805
335806
335807
335808
335809
335810
335811
335812
335813
335814
335815
335816
335817
335818
335819
335820
335821
335822
335823
335824
335825
335826
335827
335828
335829
335830
335831
335832
335833
335834
335835
335836
335837
335838
335839
335840
335841
335842
335843
335844
335845
335846
335847
335848
335849
335850
335851
335852
335853
335854
335899
335900
335901
335902
335903
335904
335905
335906
335907
335908
335909
335910
335911
335912
335913
335914
335915
335916
335917
335918
335919
335920
335921
335922
335923
335924
335925
335926
335927
335928
335929
335930
335931
335932
335933
335934
335935
335936
335937
335938
335939
335940
335941
335942
335943
335944
335945
335946
335947
335948
335949
335950
335951
335952
335953
335954
335955
335956
335957
335958
335959
335960
335961
335962
335963
335964
335965
335966
335967
335968
335969
335970
335971
335972
335973
335974
335975
335976
336019
336020
336021
336022
336023
336024
336025
336026
336027
336028
336029
336030
336031
336032
336033
336034
336035
336036
336037
336038
336039
336040
336041
336042
336043
336044
336045
336046
336047
336048
336049
336050
336051
336052
336053
336054
336055
336056
336057
336058
336059
336060
336061
336062
336063
336064
336065
336066
336067
336068
336069
336070
336071
336072
336073
336074
336075
336076
336077
336078
336079
336080
336081
336082
336083
336084
336085
336086
336087
336088
336089
336090
336091
336092
336093
336094
336095
336096
336097
336098
336099
336100
336101
336102
336103
336104
336139
336140
336141
336142
336143
336144
336145
336146
336147
336148
336149
336150
336151
336152
336153
336154
336155
336156
336157
336158
336159
336160
336161
336162
336163
336164
336165
336166
336167
336168
336169
336170
336171
336172
336173
336174
336175
336176
336177
336178
336179
336180
336181
336182
336183
336184
336185
336186
336187
336188
336189
336190
336191
336192
336193
336194
336195
336196
336197
336198
336199
336200
336201
336202
336203
336204
336205
336206
336207
336208
336209
336210
336211
336212
336213
336214
336215
336216
336217
336218
336219
336220
336221
336222
336223
336224
336225
336226
336227
336259
336260
336261
336262
336263
336264
336265
336266
336267
336268
336269
336270
336271
336272
336273
336274
336275
336276
336277
336278
336279
336280
336281
336282
336283
336284
336285
336286
336287
336288
336289
336290
336291
336292
336293
336294
336295
336296
336297
336298
336299
336300
336301
336302
336303
336304
336305
336306
336307
336308
336309
336310
336311
336312
336313
336314
336315
336316
336317
336318
336319
336320
336321
336322
336323
336324
336325
336326
336327
336328
336329
336330
336331
336332
336333
336334
336335
336336
336337
336338
336339
336340
336341
336342
336343
336344
336345
336346
336347
336348
336378
336379
336380
336381
336382
336383
336384
336385
336386
336387
336388
336389
336390
336391
336392
336393
336394
336395
336396
336397
336398
336399
336400
336401
336402
336403
336404
336405
336406
336407
336408
336409
336410
336411
336412
336413
336414
336415
336416
336417
336418
336419
336420
336421
336422
336423
336424
336425
336426
336427
336428
336429
336430
336431
336432
336433
336434
336435
336436
336437
336438
336439
336440
336441
336442
336443
336444
336445
336446
336447
336448
336449
336450
336451
336452
336453
336454
336455
336456
336457
336458
336459
336460
336461
336462
336463
336464
336465
336466
336467
336468
336469
336498
336499
336500
336501
336502
336503
336504
336505
336506
336507
336508
336509
336510
336511
336512
336513
336514
336515
336516
336517
336518
336519
336520
336521
336522
336523
336524
336525
336526
336527
336528
336529
336530
336531
336532
336533
336534
336535
336536
336537
336538
336539
336540
336541
336542
336543
336544
336545
336546
336547
336548
336549
336550
336551
336552
336553
336554
336555
336556
336557
336558
336559
336560
336561
336562
336563
336564
336565
336566
336567
336568
336569
336570
336571
336572
336573
336574
336575
336576
336577
336578
336579
336580
336581
336582
336583
336584
336585
336586
336587
336588
336589
336590
336618
336619
336620
336621
336622
336623
336624
336625
336626
336627
336628
336629
336630
336631
336632
336633
336634
336635
336636
336637
336638
336639
336640
336641
336642
336643
336644
336645
336646
336647
336648
336649
336650
336651
336652
336653
336654
336655
336656
336657
336658
336659
336660
336661
336662
336663
336664
336665
336666
336667
336668
336669
336670
336671
336672
336673
336674
336675
336676
336677
336678
336679
336680
336681
336682
336683
336684
336685
336686
336687
336688
336689
336690
336691
336692
336693
336694
336695
336696
336697
336698
336699
336700
336701
336702
336703
336704
336705
336706
336707
336708
336709
336710
336738
336739
336740
336741
336742
336743
336744
336745
336746
336747
336748
336749
336750
336751
336752
336753
336754
336755
336756
336757
336758
336759
336760
336761
336762
336763
336764
336765
336766
336767
336768
336769
336770
336771
336772
336773
336774
336775
336776
336777
336778
336779
336780
336781
336782
336783
336784
336785
336786
336787
336788
336789
336790
336791
336792
336793
336794
336795
336796
336797
336798
336799
336800
336801
336802
336803
336804
336805
336806
336807
336808
336809
336810
336811
336812
336813
336814
336815
336816
336817
336818
336819
336820
336821
336822
336823
336824
336825
336826
336827
336828
336829
336830
336831
336857
336858
336859
336860
336861
336862
336863
336864
336865
336866
336867
336868
336869
336870
336871
336872
336873
336874
336875
336876
336877
336878
336879
336880
336881
336882
336883
336884
336885
336886
336887
336888
336889
336890
336891
336892
336893
336894
336895
336896
336897
336898
336899
336900
336901
336902
336903
336904
336905
336906
336907
336908
336909
336910
336911
336912
336913
336914
336915
336916
336917
336918
336919
336920
336921
336922
336923
336924
336925
336926
336927
336928
336929
336930
336931
336932
336933
336934
336935
336936
336937
336938
336939
336940
336941
336942
336943
336944
336945
336946
336947
336948
336949
336950
336951
336977
336978
336979
336980
336981
336982
336983
336984
336985
336986
336987
336988
336989
336990
336991
336992
336993
336994
336995
336996
336997
336998
336999
337000
337001
337002
337003
337004
337005
337006
337007
337008
337009
337010
337011
337012
337013
337014
337015
337016
337017
337018
337019
337020
337021
337022
337023
337024
337025
337026
337027
337028
337029
337030
337031
337032
337033
337034
337035
337036
337037
337038
337039
337040
337041
337042
337043
337044
337045
337046
337047
337048
337049
337050
337051
337052
337053
337054
337055
337056
337057
337058
337059
337060
337061
337062
337063
337064
337065
337066
337067
337068
337069
337070
337071
337072
337097
337098
337099
337100
337101
337102
337103
337104
337105
337106
337107
337108
337109
337110
337111
337112
337113
337114
337115
337116
337117
337118
337119
337120
337121
337122
337123
337124
337125
337126
337127
337128
337129
337130
337131
337132
337133
337134
337135
337136
337137
337138
337139
337140
337141
337142
337143
337144
337145
337146
337147
337148
337149
337150
337151
337152
337153
337154
337155
337156
337157
337158
337159
337160
337161
337162
337163
337164
337165
337166
337167
337168
337169
337170
337171
337172
337173
337174
337175
337176
337177
337178
337179
337180
337181
337182
337183
337184
337185
337186
337187
337188
337189
337190
337191
337192
337217
337218
337219
337220
337221
337222
337223
337224
337225
337226
337227
337228
337229
337230
337231
337232
337233
337234
337235
337236
337237
337238
337239
337240
337241
337242
337243
337244
337245
337246
337247
337248
337249
337250
337251
337252
337253
337254
337255
337256
337257
337258
337259
337260
337261
337262
337263
337264
337265
337266
337267
337268
337269
337270
337271
337272
337273
337274
337275
337276
337277
337278
337279
337280
337281
337282
337283
337284
337285
337286
337287
337288
337289
337290
337291
337292
337293
337294
337295
337296
337297
337298
337299
337300
337301
337302
337303
337304
337305
337306
337307
337308
337309
337310
337311
337312
337336
337337
337338
337339
337340
337341
337342
337343
337344
337345
337346
337347
337348
337349
337350
337351
337352
337353
337354
337355
337356
337357
337358
337359
337360
337361
337362
337363
337364
337365
337366
337367
337368
337369
337370
337371
337372
337373
337374
337375
337376
337377
337378
337379
337380
337381
337382
337383
337384
337385
337386
337387
337388
337389
337390
337391
337392
337393
337394
337395
337396
337397
337398
337399
337400
337401
337402
337403
337404
337405
337406
337407
337408
337409
337410
337411
337412
337413
337414
337415
337416
337417
337418
337419
337420
337421
337422
337423
337424
337425
337426
337427
337428
337429
337430
337431
337432
337433
337456
337457
337458
337459
337460
337461
337462
337463
337464
337465
337466
337467
337468
337469
337470
337471
337472
337473
337474
337475
337476
337477
337478
337479
337480
337481
337482
337483
337484
337485
337486
337487
337488
337489
337490
337491
337492
337493
337494
337495
337496
337497
337498
337499
337500
337501
337502
337503
337504
337505
337506
337507
337508
337509
337510
337511
337512
337513
337514
337515
337516
337517
337518
337519
337520
337521
337522
337523
337524
337525
337526
337527
337528
337529
337530
337531
337532
337533
337534
337535
337536
337537
337538
337539
337540
337541
337542
337543
337544
337545
337546
337547
337548
337549
337550
337551
337552
337553
337576
337577
337578
337579
337580
337581
337582
337583
337584
337585
337586
337587
337588
337589
337590
337591
337592
337593
337594
337595
337596
337597
337598
337599
337600
337601
337602
337603
337604
337605
337606
337607
337608
337609
337610
337611
337612
337613
337614
337615
337616
337617
337618
337619
337620
337621
337622
337623
337624
337625
337626
337627
337628
337629
337630
337631
337632
337633
337634
337635
337636
337637
337638
337639
337640
337641
337642
337643
337644
337645
337646
337647
337648
337649
337650
337651
337652
337653
337654
337655
337656
337657
337658
337659
337660
337661
337662
337663
337664
337665
337666
337667
337668
337669
337670
337671
337672
337673
337696
337697
337698
337699
337700
337701
337702
337703
337704
337705
337706
337707
337708
337709
337710
337711
337712
337713
337714
337715
337716
337717
337718
337719
337720
337721
337722
337723
337724
337725
337726
337727
337728
337729
337730
337731
337732
337733
337734
337735
337736
337737
337738
337739
337740
337741
337742
337743
337744
337745
337746
337747
337748
337749
337750
337751
337752
337753
337754
337755
337756
337757
337758
337759
337760
337761
337762
337763
337764
337765
337766
337767
337768
337769
337770
337771
337772
337773
337774
337775
337776
337777
337778
337779
337780
337781
337782
337783
337784
337785
337786
337787
337788
337789
337790
337791
337792
337793
337817
337818
337819
337820
337821
337822
337823
337824
337825
337826
337827
337828
337829
337830
337831
337832
337833
337834
337835
337836
337837
337838
337839
337840
337841
337842
337843
337844
337845
337846
337847
337848
337849
337850
337851
337852
337853
337854
337855
337856
337857
337858
337859
337860
337861
337862
337863
337864
337865
337866
337867
337868
337869
337870
337871
337872
337873
337874
337875
337876
337877
337878
337879
337880
337881
337882
337883
337884
337885
337886
337887
337888
337889
337890
337891
337892
337893
337894
337895
337896
337897
337898
337899
337900
337901
337902
337903
337904
337905
337906
337907
337908
337909
337910
337911
337912
337913
337914
337937
337938
337939
337940
337941
337942
337943
337944
337945
337946
337947
337948
337949
337950
337951
337952
337953
337954
337955
337956
337957
337958
337959
337960
337961
337962
337963
337964
337965
337966
337967
337968
337969
337970
337971
337972
337973
337974
337975
337976
337977
337978
337979
337980
337981
337982
337983
337984
337985
337986
337987
337988
337989
337990
337991
337992
337993
337994
337995
337996
337997
337998
337999
338000
338001
338002
338003
338004
338005
338006
338007
338008
338009
338010
338011
338012
338013
338014
338015
338016
338017
338018
338019
338020
338021
338022
338023
338024
338025
338026
338027
338028
338029
338030
338031
338032
338033
338034
338057
338058
338059
338060
338061
338062
338063
338064
338065
338066
338067
338068
338069
338070
338071
338072
338073
338074
338075
338076
338077
338078
338079
338080
338081
338082
338083
338084
338085
338086
338087
338088
338089
338090
338091
338092
338093
338094
338095
338096
338097
338098
338099
338100
338101
338102
338103
338104
338105
338106
338107
338108
338109
338110
338111
338112
338113
338114
338115
338116
338117
338118
338119
338120
338121
338122
338123
338124
338125
338126
338127
338128
338129
338130
338131
338132
338133
338134
338135
338136
338137
338138
338139
338140
338141
338142
338143
338144
338145
338146
338147
338148
338149
338150
338151
338152
338153
338154
338177
338178
338179
338180
338181
338182
338183
338184
338185
338186
338187
338188
338189
338190
338191
338192
338193
338194
338195
338196
338197
338198
338199
338200
338201
338202
338203
338204
338205
338206
338207
338208
338209
338210
338211
338212
338213
338214
338215
338216
338217
338218
338219
338220
338221
338222
338223
338224
338225
338226
338227
338228
338229
338230
338231
338232
338233
338234
338235
338236
338237
338238
338239
338240
338241
338242
338243
338244
338245
338246
338247
338248
338249
338250
338251
338252
338253
338254
338255
338256
338257
338258
338259
338260
338261
338262
338263
338264
338265
338266
338267
338268
338269
338270
338271
338272
338273
338274
338298
338299
338300
338301
338302
338303
338304
338305
338306
338307
338308
338309
338310
338311
338312
338313
338314
338315
338316
338317
338318
338319
338320
338321
338322
338323
338324
338325
338326
338327
338328
338329
338330
338331
338332
338333
338334
338335
338336
338337
338338
338339
338340
338341
338342
338343
338344
338345
338346
338347
338348
338349
338350
338351
338352
338353
338354
338355
338356
338357
338358
338359
338360
338361
338362
338363
338364
338365
338366
338367
338368
338369
338370
338371
338372
338373
338374
338375
338376
338377
338378
338379
338380
338381
338382
338383
338384
338385
338386
338387
338388
338389
338390
338391
338392
338393
338418
338419
338420
338421
338422
338423
338424
338425
338426
338427
338428
338429
338430
338431
338432
338433
338434
338435
338436
338437
338438
338439
338440
338441
338442
338443
338444
338445
338446
338447
338448
338449
338450
338451
338452
338453
338454
338455
338456
338457
338458
338459
338460
338461
338462
338463
338464
338465
338466
338467
338468
338469
338470
338471
338472
338473
338474
338475
338476
338477
338478
338479
338480
338481
338482
338483
338484
338485
338486
338487
338488
338489
338490
338491
338492
338493
338494
338495
338496
338497
338498
338499
338500
338501
338502
338503
338504
338505
338506
338507
338508
338509
338510
338511
338512
338513
338538
338539
338540
338541
338542
338543
338544
338545
338546
338547
338548
338549
338550
338551
338552
338553
338554
338555
338556
338557
338558
338559
338560
338561
338562
338563
338564
338565
338566
338567
338568
338569
338570
338571
338572
338573
338574
338575
338576
338577
338578
338579
338580
338581
338582
338583
338584
338585
338586
338587
338588
338589
338590
338591
338592
338593
338594
338595
338596
338597
338598
338599
338600
338601
338602
338603
338604
338605
338606
338607
338608
338609
338610
338611
338612
338613
338614
338615
338616
338617
338618
338619
338620
338621
338622
338623
338624
338625
338626
338627
338628
338629
338630
338631
338632
338633
338658
338659
338660
338661
338662
338663
338664
338665
338666
338667
338668
338669
338670
338671
338672
338673
338674
338675
338676
338677
338678
338679
338680
338681
338682
338683
338684
338685
338686
338687
338688
338689
338690
338691
338692
338693
338694
338695
338696
338697
338698
338699
338700
338701
338702
338703
338704
338705
338706
338707
338708
338709
338710
338711
338712
338713
338714
338715
338716
338717
338718
338719
338720
338721
338722
338723
338724
338725
338726
338727
338728
338729
338730
338731
338732
338733
338734
338735
338736
338737
338738
338739
338740
338741
338742
338743
338744
338745
338746
338747
338748
338749
338750
338751
338752
338753
338779
338780
338781
338782
338783
338784
338785
338786
338787
338788
338789
338790
338791
338792
338793
338794
338795
338796
338797
338798
338799
338800
338801
338802
338803
338804
338805
338806
338807
338808
338809
338810
338811
338812
338813
338814
338815
338816
338817
338818
338819
338820
338821
338822
338823
338824
338825
338826
338827
338828
338829
338830
338831
338832
338833
338834
338835
338836
338837
338838
338839
338840
338841
338842
338843
338844
338845
338846
338847
338848
338849
338850
338851
338852
338853
338854
338855
338856
338857
338858
338859
338860
338861
338862
338863
338864
338865
338866
338867
338868
338869
338870
338871
338872
338873
338899
338900
338901
338902
338903
338904
338905
338906
338907
338908
338909
338910
338911
338912
338913
338914
338915
338916
338917
338918
338919
338920
338921
338922
338923
338924
338925
338926
338927
338928
338929
338930
338931
338932
338933
338934
338935
338936
338937
338938
338939
338940
338941
338942
338943
338944
338945
338946
338947
338948
338949
338950
338951
338952
338953
338954
338955
338956
338957
338958
338959
338960
338961
338962
338963
338964
338965
338966
338967
338968
338969
338970
338971
338972
338973
338974
338975
338976
338977
338978
338979
338980
338981
338982
338983
338984
338985
338986
338987
338988
338989
338990
338991
338992
338993
339019
339020
339021
339022
339023
339024
339025
339026
339027
339028
339029
339030
339031
339032
339033
339034
339035
339036
339037
339038
339039
339040
339041
339042
339043
339044
339045
339046
339047
339048
339049
339050
339051
339052
339053
339054
339055
339056
339057
339058
339059
339060
339061
339062
339063
339064
339065
339066
339067
339068
339069
339070
339071
339072
339073
339074
339075
339076
339077
339078
339079
339080
339081
339082
339083
339084
339085
339086
339087
339088
339089
339090
339091
339092
339093
339094
339095
339096
339097
339098
339099
339100
339101
339102
339103
339104
339105
339106
339107
339108
339109
339110
339111
339112
339140
339141
339142
339143
339144
339145
339146
339147
339148
339149
339150
339151
339152
339153
339154
339155
339156
339157
339158
339159
339160
339161
339162
339163
339164
339165
339166
339167
339168
339169
339170
339171
339172
339173
339174
339175
339176
339177
339178
339179
339180
339181
339182
339183
339184
339185
339186
339187
339188
339189
339190
339191
339192
339193
339194
339195
339196
339197
339198
339199
339200
339201
339202
339203
339204
339205
339206
339207
339208
339209
339210
339211
339212
339213
339214
339215
339216
339217
339218
339219
339220
339221
339222
339223
339224
339225
339226
339227
339228
339229
339230
339231
339232
339260
339261
339262
339263
339264
339265
339266
339267
339268
339269
339270
339271
339272
339273
339274
339275
339276
339277
339278
339279
339280
339281
339282
339283
339284
339285
339286
339287
339288
339289
339290
339291
339292
339293
339294
339295
339296
339297
339298
339299
339300
339301
339302
339303
339304
339305
339306
339307
339308
339309
339310
339311
339312
339313
339314
339315
339316
339317
339318
339319
339320
339321
339322
339323
339324
339325
339326
339327
339328
339329
339330
339331
339332
339333
339334
339335
339336
339337
339338
339339
339340
339341
339342
339343
339344
339345
339346
339347
339348
339349
339350
339351
339352
339381
339382
339383
339384
339385
339386
339387
339388
339389
339390
339391
339392
339393
339394
339395
339396
339397
339398
339399
339400
339401
339402
339403
339404
339405
339406
339407
339408
339409
339410
339411
339412
339413
339414
339415
339416
339417
339418
339419
339420
339421
339422
339423
339424
339425
339426
339427
339428
339429
339430
339431
339432
339433
339434
339435
339436
339437
339438
339439
339440
339441
339442
339443
339444
339445
339446
339447
339448
339449
339450
339451
339452
339453
339454
339455
339456
339457
339458
339459
339460
339461
339462
339463
339464
339465
339466
339467
339468
339469
339470
339471
339472
339501
339502
339503
339504
339505
339506
339507
339508
339509
339510
339511
339512
339513
339514
339515
339516
339517
339518
339519
339520
339521
339522
339523
339524
339525
339526
339527
339528
339529
339530
339531
339532
339533
339534
339535
339536
339537
339538
339539
339540
339541
339542
339543
339544
339545
339546
339547
339548
339549
339550
339551
339552
339553
339554
339555
339556
339557
339558
339559
339560
339561
339562
339563
339564
339565
339566
339567
339568
339569
339570
339571
339572
339573
339574
339575
339576
339577
339578
339579
339580
339581
339582
339583
339584
339585
339586
339587
339588
339589
339590
339591
339620
339621
339622
339623
339624
339625
339626
339627
339628
339629
339630
339631
339632
339633
339634
339635
339636
339637
339638
339639
339640
339641
339642
339643
339644
339645
339646
339647
339648
339649
339650
339651
339652
339653
339654
339655
339656
339657
339658
339659
339660
339661
339662
339663
339664
339665
339666
339667
339668
339669
339670
339671
339672
339673
339674
339675
339676
339677
339678
339679
339680
339681
339682
339683
339684
339685
339686
339687
339688
339689
339690
339691
339692
339693
339694
339695
339696
339697
339698
339699
339700
339701
339702
339703
339704
339705
339706
339707
339708
339709
339710
339711
339740
339741
339742
339743
339744
339745
339746
339747
339748
339749
339750
339751
339752
339753
339754
339755
339756
339757
339758
339759
339760
339761
339762
339763
339764
339765
339766
339767
339768
339769
339770
339771
339772
339773
339774
339775
339776
339777
339778
339779
339780
339781
339782
339783
339784
339785
339786
339787
339788
339789
339790
339791
339792
339793
339794
339795
339796
339797
339798
339799
339800
339801
339802
339803
339804
339805
339806
339807
339808
339809
339810
339811
339812
339813
339814
339815
339816
339817
339818
339819
339820
339821
339822
339823
339824
339825
339826
339827
339828
339829
339830
339860
339861
339862
339863
339864
339865
339866
339867
339868
339869
339870
339871
339872
339873
339874
339875
339876
339877
339878
339879
339880
339881
339882
339883
339884
339885
339886
339887
339888
339889
339890
339891
339892
339893
339894
339895
339896
339897
339898
339899
339900
339901
339902
339903
339904
339905
339906
339907
339908
339909
339910
339911
339912
339913
339914
339915
339916
339917
339918
339919
339920
339921
339922
339923
339924
339925
339926
339927
339928
339929
339930
339931
339932
339933
339934
339935
339936
339937
339938
339939
339940
339941
339942
339943
339944
339945
339946
339947
339948
339949
339980
339981
339982
339983
339984
339985
339986
339987
339988
339989
339990
339991
339992
339993
339994
339995
339996
339997
339998
339999
340000
340001
340002
340003
340004
340005
340006
340007
340008
340009
340010
340011
340012
340013
340014
340015
340016
340017
340018
340019
340020
340021
340022
340023
340024
340025
340026
340027
340028
340029
340030
340031
340032
340033
340034
340035
340036
340037
340038
340039
340040
340041
340042
340043
340044
340045
340046
340047
340048
340049
340050
340051
340052
340053
340054
340055
340056
340057
340058
340059
340060
340061
340062
340063
340064
340065
340066
340067
340068
340100
340101
340102
340103
340104
340105
340106
340107
340108
340109
340110
340111
340112
340113
340114
340115
340116
340117
340118
340119
340120
340121
340122
340123
340124
340125
340126
340127
340128
340129
340130
340131
340132
340133
340134
340135
340136
340137
340138
340139
340140
340141
340142
340143
340144
340145
340146
340147
340148
340149
340150
340151
340152
340153
340154
340155
340156
340157
340158
340159
340160
340161
340162
340163
340164
340165
340166
340167
340168
340169
340170
340171
340172
340173
340174
340175
340176
340177
340178
340179
340180
340181
340182
340183
340184
340185
340186
340187
340221
340222
340223
340224
340225
340226
340227
340228
340229
340230
340231
340232
340233
340234
340235
340236
340237
340238
340239
340240
340241
340242
340243
340244
340245
340246
340247
340248
340249
340250
340251
340252
340253
340254
340255
340256
340257
340258
340259
340260
340261
340262
340263
340264
340265
340266
340267
340268
340269
340270
340271
340272
340273
340274
340275
340276
340277
340278
340279
340280
340281
340282
340283
340284
340285
340286
340287
340288
340289
340290
340291
340292
340293
340294
340295
340296
340297
340298
340299
340300
340301
340302
340303
340304
340305
340341
340342
340343
340344
340345
340346
340347
340348
340349
340350
340351
340352
340353
340354
340355
340356
340357
340358
340359
340360
340361
340362
340363
340364
340365
340366
340367
340368
340369
340370
340371
340372
340373
340374
340375
340376
340377
340378
340379
340380
340381
340382
340383
340384
340385
340386
340387
340388
340389
340390
340391
340392
340393
340394
340395
340396
340397
340398
340399
340400
340401
340402
340403
340404
340405
340406
340407
340408
340409
340410
340411
340412
340413
340414
340415
340416
340417
340418
340419
340420
340421
340422
340423
340461
340462
340463
340464
340465
340466
340467
340468
340469
340470
340471
340472
340473
340474
340475
340476
340477
340478
340479
340480
340481
340482
340483
340484
340485
340486
340487
340488
340489
340490
340491
340492
340493
340494
340495
340496
340497
340498
340499
340500
340501
340502
340503
340504
340505
340506
340507
340508
340509
340510
340511
340512
340513
340514
340515
340516
340517
340518
340519
340520
340521
340522
340523
340524
340525
340526
340527
340528
340529
340530
340531
340532
340533
340534
340535
340536
340537
340538
340539
340540
340541
340542
340543
340544
340581
340582
340583
340584
340585
340586
340587
340588
340589
340590
340591
340592
340593
340594
340595
340596
340597
340598
340599
340600
340601
340602
340603
340604
340605
340606
340607
340608
340609
340610
340611
340612
340613
340614
340615
340616
340617
340618
340619
340620
340621
340622
340623
340624
340625
340626
340627
340628
340629
340630
340631
340632
340633
340634
340635
340636
340637
340638
340639
340640
340641
340642
340643
340644
340645
340646
340647
340648
340649
340650
340651
340652
340653
340654
340655
340656
340657
340658
340659
340660
340661
340662
340663
340664
340702
340703
340704
340705
340706
340707
340708
340709
340710
340711
340712
340713
340714
340715
340716
340717
340718
340719
340720
340721
340722
340723
340724
340725
340726
340727
340728
340729
340730
340731
340732
340733
340734
340735
340736
340737
340738
340739
340740
340741
340742
340743
340744
340745
340746
340747
340748
340749
340750
340751
340752
340753
340754
340755
340756
340757
340758
340759
340760
340761
340762
340763
340764
340765
340766
340767
340768
340769
340770
340771
340772
340773
340774
340775
340776
340777
340778
340779
340780
340781
340782
340783
340784
340822
340823
340824
340825
340826
340827
340828
340829
340830
340831
340832
340833
340834
340835
340836
340837
340838
340839
340840
340841
340842
340843
340844
340845
340846
340847
340848
340849
340850
340851
340852
340853
340854
340855
340856
340857
340858
340859
340860
340861
340862
340863
340864
340865
340866
340867
340868
340869
340870
340871
340872
340873
340874
340875
340876
340877
340878
340879
340880
340881
340882
340883
340884
340885
340886
340887
340888
340889
340890
340891
340892
340893
340894
340895
340896
340897
340898
340899
340900
340901
340902
340903
340943
340944
340945
340946
340947
340948
340949
340950
340951
340952
340953
340954
340955
340956
340957
340958
340959
340960
340961
340962
340963
340964
340965
340966
340967
340968
340969
340970
340971
340972
340973
340974
340975
340976
340977
340978
340979
340980
340981
340982
340983
340984
340985
340986
340987
340988
340989
340990
340991
340992
340993
340994
340995
340996
340997
340998
340999
341000
341001
341002
341003
341004
341005
341006
341007
341008
341009
341010
341011
341012
341013
341014
341015
341016
341017
341018
341019
341020
341021
341022
341023
341063
341064
341065
341066
341067
341068
341069
341070
341071
341072
341073
341074
341075
341076
341077
341078
341079
341080
341081
341082
341083
341084
341085
341086
341087
341088
341089
341090
341091
341092
341093
341094
341095
341096
341097
341098
341099
341100
341101
341102
341103
341104
341105
341106
341107
341108
341109
341110
341111
341112
341113
341114
341115
341116
341117
341118
341119
341120
341121
341122
341123
341124
341125
341126
341127
341128
341129
341130
341131
341132
341133
341134
341135
341136
341137
341138
341139
341140
341141
341142
341143
341184
341185
341186
341187
341188
341189
341190
341191
341192
341193
341194
341195
341196
341197
341198
341199
341200
341201
341202
341203
341204
341205
341206
341207
341208
341209
341210
341211
341212
341213
341214
341215
341216
341217
341218
341219
341220
341221
341222
341223
341224
341225
341226
341227
341228
341229
341230
341231
341232
341233
341234
341235
341236
341237
341238
341239
341240
341241
341242
341243
341244
341245
341246
341247
341248
341249
341250
341251
341252
341253
341254
341255
341256
341257
341258
341259
341260
341261
341262
341263
341305
341306
341307
341308
341309
341310
341311
341312
341313
341314
341315
341316
341317
341318
341319
341320
341321
341322
341323
341324
341325
341326
341327
341328
341329
341330
341331
341332
341333
341334
341335
341336
341337
341338
341339
341340
341341
341342
341343
341344
341345
341346
341347
341348
341349
341350
341351
341352
341353
341354
341355
341356
341357
341358
341359
341360
341361
341362
341363
341364
341365
341366
341367
341368
341369
341370
341371
341372
341373
341374
341375
341376
341377
341378
341379
341380
341381
341382
341426
341427
341428
341429
341430
341431
341432
341433
341434
341435
341436
341437
341438
341439
341440
341441
341442
341443
341444
341445
341446
341447
341448
341449
341450
341451
341452
341453
341454
341455
341456
341457
341458
341459
341460
341461
341462
341463
341464
341465
341466
341467
341468
341469
341470
341471
341472
341473
341474
341475
341476
341477
341478
341479
341480
341481
341482
341483
341484
341485
341486
341487
341488
341489
341490
341491
341492
341493
341494
341495
341496
341497
341498
341499
341500
341501
341502
341548
341549
341550
341551
341552
341553
341554
341555
341556
341557
341558
341559
341560
341561
341562
341563
341564
341565
341566
341567
341568
341569
341570
341571
341572
341573
341574
341575
341576
341577
341578
341579
341580
341581
341582
341583
341584
341585
341586
341587
341588
341589
341590
341591
341592
341593
341594
341595
341596
341597
341598
341599
341600
341601
341602
341603
341604
341605
341606
341607
341608
341609
341610
341611
341612
341613
341614
341615
341616
341617
341618
341619
341620
341621
341670
341671
341672
341673
341674
341675
341676
341677
341678
341679
341680
341681
341682
341683
341684
341685
341686
341687
341688
341689
341690
341691
341692
341693
341694
341695
341696
341697
341698
341699
341700
341701
341702
341703
341704
341705
341706
341707
341708
341709
341710
341711
341712
341713
341714
341715
341716
341717
341718
341719
341720
341721
341722
341723
341724
341725
341726
341727
341728
341729
341730
341731
341732
341733
341734
341735
341736
341737
341738
341739
341740
341792
341793
341794
341795
341796
341797
341798
341799
341800
341801
341802
341803
341804
341805
341806
341807
341808
341809
341810
341811
341812
341813
341814
341815
341816
341817
341818
341819
341820
341821
341822
341823
341824
341825
341826
341827
341828
341829
341830
341831
341832
341833
341834
341835
341836
341837
341838
341839
341840
341841
341842
341843
341844
341845
341846
341847
341848
341849
341850
341851
341852
341853
341854
341855
341856
341857
341858
341859
341916
341917
341918
341919
341920
341921
341922
341923
341924
341925
341926
341927
341928
341929
341930
341931
341932
341933
341934
341935
341936
341937
341938
341939
341940
341941
341942
341943
341944
341945
341946
341947
341948
341949
341950
341951
341952
341953
341954
341955
341956
341957
341958
341959
341960
341961
341962
341963
341964
341965
341966
341967
341968
341969
341970
341971
341972
341973
341974
341975
341976
341977
342040
342041
342042
342045
342046
342047
342048
342049
342050
342051
342052
342053
342054
342055
342056
342057
342058
342059
342060
342061
342062
342063
342064
342065
342066
342067
342068
342069
342070
342071
342072
342073
342074
342075
342076
342077
342078
342079
342080
342081
342082
342083
342084
342085
342086
342087
342090
342091
342092
342093
342170
342171
342172
342173
342174
342175
342176
342177
342178
342179
342180
342181
342182
342183
342184
342185
342186
342187
342188
342189
342190
342191
342192
342193
342194
342195
342196
342197
342198
342199
342200
342201
342202
342203
342204
342205
342206
342294
342295
342296
342297
342298
342299
342300
342301
342302
342303
342304
342305
342306
342307
342308
342309
342310
342311
342312
342313
342314
342315
342316
342317
342318
342319
342320
342321
342322
342323
342324
342325
342417
342418
342419
342420
342421
342422
342423
342424
342425
342426
342427
342428
342429
342430
342431
342432
342433
342434
342435
342436
342437
342438
342439
342440
342441
342442
342443
342444
342540
342541
342542
342543
342544
342545
342546
342547
342548
342549
342550
342551
342552
342553
342554
342555
342556
342557
342558
342559
342560
342561
342562
342563
342661
342662
342663
342664
342665
342666
342667
342668
342669
342670
342671
342672
342673
342674
342675
342676
342677
342678
342679
342680
342681
342682
342782
342783
342784
342785
342786
342787
342788
342789
342790
342791
342792
342793
342794
342795
342796
342797
342798
342799
342800
342801
342903
342904
342905
342906
342907
342908
342909
342910
342911
342912
342913
342914
342915
342916
342917
342918
342919
343025
343026
343027
343028
343029
343030
343031
343032
343033
343034
343035
343036
343037
343038
343147
343148
343149
343150
343151
343152
343153
343154
343155
343156
343271
343272
347334
347450
347451
347452
347453
347454
347455
347456
347457
347458
347566
347567
347568
347569
347570
347571
347572
347573
347574
347575
347576
347577
347578
347579
347580
347581
347582
347683
347684
347685
347686
347687
347688
347689
347690
347691
347692
347693
347694
347695
347696
347697
347698
347699
347700
347701
347702
347703
347704
347705
347706
347800
347801
347802
347803
347804
347805
347806
347807
347808
347809
347810
347811
347812
347813
347814
347815
347816
347817
347818
347819
347820
347821
347822
347823
347824
347825
347826
347827
347918
347919
347920
347921
347922
347923
347924
347925
347926
347927
347928
347929
347930
347931
347932
347933
347934
347935
347936
347937
347938
347939
347940
347941
347942
347943
347944
347945
347946
347947
347948
347949
347950
348036
348037
348038
348039
348040
348041
348042
348043
348044
348045
348046
348047
348048
348049
348050
348051
348052
348053
348054
348055
348056
348057
348058
348059
348060
348061
348062
348063
348064
348065
348066
348067
348068
348069
348070
348071
348155
348156
348157
348158
348159
348160
348161
348162
348163
348164
348165
348166
348167
348168
348169
348170
348171
348172
348173
348174
348175
348176
348177
348178
348179
348180
348181
348182
348183
348184
348185
348186
348187
348188
348189
348190
348191
348192
348273
348274
348275
348276
348277
348278
348279
348280
348281
348282
348283
348284
348285
348286
348287
348288
348289
348290
348291
348292
348293
348294
348295
348296
348297
348298
348299
348300
348301
348302
348303
348304
348305
348306
348307
348308
348309
348310
348311
348312
348313
348391
348392
348393
348394
348395
348396
348397
348398
348399
348400
348401
348402
348403
348404
348405
348406
348407
348408
348409
348410
348411
348412
348413
348414
348415
348416
348417
348418
348419
348420
348421
348422
348423
348424
348425
348426
348427
348428
348429
348430
348431
348432
348433
348434
348509
348510
348511
348512
348513
348514
348515
348516
348517
348518
348519
348520
348521
348522
348523
348524
348525
348526
348527
348528
348529
348530
348531
348532
348533
348534
348535
348536
348537
348538
348539
348540
348541
348542
348543
348544
348545
348546
348547
348548
348549
348550
348551
348552
348553
348554
348628
348629
348630
348631
348632
348633
348634
348635
348636
348637
348638
348639
348640
348641
348642
348643
348644
348645
348646
348647
348648
348649
348650
348651
348652
348653
348654
348655
348656
348657
348658
348659
348660
348661
348662
348663
348664
348665
348666
348667
348668
348669
348670
348671
348672
348673
348674
348747
348748
348749
348750
348751
348752
348753
348754
348755
348756
348757
348758
348759
348760
348761
348762
348763
348764
348765
348766
348767
348768
348769
348770
348771
348772
348773
348774
348775
348776
348777
348778
348779
348780
348781
348782
348783
348784
348785
348786
348787
348788
348789
348790
348791
348792
348793
348794
348795
348866
348867
348868
348869
348870
348871
348872
348873
348874
348875
348876
348877
348878
348879
348880
348881
348882
348883
348884
348885
348886
348887
348888
348889
348890
348891
348892
348893
348894
348895
348896
348897
348898
348899
348900
348901
348902
348903
348904
348905
348906
348907
348908
348909
348910
348911
348912
348913
348914
348915
348985
348986
348987
348988
348989
348990
348991
348992
348993
348994
348995
348996
348997
348998
348999
349000
349001
349002
349003
349004
349005
349006
349007
349008
349009
349010
349011
349012
349013
349014
349015
349016
349017
349018
349019
349020
349021
349022
349023
349024
349025
349026
349027
349028
349029
349030
349031
349032
349033
349034
349035
349104
349105
349106
349107
349108
349109
349110
349111
349112
349113
349114
349115
349116
349117
349118
349119
349120
349121
349122
349123
349124
349125
349126
349127
349128
349129
349130
349131
349132
349133
349134
349135
349136
349137
349138
349139
349140
349141
349142
349143
349144
349145
349146
349147
349148
349149
349150
349151
349152
349153
349154
349155
349156
349223
349224
349225
349226
349227
349228
349229
349230
349231
349232
349233
349234
349235
349236
349237
349238
349239
349240
349241
349242
349243
349244
349245
349246
349247
349248
349249
349250
349251
349252
349253
349254
349255
349256
349257
349258
349259
349260
349261
349262
349263
349264
349265
349266
349267
349268
349269
349270
349271
349272
349273
349274
349275
349276
349342
349343
349344
349345
349346
349347
349348
349349
349350
349351
349352
349353
349354
349355
349356
349357
349358
349359
349360
349361
349362
349363
349364
349365
349366
349367
349368
349369
349370
349371
349372
349373
349374
349375
349376
349377
349378
349379
349380
349381
349382
349383
349384
349385
349386
349387
349388
349389
349390
349391
349392
349393
349394
349395
349396
349462
349463
349464
349465
349466
349467
349468
349469
349470
349471
349472
349473
349474
349475
349476
349477
349478
349479
349480
349481
349482
349483
349484
349485
349486
349487
349488
349489
349490
349491
349492
349493
349494
349495
349496
349497
349498
349499
349500
349501
349502
349503
349504
349505
349506
349507
349508
349509
349510
349511
349512
349513
349514
349515
349516
349517
349581
349582
349583
349584
349585
349586
349587
349588
349589
349590
349591
349592
349593
349594
349595
349596
349597
349598
349599
349600
349601
349602
349603
349604
349605
349606
349607
349608
349609
349610
349611
349612
349613
349614
349615
349616
349617
349618
349619
349620
349621
349622
349623
349624
349625
349626
349627
349628
349629
349630
349631
349632
349633
349634
349635
349636
349637
349638
349639
349640
349641
349642
349643
349644
349700
349701
349702
349703
349704
349705
349706
349707
349708
349709
349710
349711
349712
349713
349714
349715
349716
349717
349718
349719
349720
349721
349722
349723
349724
349725
349726
349727
349728
349729
349730
349731
349732
349733
349734
349735
349736
349737
349738
349739
349740
349741
349742
349743
349744
349745
349746
349747
349748
349749
349750
349751
349752
349753
349754
349755
349756
349757
349758
349759
349760
349761
349762
349763
349764
349765
349766
349767
349768
349820
349821
349822
349823
349824
349825
349826
349827
349828
349829
349830
349831
349832
349833
349834
349835
349836
349837
349838
349839
349840
349841
349842
349843
349844
349845
349846
349847
349848
349849
349850
349851
349852
349853
349854
349855
349856
349857
349858
349859
349860
349861
349862
349863
349864
349865
349866
349867
349868
349869
349870
349871
349872
349873
349874
349875
349876
349877
349878
349879
349880
349881
349882
349883
349884
349885
349886
349887
349888
349889
349890
349939
349940
349941
349942
349943
349944
349945
349946
349947
349948
349949
349950
349951
349952
349953
349954
349955
349956
349957
349958
349959
349960
349961
349962
349963
349964
349965
349966
349967
349968
349969
349970
349971
349972
349973
349974
349975
349976
349977
349978
349979
349980
349981
349982
349983
349984
349985
349986
349987
349988
349989
349990
349991
349992
349993
349994
349995
349996
349997
349998
349999
350000
350001
350002
350003
350004
350005
350006
350007
350008
350009
350010
350011
350012
350059
350060
350061
350062
350063
350064
350065
350066
350067
350068
350069
350070
350071
350072
350073
350074
350075
350076
350077
350078
350079
350080
350081
350082
350083
350084
350085
350086
350087
350088
350089
350090
350091
350092
350093
350094
350095
350096
350097
350098
350099
350100
350101
350102
350103
350104
350105
350106
350107
350108
350109
350110
350111
350112
350113
350114
350115
350116
350117
350118
350119
350120
350121
350122
350123
350124
350125
350126
350127
350128
350129
350130
350131
350132
350133
350134
350179
350180
350181
350182
350183
350184
350185
350186
350187
350188
350189
350190
350191
350192
350193
350194
350195
350196
350197
350198
350199
350200
350201
350202
350203
350204
350205
350206
350207
350208
350209
350210
350211
350212
350213
350214
350215
350216
350217
350218
350219
350220
350221
350222
350223
350224
350225
350226
350227
350228
350229
350230
350231
350232
350233
350234
350235
350236
350237
350238
350239
350240
350241
350242
350243
350244
350245
350246
350247
350248
350249
350250
350251
350252
350253
350254
350255
350256
350298
350299
350300
350301
350302
350303
350304
350305
350306
350307
350308
350309
350310
350311
350312
350313
350314
350315
350316
350317
350318
350319
350320
350321
350322
350323
350324
350325
350326
350327
350328
350329
350330
350331
350332
350333
350334
350335
350336
350337
350338
350339
350340
350341
350342
350343
350344
350345
350346
350347
350348
350349
350350
350351
350352
350353
350354
350355
350356
350357
350358
350359
350360
350361
350362
350363
350364
350365
350366
350367
350368
350369
350370
350371
350372
350373
350374
350375
350376
350377
350378
350379
350380
350381
350382
350383
350384
350418
350419
350420
350421
350422
350423
350424
350425
350426
350427
350428
350429
350430
350431
350432
350433
350434
350435
350436
350437
350438
350439
350440
350441
350442
350443
350444
350445
350446
350447
350448
350449
350450
350451
350452
350453
350454
350455
350456
350457
350458
350459
350460
350461
350462
350463
350464
350465
350466
350467
350468
350469
350470
350471
350472
350473
350474
350475
350476
350477
350478
350479
350480
350481
350482
350483
350484
350485
350486
350487
350488
350489
350490
350491
350492
350493
350494
350495
350496
350497
350498
350499
350500
350501
350502
350503
350504
350505
350506
350507
350538
350539
350540
350541
350542
350543
350544
350545
350546
350547
350548
350549
350550
350551
350552
350553
350554
350555
350556
350557
350558
350559
350560
350561
350562
350563
350564
350565
350566
350567
350568
350569
350570
350571
350572
350573
350574
350575
350576
350577
350578
350579
350580
350581
350582
350583
350584
350585
350586
350587
350588
350589
350590
350591
350592
350593
350594
350595
350596
350597
350598
350599
350600
350601
350602
350603
350604
350605
350606
350607
350608
350609
350610
350611
350612
350613
350614
350615
350616
350617
350618
350619
350620
350621
350622
350623
350624
350625
350626
350627
350628
350658
350659
350660
350661
350662
350663
350664
350665
350666
350667
350668
350669
350670
350671
350672
350673
350674
350675
350676
350677
350678
350679
350680
350681
350682
350683
350684
350685
350686
350687
350688
350689
350690
350691
350692
350693
350694
350695
350696
350697
350698
350699
350700
350701
350702
350703
350704
350705
350706
350707
350708
350709
350710
350711
350712
350713
350714
350715
350716
350717
350718
350719
350720
350721
350722
350723
350724
350725
350726
350727
350728
350729
350730
350731
350732
350733
350734
350735
350736
350737
350738
350739
350740
350741
350742
350743
350744
350745
350746
350747
350748
350749
350777
350778
350779
350780
350781
350782
350783
350784
350785
350786
350787
350788
350789
350790
350791
350792
350793
350794
350795
350796
350797
350798
350799
350800
350801
350802
350803
350804
350805
350806
350807
350808
350809
350810
350811
350812
350813
350814
350815
350816
350817
350818
350819
350820
350821
350822
350823
350824
350825
350826
350827
350828
350829
350830
350831
350832
350833
350834
350835
350836
350837
350838
350839
350840
350841
350842
350843
350844
350845
350846
350847
350848
350849
350850
350851
350852
350853
350854
350855
350856
350857
350858
350859
350860
350861
350862
350863
350864
350865
350866
350867
350868
350869
350870
350897
350898
350899
350900
350901
350902
350903
350904
350905
350906
350907
350908
350909
350910
350911
350912
350913
350914
350915
350916
350917
350918
350919
350920
350921
350922
350923
350924
350925
350926
350927
350928
350929
350930
350931
350932
350933
350934
350935
350936
350937
350938
350939
350940
350941
350942
350943
350944
350945
350946
350947
350948
350949
350950
350951
350952
350953
350954
350955
350956
350957
350958
350959
350960
350961
350962
350963
350964
350965
350966
350967
350968
350969
350970
350971
350972
350973
350974
350975
350976
350977
350978
350979
350980
350981
350982
350983
350984
350985
350986
350987
350988
350989
350990
350991
351017
351018
351019
351020
351021
351022
351023
351024
351025
351026
351027
351028
351029
351030
351031
351032
351033
351034
351035
351036
351037
351038
351039
351040
351041
351042
351043
351044
351045
351046
351047
351048
351049
351050
351051
351052
351053
351054
351055
351056
351057
351058
351059
351060
351061
351062
351063
351064
351065
351066
351067
351068
351069
351070
351071
351072
351073
351074
351075
351076
351077
351078
351079
351080
351081
351082
351083
351084
351085
351086
351087
351088
351089
351090
351091
351092
351093
351094
351095
351096
351097
351098
351099
351100
351101
351102
351103
351104
351105
351106
351107
351108
351109
351110
351111
351112
351137
351138
351139
351140
351141
351142
351143
351144
351145
351146
351147
351148
351149
351150
351151
351152
351153
351154
351155
351156
351157
351158
351159
351160
351161
351162
351163
351164
351165
351166
351167
351168
351169
351170
351171
351172
351173
351174
351175
351176
351177
351178
351179
351180
351181
351182
351183
351184
351185
351186
351187
351188
351189
351190
351191
351192
351193
351194
351195
351196
351197
351198
351199
351200
351201
351202
351203
351204
351205
351206
351207
351208
351209
351210
351211
351212
351213
351214
351215
351216
351217
351218
351219
351220
351221
351222
351223
351224
351225
351226
351227
351228
351229
351230
351231
351232
351256
351257
351258
351259
351260
351261
351262
351263
351264
351265
351266
351267
351268
351269
351270
351271
351272
351273
351274
351275
351276
351277
351278
351279
351280
351281
351282
351283
351284
351285
351286
351287
351288
351289
351290
351291
351292
351293
351294
351295
351296
351297
351298
351299
351300
351301
351302
351303
351304
351305
351306
351307
351308
351309
351310
351311
351312
351313
351314
351315
351316
351317
351318
351319
351320
351321
351322
351323
351324
351325
351326
351327
351328
351329
351330
351331
351332
351333
351334
351335
351336
351337
351338
351339
351340
351341
351342
351343
351344
351345
351346
351347
351348
351349
351350
351351
351352
351376
351377
351378
351379
351380
351381
351382
351383
351384
351385
351386
351387
351388
351389
351390
351391
351392
351393
351394
351395
351396
351397
351398
351399
351400
351401
351402
351403
351404
351405
351406
351407
351408
351409
351410
351411
351412
351413
351414
351415
351416
351417
351418
351419
351420
351421
351422
351423
351424
351425
351426
351427
351428
351429
351430
351431
351432
351433
351434
351435
351436
351437
351438
351439
351440
351441
351442
351443
351444
351445
351446
351447
351448
351449
351450
351451
351452
351453
351454
351455
351456
351457
351458
351459
351460
351461
351462
351463
351464
351465
351466
351467
351468
351469
351470
351471
351472
351473
351496
351497
351498
351499
351500
351501
351502
351503
351504
351505
351506
351507
351508
351509
351510
351511
351512
351513
351514
351515
351516
351517
351518
351519
351520
351521
351522
351523
351524
351525
351526
351527
351528
351529
351530
351531
351532
351533
351534
351535
351536
351537
351538
351539
351540
351541
351542
351543
351544
351545
351546
351547
351548
351549
351550
351551
351552
351553
351554
351555
351556
351557
351558
351559
351560
351561
351562
351563
351564
351565
351566
351567
351568
351569
351570
351571
351572
351573
351574
351575
351576
351577
351578
351579
351580
351581
351582
351583
351584
351585
351586
351587
351588
351589
351590
351591
351592
351593
351616
351617
351618
351619
351620
351621
351622
351623
351624
351625
351626
351627
351628
351629
351630
351631
351632
351633
351634
351635
351636
351637
351638
351639
351640
351641
351642
351643
351644
351645
351646
351647
351648
351649
351650
351651
351652
351653
351654
351655
351656
351657
351658
351659
351660
351661
351662
351663
351664
351665
351666
351667
351668
351669
351670
351671
351672
351673
351674
351675
351676
351677
351678
351679
351680
351681
351682
351683
351684
351685
351686
351687
351688
351689
351690
351691
351692
351693
351694
351695
351696
351697
351698
351699
351700
351701
351702
351703
351704
351705
351706
351707
351708
351709
351710
351711
351712
351713
351735
351736
351737
351738
351739
351740
351741
351742
351743
351744
351745
351746
351747
351748
351749
351750
351751
351752
351753
351754
351755
351756
351757
351758
351759
351760
351761
351762
351763
351764
351765
351766
351767
351768
351769
351770
351771
351772
351773
351774
351775
351776
351777
351778
351779
351780
351781
351782
351783
351784
351785
351786
351787
351788
351789
351790
351791
351792
351793
351794
351795
351796
351797
351798
351799
351800
351801
351802
351803
351804
351805
351806
351807
351808
351809
351810
351811
351812
351813
351814
351815
351816
351817
351818
351819
351820
351821
351822
351823
351824
351825
351826
351827
351828
351829
351830
351831
351832
351833
351834
351855
351856
351857
351858
351859
351860
351861
351862
351863
351864
351865
351866
351867
351868
351869
351870
351871
351872
351873
351874
351875
351876
351877
351878
351879
351880
351881
351882
351883
351884
351885
351886
351887
351888
351889
351890
351891
351892
351893
351894
351895
351896
351897
351898
351899
351900
351901
351902
351903
351904
351905
351906
351907
351908
351909
351910
351911
351912
351913
351914
351915
351916
351917
351918
351919
351920
351921
351922
351923
351924
351925
351926
351927
351928
351929
351930
351931
351932
351933
351934
351935
351936
351937
351938
351939
351940
351941
351942
351943
351944
351945
351946
351947
351948
351949
351950
351951
351952
351953
351954
351975
351976
351977
351978
351979
351980
351981
351982
351983
351984
351985
351986
351987
351988
351989
351990
351991
351992
351993
351994
351995
351996
351997
351998
351999
352000
352001
352002
352003
352004
352005
352006
352007
352008
352009
352010
352011
352012
352013
352014
352015
352016
352017
352018
352019
352020
352021
352022
352023
352024
352025
352026
352027
352028
352029
352030
352031
352032
352033
352034
352035
352036
352037
352038
352039
352040
352041
352042
352043
352044
352045
352046
352047
352048
352049
352050
352051
352052
352053
352054
352055
352056
352057
352058
352059
352060
352061
352062
352063
352064
352065
352066
352067
352068
352069
352070
352071
352072
352073
352074
352095
352096
352097
352098
352099
352100
352101
352102
352103
352104
352105
352106
352107
352108
352109
352110
352111
352112
352113
352114
352115
352116
352117
352118
352119
352120
352121
352122
352123
352124
352125
352126
352127
352128
352129
352130
352131
352132
352133
352134
352135
352136
352137
352138
352139
352140
352141
352142
352143
352144
352145
352146
352147
352148
352149
352150
352151
352152
352153
352154
352155
352156
352157
352158
352159
352160
352161
352162
352163
352164
352165
352166
352167
352168
352169
352170
352171
352172
352173
352174
352175
352176
352177
352178
352179
352180
352181
352182
352183
352184
352185
352186
352187
352188
352189
352190
352191
352192
352193
352194
352216
352217
352218
352219
352220
352221
352222
352223
352224
352225
352226
352227
352228
352229
352230
352231
352232
352233
352234
352235
352236
352237
352238
352239
352240
352241
352242
352243
352244
352245
352246
352247
352248
352249
352250
352251
352252
352253
352254
352255
352256
352257
352258
352259
352260
352261
352262
352263
352264
352265
352266
352267
352268
352269
352270
352271
352272
352273
352274
352275
352276
352277
352278
352279
352280
352281
352282
352283
352284
352285
352286
352287
352288
352289
352290
352291
352292
352293
352294
352295
352296
352297
352298
352299
352300
352301
352302
352303
352304
352305
352306
352307
352308
352309
352310
352311
352312
352313
352314
352315
352336
352337
352338
352339
352340
352341
352342
352343
352344
352345
352346
352347
352348
352349
352350
352351
352352
352353
352354
352355
352356
352357
352358
352359
352360
352361
352362
352363
352364
352365
352366
352367
352368
352369
352370
352371
352372
352373
352374
352375
352376
352377
352378
352379
352380
352381
352382
352383
352384
352385
352386
352387
352388
352389
352390
352391
352392
352393
352394
352395
352396
352397
352398
352399
352400
352401
352402
352403
352404
352405
352406
352407
352408
352409
352410
352411
352412
352413
352414
352415
352416
352417
352418
352419
352420
352421
352422
352423
352424
352425
352426
352427
352428
352429
352430
352431
352432
352433
352434
352435
352456
352457
352458
352459
352460
352461
352462
352463
352464
352465
352466
352467
352468
352469
352470
352471
352472
352473
352474
352475
352476
352477
352478
352479
352480
352481
352482
352483
352484
352485
352486
352487
352488
352489
352490
352491
352492
352493
352494
352495
352496
352497
352498
352499
352500
352501
352502
352503
352504
352505
352506
352507
352508
352509
352510
352511
352512
352513
352514
352515
352516
352517
352518
352519
352520
352521
352522
352523
352524
352525
352526
352527
352528
352529
352530
352531
352532
352533
352534
352535
352536
352537
352538
352539
352540
352541
352542
352543
352544
352545
352546
352547
352548
352549
352550
352551
352552
352553
352554
352555
352576
352577
352578
352579
352580
352581
352582
352583
352584
352585
352586
352587
352588
352589
352590
352591
352592
352593
352594
352595
352596
352597
352598
352599
352600
352601
352602
352603
352604
352605
352606
352607
352608
352609
352610
352611
352612
352613
352614
352615
352616
352617
352618
352619
352620
352621
352622
352623
352624
352625
352626
352627
352628
352629
352630
352631
352632
352633
352634
352635
352636
352637
352638
352639
352640
352641
352642
352643
352644
352645
352646
352647
352648
352649
352650
352651
352652
352653
352654
352655
352656
352657
352658
352659
352660
352661
352662
352663
352664
352665
352666
352667
352668
352669
352670
352671
352672
352673
352674
352675
352697
352698
352699
352700
352701
352702
352703
352704
352705
352706
352707
352708
352709
352710
352711
352712
352713
352714
352715
352716
352717
352718
352719
352720
352721
352722
352723
352724
352725
352726
352727
352728
352729
352730
352731
352732
352733
352734
352735
352736
352737
352738
352739
352740
352741
352742
352743
352744
352745
352746
352747
352748
352749
352750
352751
352752
352753
352754
352755
352756
352757
352758
352759
352760
352761
352762
352763
352764
352765
352766
352767
352768
352769
352770
352771
352772
352773
352774
352775
352776
352777
352778
352779
352780
352781
352782
352783
352784
352785
352786
352787
352788
352789
352790
352791
352792
352793
352794
352817
352818
352819
352820
352821
352822
352823
352824
352825
352826
352827
352828
352829
352830
352831
352832
352833
352834
352835
352836
352837
352838
352839
352840
352841
352842
352843
352844
352845
352846
352847
352848
352849
352850
352851
352852
352853
352854
352855
352856
352857
352858
352859
352860
352861
352862
352863
352864
352865
352866
352867
352868
352869
352870
352871
352872
352873
352874
352875
352876
352877
352878
352879
352880
352881
352882
352883
352884
352885
352886
352887
352888
352889
352890
352891
352892
352893
352894
352895
352896
352897
352898
352899
352900
352901
352902
352903
352904
352905
352906
352907
352908
352909
352910
352911
352912
352913
352914
352937
352938
352939
352940
352941
352942
352943
352944
352945
352946
352947
352948
352949
352950
352951
352952
352953
352954
352955
352956
352957
352958
352959
352960
352961
352962
352963
352964
352965
352966
352967
352968
352969
352970
352971
352972
352973
352974
352975
352976
352977
352978
352979
352980
352981
352982
352983
352984
352985
352986
352987
352988
352989
352990
352991
352992
352993
352994
352995
352996
352997
352998
352999
353000
353001
353002
353003
353004
353005
353006
353007
353008
353009
353010
353011
353012
353013
353014
353015
353016
353017
353018
353019
353020
353021
353022
353023
353024
353025
353026
353027
353028
353029
353030
353031
353032
353033
353034
353057
353058
353059
353060
353061
353062
353063
353064
353065
353066
353067
353068
353069
353070
353071
353072
353073
353074
353075
353076
353077
353078
353079
353080
353081
353082
353083
353084
353085
353086
353087
353088
353089
353090
353091
353092
353093
353094
353095
353096
353097
353098
353099
353100
353101
353102
353103
353104
353105
353106
353107
353108
353109
353110
353111
353112
353113
353114
353115
353116
353117
353118
353119
353120
353121
353122
353123
353124
353125
353126
353127
353128
353129
353130
353131
353132
353133
353134
353135
353136
353137
353138
353139
353140
353141
353142
353143
353144
353145
353146
353147
353148
353149
353150
353151
353152
353153
353154
353178
353179
353180
353181
353182
353183
353184
353185
353186
353187
353188
353189
353190
353191
353192
353193
353194
353195
353196
353197
353198
353199
353200
353201
353202
353203
353204
353205
353206
353207
353208
353209
353210
353211
353212
353213
353214
353215
353216
353217
353218
353219
353220
353221
353222
353223
353224
353225
353226
353227
353228
353229
353230
353231
353232
353233
353234
353235
353236
353237
353238
353239
353240
353241
353242
353243
353244
353245
353246
353247
353248
353249
353250
353251
353252
353253
353254
353255
353256
353257
353258
353259
353260
353261
353262
353263
353264
353265
353266
353267
353268
353269
353270
353271
353272
353273
353274
353298
353299
353300
353301
353302
353303
353304
353305
353306
353307
353308
353309
353310
353311
353312
353313
353314
353315
353316
353317
353318
353319
353320
353321
353322
353323
353324
353325
353326
353327
353328
353329
353330
353331
353332
353333
353334
353335
353336
353337
353338
353339
353340
353341
353342
353343
353344
353345
353346
353347
353348
353349
353350
353351
353352
353353
353354
353355
353356
353357
353358
353359
353360
353361
353362
353363
353364
353365
353366
353367
353368
353369
353370
353371
353372
353373
353374
353375
353376
353377
353378
353379
353380
353381
353382
353383
353384
353385
353386
353387
353388
353389
353390
353391
353392
353393
353394
353418
353419
353420
353421
353422
353423
353424
353425
353426
353427
353428
353429
353430
353431
353432
353433
353434
353435
353436
353437
353438
353439
353440
353441
353442
353443
353444
353445
353446
353447
353448
353449
353450
353451
353452
353453
353454
353455
353456
353457
353458
353459
353460
353461
353462
353463
353464
353465
353466
353467
353468
353469
353470
353471
353472
353473
353474
353475
353476
353477
353478
353479
353480
353481
353482
353483
353484
353485
353486
353487
353488
353489
353490
353491
353492
353493
353494
353495
353496
353497
353498
353499
353500
353501
353502
353503
353504
353505
353506
353507
353508
353509
353510
353511
353512
353513
353539
353540
353541
353542
353543
353544
353545
353546
353547
353548
353549
353550
353551
353552
353553
353554
353555
353556
353557
353558
353559
353560
353561
353562
353563
353564
353565
353566
353567
353568
353569
353570
353571
353572
353573
353574
353575
353576
353577
353578
353579
353580
353581
353582
353583
353584
353585
353586
353587
353588
353589
353590
353591
353592
353593
353594
353595
353596
353597
353598
353599
353600
353601
353602
353603
353604
353605
353606
353607
353608
353609
353610
353611
353612
353613
353614
353615
353616
353617
353618
353619
353620
353621
353622
353623
353624
353625
353626
353627
353628
353629
353630
353631
353632
353633
353659
353660
353661
353662
353663
353664
353665
353666
353667
353668
353669
353670
353671
353672
353673
353674
353675
353676
353677
353678
353679
353680
353681
353682
353683
353684
353685
353686
353687
353688
353689
353690
353691
353692
353693
353694
353695
353696
353697
353698
353699
353700
353701
353702
353703
353704
353705
353706
353707
353708
353709
353710
353711
353712
353713
353714
353715
353716
353717
353718
353719
353720
353721
353722
353723
353724
353725
353726
353727
353728
353729
353730
353731
353732
353733
353734
353735
353736
353737
353738
353739
353740
353741
353742
353743
353744
353745
353746
353747
353748
353749
353750
353751
353752
353753
353780
353781
353782
353783
353784
353785
353786
353787
353788
353789
353790
353791
353792
353793
353794
353795
353796
353797
353798
353799
353800
353801
353802
353803
353804
353805
353806
353807
353808
353809
353810
353811
353812
353813
353814
353815
353816
353817
353818
353819
353820
353821
353822
353823
353824
353825
353826
353827
353828
353829
353830
353831
353832
353833
353834
353835
353836
353837
353838
353839
353840
353841
353842
353843
353844
353845
353846
353847
353848
353849
353850
353851
353852
353853
353854
353855
353856
353857
353858
353859
353860
353861
353862
353863
353864
353865
353866
353867
353868
353869
353870
353871
353872
353873
353900
353901
353902
353903
353904
353905
353906
353907
353908
353909
353910
353911
353912
353913
353914
353915
353916
353917
353918
353919
353920
353921
353922
353923
353924
353925
353926
353927
353928
353929
353930
353931
353932
353933
353934
353935
353936
353937
353938
353939
353940
353941
353942
353943
353944
353945
353946
353947
353948
353949
353950
353951
353952
353953
353954
353955
353956
353957
353958
353959
353960
353961
353962
353963
353964
353965
353966
353967
353968
353969
353970
353971
353972
353973
353974
353975
353976
353977
353978
353979
353980
353981
353982
353983
353984
353985
353986
353987
353988
353989
353990
353991
353992
354019
354020
354021
354022
354023
354024
354025
354026
354027
354028
354029
354030
354031
354032
354033
354034
354035
354036
354037
354038
354039
354040
354041
354042
354043
354044
354045
354046
354047
354048
354049
354050
354051
354052
354053
354054
354055
354056
354057
354058
354059
354060
354061
354062
354063
354064
354065
354066
354067
354068
354069
354070
354071
354072
354073
354074
354075
354076
354077
354078
354079
354080
354081
354082
354083
354084
354085
354086
354087
354088
354089
354090
354091
354092
354093
354094
354095
354096
354097
354098
354099
354100
354101
354102
354103
354104
354105
354106
354107
354108
354109
354110
354111
354112
354139
354140
354141
354142
354143
354144
354145
354146
354147
354148
354149
354150
354151
354152
354153
354154
354155
354156
354157
354158
354159
354160
354161
354162
354163
354164
354165
354166
354167
354168
354169
354170
354171
354172
354173
354174
354175
354176
354177
354178
354179
354180
354181
354182
354183
354184
354185
354186
354187
354188
354189
354190
354191
354192
354193
354194
354195
354196
354197
354198
354199
354200
354201
354202
354203
354204
354205
354206
354207
354208
354209
354210
354211
354212
354213
354214
354215
354216
354217
354218
354219
354220
354221
354222
354223
354224
354225
354226
354227
354228
354229
354230
354231
354259
354260
354261
354262
354263
354264
354265
354266
354267
354268
354269
354270
354271
354272
354273
354274
354275
354276
354277
354278
354279
354280
354281
354282
354283
354284
354285
354286
354287
354288
354289
354290
354291
354292
354293
354294
354295
354296
354297
354298
354299
354300
354301
354302
354303
354304
354305
354306
354307
354308
354309
354310
354311
354312
354313
354314
354315
354316
354317
354318
354319
354320
354321
354322
354323
354324
354325
354326
354327
354328
354329
354330
354331
354332
354333
354334
354335
354336
354337
354338
354339
354340
354341
354342
354343
354344
354345
354346
354347
354348
354349
354350
354379
354380
354381
354382
354383
354384
354385
354386
354387
354388
354389
354390
354391
354392
354393
354394
354395
354396
354397
354398
354399
354400
354401
354402
354403
354404
354405
354406
354407
354408
354409
354410
354411
354412
354413
354414
354415
354416
354417
354418
354419
354420
354421
354422
354423
354424
354425
354426
354427
354428
354429
354430
354431
354432
354433
354434
354435
354436
354437
354438
354439
354440
354441
354442
354443
354444
354445
354446
354447
354448
354449
354450
354451
354452
354453
354454
354455
354456
354457
354458
354459
354460
354461
354462
354463
354464
354465
354466
354467
354468
354469
354499
354500
354501
354502
354503
354504
354505
354506
354507
354508
354509
354510
354511
354512
354513
354514
354515
354516
354517
354518
354519
354520
354521
354522
354523
354524
354525
354526
354527
354528
354529
354530
354531
354532
354533
354534
354535
354536
354537
354538
354539
354540
354541
354542
354543
354544
354545
354546
354547
354548
354549
354550
354551
354552
354553
354554
354555
354556
354557
354558
354559
354560
354561
354562
354563
354564
354565
354566
354567
354568
354569
354570
354571
354572
354573
354574
354575
354576
354577
354578
354579
354580
354581
354582
354583
354584
354585
354586
354587
354588
354620
354621
354622
354623
354624
354625
354626
354627
354628
354629
354630
354631
354632
354633
354634
354635
354636
354637
354638
354639
354640
354641
354642
354643
354644
354645
354646
354647
354648
354649
354650
354651
354652
354653
354654
354655
354656
354657
354658
354659
354660
354661
354662
354663
354664
354665
354666
354667
354668
354669
354670
354671
354672
354673
354674
354675
354676
354677
354678
354679
354680
354681
354682
354683
354684
354685
354686
354687
354688
354689
354690
354691
354692
354693
354694
354695
354696
354697
354698
354699
354700
354701
354702
354703
354704
354705
354706
354707
354740
354741
354742
354743
354744
354745
354746
354747
354748
354749
354750
354751
354752
354753
354754
354755
354756
354757
354758
354759
354760
354761
354762
354763
354764
354765
354766
354767
354768
354769
354770
354771
354772
354773
354774
354775
354776
354777
354778
354779
354780
354781
354782
354783
354784
354785
354786
354787
354788
354789
354790
354791
354792
354793
354794
354795
354796
354797
354798
354799
354800
354801
354802
354803
354804
354805
354806
354807
354808
354809
354810
354811
354812
354813
354814
354815
354816
354817
354818
354819
354820
354821
354822
354823
354824
354825
354860
354861
354862
354863
354864
354865
354866
354867
354868
354869
354870
354871
354872
354873
354874
354875
354876
354877
354878
354879
354880
354881
354882
354883
354884
354885
354886
354887
354888
354889
354890
354891
354892
354893
354894
354895
354896
354897
354898
354899
354900
354901
354902
354903
354904
354905
354906
354907
354908
354909
354910
354911
354912
354913
354914
354915
354916
354917
354918
354919
354920
354921
354922
354923
354924
354925
354926
354927
354928
354929
354930
354931
354932
354933
354934
354935
354936
354937
354938
354939
354940
354941
354942
354943
354944
354945
354980
354981
354982
354983
354984
354985
354986
354987
354988
354989
354990
354991
354992
354993
354994
354995
354996
354997
354998
354999
355000
355001
355002
355003
355004
355005
355006
355007
355008
355009
355010
355011
355012
355013
355014
355015
355016
355017
355018
355019
355020
355021
355022
355023
355024
355025
355026
355027
355028
355029
355030
355031
355032
355033
355034
355035
355036
355037
355038
355039
355040
355041
355042
355043
355044
355045
355046
355047
355048
355049
355050
355051
355052
355053
355054
355055
355056
355057
355058
355059
355060
355061
355062
355063
355064
355065
355101
355102
355103
355104
355105
355106
355107
355108
355109
355110
355111
355112
355113
355114
355115
355116
355117
355118
355119
355120
355121
355122
355123
355124
355125
355126
355127
355128
355129
355130
355131
355132
355133
355134
355135
355136
355137
355138
355139
355140
355141
355142
355143
355144
355145
355146
355147
355148
355149
355150
355151
355152
355153
355154
355155
355156
355157
355158
355159
355160
355161
355162
355163
355164
355165
355166
355167
355168
355169
355170
355171
355172
355173
355174
355175
355176
355177
355178
355179
355180
355181
355182
355183
355184
355185
355221
355222
355223
355224
355225
355226
355227
355228
355229
355230
355231
355232
355233
355234
355235
355236
355237
355238
355239
355240
355241
355242
355243
355244
355245
355246
355247
355248
355249
355250
355251
355252
355253
355254
355255
355256
355257
355258
355259
355260
355261
355262
355263
355264
355265
355266
355267
355268
355269
355270
355271
355272
355273
355274
355275
355276
355277
355278
355279
355280
355281
355282
355283
355284
355285
355286
355287
355288
355289
355290
355291
355292
355293
355294
355295
355296
355297
355298
355299
355300
355301
355302
355303
355304
355341
355342
355343
355344
355345
355346
355347
355348
355349
355350
355351
355352
355353
355354
355355
355356
355357
355358
355359
355360
355361
355362
355363
355364
355365
355366
355367
355368
355369
355370
355371
355372
355373
355374
355375
355376
355377
355378
355379
355380
355381
355382
355383
355384
355385
355386
355387
355388
355389
355390
355391
355392
355393
355394
355395
355396
355397
355398
355399
355400
355401
355402
355403
355404
355405
355406
355407
355408
355409
355410
355411
355412
355413
355414
355415
355416
355417
355418
355419
355420
355421
355422
355423
355424
355462
355463
355464
355465
355466
355467
355468
355469
355470
355471
355472
355473
355474
355475
355476
355477
355478
355479
355480
355481
355482
355483
355484
355485
355486
355487
355488
355489
355490
355491
355492
355493
355494
355495
355496
355497
355498
355499
355500
355501
355502
355503
355504
355505
355506
355507
355508
355509
355510
355511
355512
355513
355514
355515
355516
355517
355518
355519
355520
355521
355522
355523
355524
355525
355526
355527
355528
355529
355530
355531
355532
355533
355534
355535
355536
355537
355538
355539
355540
355541
355542
355543
355544
355583
355584
355585
355586
355587
355588
355589
355590
355591
355592
355593
355594
355595
355596
355597
355598
355599
355600
355601
355602
355603
355604
355605
355606
355607
355608
355609
355610
355611
355612
355613
355614
355615
355616
355617
355618
355619
355620
355621
355622
355623
355624
355625
355626
355627
355628
355629
355630
355631
355632
355633
355634
355635
355636
355637
355638
355639
355640
355641
355642
355643
355644
355645
355646
355647
355648
355649
355650
355651
355652
355653
355654
355655
355656
355657
355658
355659
355660
355661
355662
355663
355664
355704
355705
355706
355707
355708
355709
355710
355711
355712
355713
355714
355715
355716
355717
355718
355719
355720
355721
355722
355723
355724
355725
355726
355727
355728
355729
355730
355731
355732
355733
355734
355735
355736
355737
355738
355739
355740
355741
355742
355743
355744
355745
355746
355747
355748
355749
355750
355751
355752
355753
355754
355755
355756
355757
355758
355759
355760
355761
355762
355763
355764
355765
355766
355767
355768
355769
355770
355771
355772
355773
355774
355775
355776
355777
355778
355779
355780
355781
355782
355783
355825
355826
355827
355828
355829
355830
355831
355832
355833
355834
355835
355836
355837
355838
355839
355840
355841
355842
355843
355844
355845
355846
355847
355848
355849
355850
355851
355852
355853
355854
355855
355856
355857
355858
355859
355860
355861
355862
355863
355864
355865
355866
355867
355868
355869
355870
355871
355872
355873
355874
355875
355876
355877
355878
355879
355880
355881
355882
355883
355884
355885
355886
355887
355888
355889
355890
355891
355892
355893
355894
355895
355896
355897
355898
355899
355900
355901
355902
355903
355946
355947
355948
355949
355950
355951
355952
355953
355954
355955
355956
355957
355958
355959
355960
355961
355962
355963
355964
355965
355966
355967
355968
355969
355970
355971
355972
355973
355974
355975
355976
355977
355978
355979
355980
355981
355982
355983
355984
355985
355986
355987
355988
355989
355990
355991
355992
355993
355994
355995
355996
355997
355998
355999
356000
356001
356002
356003
356004
356005
356006
356007
356008
356009
356010
356011
356012
356013
356014
356015
356016
356017
356018
356019
356020
356021
356022
356068
356069
356070
356071
356072
356073
356074
356075
356076
356077
356078
356079
356080
356081
356082
356083
356084
356085
356086
356087
356088
356089
356090
356091
356092
356093
356094
356095
356096
356097
356098
356099
356100
356101
356102
356103
356104
356105
356106
356107
356108
356109
356110
356111
356112
356113
356114
356115
356116
356117
356118
356119
356120
356121
356122
356123
356124
356125
356126
356127
356128
356129
356130
356131
356132
356133
356134
356135
356136
356137
356138
356139
356140
356141
356189
356190
356191
356192
356193
356194
356195
356196
356197
356198
356199
356200
356201
356202
356203
356204
356205
356206
356207
356208
356209
356210
356211
356212
356213
356214
356215
356216
356217
356218
356219
356220
356221
356222
356223
356224
356225
356226
356227
356228
356229
356230
356231
356232
356233
356234
356235
356236
356237
356238
356239
356240
356241
356242
356243
356244
356245
356246
356247
356248
356249
356250
356251
356252
356253
356254
356255
356256
356257
356258
356259
356260
356312
356313
356314
356315
356316
356317
356318
356319
356320
356321
356322
356323
356324
356325
356326
356327
356328
356329
356330
356331
356332
356333
356334
356335
356336
356337
356338
356339
356340
356341
356342
356343
356344
356345
356346
356347
356348
356349
356350
356351
356352
356353
356354
356355
356356
356357
356358
356359
356360
356361
356362
356363
356364
356365
356366
356367
356368
356369
356370
356371
356372
356373
356374
356375
356376
356377
356378
356379
356436
356437
356438
356439
356440
356441
356442
356443
356444
356445
356446
356447
356448
356449
356450
356451
356452
356453
356454
356455
356456
356457
356458
356459
356460
356461
356462
356463
356464
356465
356466
356467
356468
356469
356470
356471
356472
356473
356474
356475
356476
356477
356478
356479
356480
356481
356482
356483
356484
356485
356486
356487
356488
356489
356490
356491
356492
356493
356494
356495
356496
356497
356560
356561
356562
356565
356566
356567
356568
356569
356570
356571
356572
356573
356574
356575
356576
356577
356578
356579
356580
356581
356582
356583
356584
356585
356586
356587
356588
356589
356590
356591
356592
356593
356594
356595
356596
356597
356598
356599
356600
356601
356602
356603
356604
356605
356606
356607
356610
356611
356612
356613
356690
356691
356692
356693
356694
356695
356696
356697
356698
356699
356700
356701
356702
356703
356704
356705
356706
356707
356708
356709
356710
356711
356712
356713
356714
356715
356716
356717
356718
356719
356720
356721
356722
356723
356724
356725
356726
356727
356814
356815
356816
356817
356818
356819
356820
356821
356822
356823
356824
356825
356826
356827
356828
356829
356830
356831
356832
356833
356834
356835
356836
356837
356838
356839
356840
356841
356842
356843
356844
356845
356846
356937
356938
356939
356940
356941
356942
356943
356944
356945
356946
356947
356948
356949
356950
356951
356952
356953
356954
356955
356956
356957
356958
356959
356960
356961
356962
356963
356964
356965
357059
357060
357061
357062
357063
357064
357065
357066
357067
357068
357069
357070
357071
357072
357073
357074
357075
357076
357077
357078
357079
357080
357081
357082
357083
357084
357180
357181
357182
357183
357184
357185
357186
357187
357188
357189
357190
357191
357192
357193
357194
357195
357196
357197
357198
357199
357200
357201
357202
357203
357301
357302
357303
357304
357305
357306
357307
357308
357309
357310
357311
357312
357313
357314
357315
357316
357317
357318
357319
357320
357321
357423
357424
357425
357426
357427
357428
357429
357430
357431
357432
357433
357434
357435
357436
357437
357438
357439
357440
357545
357546
357547
357548
357549
357550
357551
357552
357553
357554
357555
357556
357557
357558
357667
357668
357669
357670
357671
357672
357673
357674
357675
357676
357791
357792
361614
361730
361731
361732
361733
361734
361735
361736
361737
361738
361846
361847
361848
361849
361850
361851
361852
361853
361854
361855
361856
361857
361858
361859
361860
361861
361862
361963
361964
361965
361966
361967
361968
361969
361970
361971
361972
361973
361974
361975
361976
361977
361978
361979
361980
361981
361982
361983
361984
361985
361986
362080
362081
362082
362083
362084
362085
362086
362087
362088
362089
362090
362091
362092
362093
362094
362095
362096
362097
362098
362099
362100
362101
362102
362103
362104
362105
362106
362107
362108
362198
362199
362200
362201
362202
362203
362204
362205
362206
362207
362208
362209
362210
362211
362212
362213
362214
362215
362216
362217
362218
362219
362220
362221
362222
362223
362224
362225
362226
362227
362228
362229
362230
362316
362317
362318
362319
362320
362321
362322
362323
362324
362325
362326
362327
362328
362329
362330
362331
362332
362333
362334
362335
362336
362337
362338
362339
362340
362341
362342
362343
362344
362345
362346
362347
362348
362349
362350
362351
362352
362434
362435
362436
362437
362438
362439
362440
362441
362442
362443
362444
362445
362446
362447
362448
362449
362450
362451
362452
362453
362454
362455
362456
362457
362458
362459
362460
362461
362462
362463
362464
362465
362466
362467
362468
362469
362470
362471
362472
362473
362553
362554
362555
362556
362557
362558
362559
362560
362561
362562
362563
362564
362565
362566
362567
362568
362569
362570
362571
362572
362573
362574
362575
362576
362577
362578
362579
362580
362581
362582
362583
362584
362585
362586
362587
362588
362589
362590
362591
362592
362593
362594
362671
362672
362673
362674
362675
362676
362677
362678
362679
362680
362681
362682
362683
362684
362685
362686
362687
362688
362689
362690
362691
362692
362693
362694
362695
362696
362697
362698
362699
362700
362701
362702
362703
362704
362705
362706
362707
362708
362709
362710
362711
362712
362713
362714
362789
362790
362791
362792
362793
362794
362795
362796
362797
362798
362799
362800
362801
362802
362803
362804
362805
362806
362807
362808
362809
362810
362811
362812
362813
362814
362815
362816
362817
362818
362819
362820
362821
362822
362823
362824
362825
362826
362827
362828
362829
362830
362831
362832
362833
362834
362835
362907
362908
362909
362910
362911
362912
362913
362914
362915
362916
362917
362918
362919
362920
362921
362922
362923
362924
362925
362926
362927
362928
362929
362930
362931
362932
362933
362934
362935
362936
362937
362938
362939
362940
362941
362942
362943
362944
362945
362946
362947
362948
362949
362950
362951
362952
362953
362954
362955
363026
363027
363028
363029
363030
363031
363032
363033
363034
363035
363036
363037
363038
363039
363040
363041
363042
363043
363044
363045
363046
363047
363048
363049
363050
363051
363052
363053
363054
363055
363056
363057
363058
363059
363060
363061
363062
363063
363064
363065
363066
363067
363068
363069
363070
363071
363072
363073
363074
363075
363145
363146
363147
363148
363149
363150
363151
363152
363153
363154
363155
363156
363157
363158
363159
363160
363161
363162
363163
363164
363165
363166
363167
363168
363169
363170
363171
363172
363173
363174
363175
363176
363177
363178
363179
363180
363181
363182
363183
363184
363185
363186
363187
363188
363189
363190
363191
363192
363193
363194
363195
363196
363264
363265
363266
363267
363268
363269
363270
363271
363272
363273
363274
363275
363276
363277
363278
363279
363280
363281
363282
363283
363284
363285
363286
363287
363288
363289
363290
363291
363292
363293
363294
363295
363296
363297
363298
363299
363300
363301
363302
363303
363304
363305
363306
363307
363308
363309
363310
363311
363312
363313
363314
363315
363316
363383
363384
363385
363386
363387
363388
363389
363390
363391
363392
363393
363394
363395
363396
363397
363398
363399
363400
363401
363402
363403
363404
363405
363406
363407
363408
363409
363410
363411
363412
363413
363414
363415
363416
363417
363418
363419
363420
363421
363422
363423
363424
363425
363426
363427
363428
363429
363430
363431
363432
363433
363434
363435
363436
363502
363503
363504
363505
363506
363507
363508
363509
363510
363511
363512
363513
363514
363515
363516
363517
363518
363519
363520
363521
363522
363523
363524
363525
363526
363527
363528
363529
363530
363531
363532
363533
363534
363535
363536
363537
363538
363539
363540
363541
363542
363543
363544
363545
363546
363547
363548
363549
363550
363551
363552
363553
363554
363555
363556
363557
363622
363623
363624
363625
363626
363627
363628
363629
363630
363631
363632
363633
363634
363635
363636
363637
363638
363639
363640
363641
363642
363643
363644
363645
363646
363647
363648
363649
363650
363651
363652
363653
363654
363655
363656
363657
363658
363659
363660
363661
363662
363663
363664
363665
363666
363667
363668
363669
363670
363671
363672
363673
363674
363675
363676
363677
363741
363742
363743
363744
363745
363746
363747
363748
363749
363750
363751
363752
363753
363754
363755
363756
363757
363758
363759
363760
363761
363762
363763
363764
363765
363766
363767
363768
363769
363770
363771
363772
363773
363774
363775
363776
363777
363778
363779
363780
363781
363782
363783
363784
363785
363786
363787
363788
363789
363790
363791
363792
363793
363794
363795
363796
363797
363860
363861
363862
363863
363864
363865
363866
363867
363868
363869
363870
363871
363872
363873
363874
363875
363876
363877
363878
363879
363880
363881
363882
363883
363884
363885
363886
363887
363888
363889
363890
363891
363892
363893
363894
363895
363896
363897
363898
363899
363900
363901
363902
363903
363904
363905
363906
363907
363908
363909
363910
363911
363912
363913
363914
363915
363916
363917
363918
363919
363920
363921
363922
363923
363924
363980
363981
363982
363983
363984
363985
363986
363987
363988
363989
363990
363991
363992
363993
363994
363995
363996
363997
363998
363999
364000
364001
364002
364003
364004
364005
364006
364007
364008
364009
364010
364011
364012
364013
364014
364015
364016
364017
364018
364019
364020
364021
364022
364023
364024
364025
364026
364027
364028
364029
364030
364031
364032
364033
364034
364035
364036
364037
364038
364039
364040
364041
364042
364043
364044
364045
364046
364047
364048
364099
364100
364101
364102
364103
364104
364105
364106
364107
364108
364109
364110
364111
364112
364113
364114
364115
364116
364117
364118
364119
364120
364121
364122
364123
364124
364125
364126
364127
364128
364129
364130
364131
364132
364133
364134
364135
364136
364137
364138
364139
364140
364141
364142
364143
364144
364145
364146
364147
364148
364149
364150
364151
364152
364153
364154
364155
364156
364157
364158
364159
364160
364161
364162
364163
364164
364165
364166
364167
364168
364169
364170
364219
364220
364221
364222
364223
364224
364225
364226
364227
364228
364229
364230
364231
364232
364233
364234
364235
364236
364237
364238
364239
364240
364241
364242
364243
364244
364245
364246
364247
364248
364249
364250
364251
364252
364253
364254
364255
364256
364257
364258
364259
364260
364261
364262
364263
364264
364265
364266
364267
364268
364269
364270
364271
364272
364273
364274
364275
364276
364277
364278
364279
364280
364281
364282
364283
364284
364285
364286
364287
364288
364289
364290
364291
364292
364338
364339
364340
364341
364342
364343
364344
364345
364346
364347
364348
364349
364350
364351
364352
364353
364354
364355
364356
364357
364358
364359
364360
364361
364362
364363
364364
364365
364366
364367
364368
364369
364370
364371
364372
364373
364374
364375
364376
364377
364378
364379
364380
364381
364382
364383
364384
364385
364386
364387
364388
364389
364390
364391
364392
364393
364394
364395
364396
364397
364398
364399
364400
364401
364402
364403
364404
364405
364406
364407
364408
364409
364410
364411
364412
364413
364414
364458
364459
364460
364461
364462
364463
364464
364465
364466
364467
364468
364469
364470
364471
364472
364473
364474
364475
364476
364477
364478
364479
364480
364481
364482
364483
364484
364485
364486
364487
364488
364489
364490
364491
364492
364493
364494
364495
364496
364497
364498
364499
364500
364501
364502
364503
364504
364505
364506
364507
364508
364509
364510
364511
364512
364513
364514
364515
364516
364517
364518
364519
364520
364521
364522
364523
364524
364525
364526
364527
364528
364529
364530
364531
364532
364533
364534
364535
364536
364578
364579
364580
364581
364582
364583
364584
364585
364586
364587
364588
364589
364590
364591
364592
364593
364594
364595
364596
364597
364598
364599
364600
364601
364602
364603
364604
364605
364606
364607
364608
364609
364610
364611
364612
364613
364614
364615
364616
364617
364618
364619
364620
364621
364622
364623
364624
364625
364626
364627
364628
364629
364630
364631
364632
364633
364634
364635
364636
364637
364638
364639
364640
364641
364642
364643
364644
364645
364646
364647
364648
364649
364650
364651
364652
364653
364654
364655
364656
364657
364658
364659
364660
364661
364662
364663
364664
364697
364698
364699
364700
364701
364702
364703
364704
364705
364706
364707
364708
364709
364710
364711
364712
364713
364714
364715
364716
364717
364718
364719
364720
364721
364722
364723
364724
364725
364726
364727
364728
364729
364730
364731
364732
364733
364734
364735
364736
364737
364738
364739
364740
364741
364742
364743
364744
364745
364746
364747
364748
364749
364750
364751
364752
364753
364754
364755
364756
364757
364758
364759
364760
364761
364762
364763
364764
364765
364766
364767
364768
364769
364770
364771
364772
364773
364774
364775
364776
364777
364778
364779
364780
364781
364782
364783
364784
364785
364786
364787
364817
364818
364819
364820
364821
364822
364823
364824
364825
364826
364827
364828
364829
364830
364831
364832
364833
364834
364835
364836
364837
364838
364839
364840
364841
364842
364843
364844
364845
364846
364847
364848
364849
364850
364851
364852
364853
364854
364855
364856
364857
364858
364859
364860
364861
364862
364863
364864
364865
364866
364867
364868
364869
364870
364871
364872
364873
364874
364875
364876
364877
364878
364879
364880
364881
364882
364883
364884
364885
364886
364887
364888
364889
364890
364891
364892
364893
364894
364895
364896
364897
364898
364899
364900
364901
364902
364903
364904
364905
364906
364907
364908
364909
364937
364938
364939
364940
364941
364942
364943
364944
364945
364946
364947
364948
364949
364950
364951
364952
364953
364954
364955
364956
364957
364958
364959
364960
364961
364962
364963
364964
364965
364966
364967
364968
364969
364970
364971
364972
364973
364974
364975
364976
364977
364978
364979
364980
364981
364982
364983
364984
364985
364986
364987
364988
364989
364990
364991
364992
364993
364994
364995
364996
364997
364998
364999
365000
365001
365002
365003
365004
365005
365006
365007
365008
365009
365010
365011
365012
365013
365014
365015
365016
365017
365018
365019
365020
365021
365022
365023
365024
365025
365026
365027
365028
365029
365030
365057
365058
365059
365060
365061
365062
365063
365064
365065
365066
365067
365068
365069
365070
365071
365072
365073
365074
365075
365076
365077
365078
365079
365080
365081
365082
365083
365084
365085
365086
365087
365088
365089
365090
365091
365092
365093
365094
365095
365096
365097
365098
365099
365100
365101
365102
365103
365104
365105
365106
365107
365108
365109
365110
365111
365112
365113
365114
365115
365116
365117
365118
365119
365120
365121
365122
365123
365124
365125
365126
365127
365128
365129
365130
365131
365132
365133
365134
365135
365136
365137
365138
365139
365140
365141
365142
365143
365144
365145
365146
365147
365148
365149
365150
365151
365176
365177
365178
365179
365180
365181
365182
365183
365184
365185
365186
365187
365188
365189
365190
365191
365192
365193
365194
365195
365196
365197
365198
365199
365200
365201
365202
365203
365204
365205
365206
365207
365208
365209
365210
365211
365212
365213
365214
365215
365216
365217
365218
365219
365220
365221
365222
365223
365224
365225
365226
365227
365228
365229
365230
365231
365232
365233
365234
365235
365236
365237
365238
365239
365240
365241
365242
365243
365244
365245
365246
365247
365248
365249
365250
365251
365252
365253
365254
365255
365256
365257
365258
365259
365260
365261
365262
365263
365264
365265
365266
365267
365268
365269
365270
365271
365272
365296
365297
365298
365299
365300
365301
365302
365303
365304
365305
365306
365307
365308
365309
365310
365311
365312
365313
365314
365315
365316
365317
365318
365319
365320
365321
365322
365323
365324
365325
365326
365327
365328
365329
365330
365331
365332
365333
365334
365335
365336
365337
365338
365339
365340
365341
365342
365343
365344
365345
365346
365347
365348
365349
365350
365351
365352
365353
365354
365355
365356
365357
365358
365359
365360
365361
365362
365363
365364
365365
365366
365367
365368
365369
365370
365371
365372
365373
365374
365375
365376
365377
365378
365379
365380
365381
365382
365383
365384
365385
365386
365387
365388
365389
365390
365391
365392
365416
365417
365418
365419
365420
365421
365422
365423
365424
365425
365426
365427
365428
365429
365430
365431
365432
365433
365434
365435
365436
365437
365438
365439
365440
365441
365442
365443
365444
365445
365446
365447
365448
365449
365450
365451
365452
365453
365454
365455
365456
365457
365458
365459
365460
365461
365462
365463
365464
365465
365466
365467
365468
365469
365470
365471
365472
365473
365474
365475
365476
365477
365478
365479
365480
365481
365482
365483
365484
365485
365486
365487
365488
365489
365490
365491
365492
365493
365494
365495
365496
365497
365498
365499
365500
365501
365502
365503
365504
365505
365506
365507
365508
365509
365510
365511
365512
365513
365536
365537
365538
365539
365540
365541
365542
365543
365544
365545
365546
365547
365548
365549
365550
365551
365552
365553
365554
365555
365556
365557
365558
365559
365560
365561
365562
365563
365564
365565
365566
365567
365568
365569
365570
365571
365572
365573
365574
365575
365576
365577
365578
365579
365580
365581
365582
365583
365584
365585
365586
365587
365588
365589
365590
365591
365592
365593
365594
365595
365596
365597
365598
365599
365600
365601
365602
365603
365604
365605
365606
365607
365608
365609
365610
365611
365612
365613
365614
365615
365616
365617
365618
365619
365620
365621
365622
365623
365624
365625
365626
365627
365628
365629
365630
365631
365632
365633
365655
365656
365657
365658
365659
365660
365661
365662
365663
365664
365665
365666
365667
365668
365669
365670
365671
365672
365673
365674
365675
365676
365677
365678
365679
365680
365681
365682
365683
365684
365685
365686
365687
365688
365689
365690
365691
365692
365693
365694
365695
365696
365697
365698
365699
365700
365701
365702
365703
365704
365705
365706
365707
365708
365709
365710
365711
365712
365713
365714
365715
365716
365717
365718
365719
365720
365721
365722
365723
365724
365725
365726
365727
365728
365729
365730
365731
365732
365733
365734
365735
365736
365737
365738
365739
365740
365741
365742
365743
365744
365745
365746
365747
365748
365749
365750
365751
365752
365753
365775
365776
365777
365778
365779
365780
365781
365782
365783
365784
365785
365786
365787
365788
365789
365790
365791
365792
365793
365794
365795
365796
365797
365798
365799
365800
365801
365802
365803
365804
365805
365806
365807
365808
365809
365810
365811
365812
365813
365814
365815
365816
365817
365818
365819
365820
365821
365822
365823
365824
365825
365826
365827
365828
365829
365830
365831
365832
365833
365834
365835
365836
365837
365838
365839
365840
365841
365842
365843
365844
365845
365846
365847
365848
365849
365850
365851
365852
365853
365854
365855
365856
365857
365858
365859
365860
365861
365862
365863
365864
365865
365866
365867
365868
365869
365870
365871
365872
365873
365874
365895
365896
365897
365898
365899
365900
365901
365902
365903
365904
365905
365906
365907
365908
365909
365910
365911
365912
365913
365914
365915
365916
365917
365918
365919
365920
365921
365922
365923
365924
365925
365926
365927
365928
365929
365930
365931
365932
365933
365934
365935
365936
365937
365938
365939
365940
365941
365942
365943
365944
365945
365946
365947
365948
365949
365950
365951
365952
365953
365954
365955
365956
365957
365958
365959
365960
365961
365962
365963
365964
365965
365966
365967
365968
365969
365970
365971
365972
365973
365974
365975
365976
365977
365978
365979
365980
365981
365982
365983
365984
365985
365986
365987
365988
365989
365990
365991
365992
365993
365994
366015
366016
366017
366018
366019
366020
366021
366022
366023
366024
366025
366026
366027
366028
366029
366030
366031
366032
366033
366034
366035
366036
366037
366038
366039
366040
366041
366042
366043
366044
366045
366046
366047
366048
366049
366050
366051
366052
366053
366054
366055
366056
366057
366058
366059
366060
366061
366062
366063
366064
366065
366066
366067
366068
366069
366070
366071
366072
366073
366074
366075
366076
366077
366078
366079
366080
366081
366082
366083
366084
366085
366086
366087
366088
366089
366090
366091
366092
366093
366094
366095
366096
366097
366098
366099
366100
366101
366102
366103
366104
366105
366106
366107
366108
366109
366110
366111
366112
366113
366114
366134
366135
366136
366137
366138
366139
366140
366141
366142
366143
366144
366145
366146
366147
366148
366149
366150
366151
366152
366153
366154
366155
366156
366157
366158
366159
366160
366161
366162
366163
366164
366165
366166
366167
366168
366169
366170
366171
366172
366173
366174
366175
366176
366177
366178
366179
366180
366181
366182
366183
366184
366185
366186
366187
366188
366189
366190
366191
366192
366193
366194
366195
366196
366197
366198
366199
366200
366201
366202
366203
366204
366205
366206
366207
366208
366209
366210
366211
366212
366213
366214
366215
366216
366217
366218
366219
366220
366221
366222
366223
366224
366225
366226
366227
366228
366229
366230
366231
366232
366233
366234
366235
366254
366255
366256
366257
366258
366259
366260
366261
366262
366263
366264
366265
366266
366267
366268
366269
366270
366271
366272
366273
366274
366275
366276
366277
366278
366279
366280
366281
366282
366283
366284
366285
366286
366287
366288
366289
366290
366291
366292
366293
366294
366295
366296
366297
366298
366299
366300
366301
366302
366303
366304
366305
366306
366307
366308
366309
366310
366311
366312
366313
366314
366315
366316
366317
366318
366319
366320
366321
366322
366323
366324
366325
366326
366327
366328
366329
366330
366331
366332
366333
366334
366335
366336
366337
366338
366339
366340
366341
366342
366343
366344
366345
366346
366347
366348
366349
366350
366351
366352
366353
366354
366355
366374
366375
366376
366377
366378
366379
366380
366381
366382
366383
366384
366385
366386
366387
366388
366389
366390
366391
366392
366393
366394
366395
366396
366397
366398
366399
366400
366401
366402
366403
366404
366405
366406
366407
366408
366409
366410
366411
366412
366413
366414
366415
366416
366417
366418
366419
366420
366421
366422
366423
366424
366425
366426
366427
366428
366429
366430
366431
366432
366433
366434
366435
366436
366437
366438
366439
366440
366441
366442
366443
366444
366445
366446
366447
366448
366449
366450
366451
366452
366453
366454
366455
366456
366457
366458
366459
366460
366461
366462
366463
366464
366465
366466
366467
366468
366469
366470
366471
366472
366473
366474
366475
366494
366495
366496
366497
366498
366499
366500
366501
366502
366503
366504
366505
366506
366507
366508
366509
366510
366511
366512
366513
366514
366515
366516
366517
366518
366519
366520
366521
366522
366523
366524
366525
366526
366527
366528
366529
366530
366531
366532
366533
366534
366535
366536
366537
366538
366539
366540
366541
366542
366543
366544
366545
366546
366547
366548
366549
366550
366551
366552
366553
366554
366555
366556
366557
366558
366559
366560
366561
366562
366563
366564
366565
366566
366567
366568
366569
366570
366571
366572
366573
366574
366575
366576
366577
366578
366579
366580
366581
366582
366583
366584
366585
366586
366587
366588
366589
366590
366591
366592
366593
366594
366595
366615
366616
366617
366618
366619
366620
366621
366622
366623
366624
366625
366626
366627
366628
366629
366630
366631
366632
366633
366634
366635
366636
366637
366638
366639
366640
366641
366642
366643
366644
366645
366646
366647
366648
366649
366650
366651
366652
366653
366654
366655
366656
366657
366658
366659
366660
366661
366662
366663
366664
366665
366666
366667
366668
366669
366670
366671
366672
366673
366674
366675
366676
366677
366678
366679
366680
366681
366682
366683
366684
366685
366686
366687
366688
366689
366690
366691
366692
366693
366694
366695
366696
366697
366698
366699
366700
366701
366702
366703
366704
366705
366706
366707
366708
366709
366710
366711
366712
366713
366714
366715
366716
366735
366736
366737
366738
366739
366740
366741
366742
366743
366744
366745
366746
366747
366748
366749
366750
366751
366752
366753
366754
366755
366756
366757
366758
366759
366760
366761
366762
366763
366764
366765
366766
366767
366768
366769
366770
366771
366772
366773
366774
366775
366776
366777
366778
366779
366780
366781
366782
366783
366784
366785
366786
366787
366788
366789
366790
366791
366792
366793
366794
366795
366796
366797
366798
366799
366800
366801
366802
366803
366804
366805
366806
366807
366808
366809
366810
366811
366812
366813
366814
366815
366816
366817
366818
366819
366820
366821
366822
366823
366824
366825
366826
366827
366828
366829
366830
366831
366832
366833
366834
366835
366836
366855
366856
366857
366858
366859
366860
366861
366862
366863
366864
366865
366866
366867
366868
366869
366870
366871
366872
366873
366874
366875
366876
366877
366878
366879
366880
366881
366882
366883
366884
366885
366886
366887
366888
366889
366890
366891
366892
366893
366894
366895
366896
366897
366898
366899
366900
366901
366902
366903
366904
366905
366906
366907
366908
366909
366910
366911
366912
366913
366914
366915
366916
366917
366918
366919
366920
366921
366922
366923
366924
366925
366926
366927
366928
366929
366930
366931
366932
366933
366934
366935
366936
366937
366938
366939
366940
366941
366942
366943
366944
366945
366946
366947
366948
366949
366950
366951
366952
366953
366954
366955
366956
366975
366976
366977
366978
366979
366980
366981
366982
366983
366984
366985
366986
366987
366988
366989
366990
366991
366992
366993
366994
366995
366996
366997
366998
366999
367000
367001
367002
367003
367004
367005
367006
367007
367008
367009
367010
367011
367012
367013
367014
367015
367016
367017
367018
367019
367020
367021
367022
367023
367024
367025
367026
367027
367028
367029
367030
367031
367032
367033
367034
367035
367036
367037
367038
367039
367040
367041
367042
367043
367044
367045
367046
367047
367048
367049
367050
367051
367052
367053
367054
367055
367056
367057
367058
367059
367060
367061
367062
367063
367064
367065
367066
367067
367068
367069
367070
367071
367072
367073
367074
367075
367076
367096
367097
367098
367099
367100
367101
367102
367103
367104
367105
367106
367107
367108
367109
367110
367111
367112
367113
367114
367115
367116
367117
367118
367119
367120
367121
367122
367123
367124
367125
367126
367127
367128
367129
367130
367131
367132
367133
367134
367135
367136
367137
367138
367139
367140
367141
367142
367143
367144
367145
367146
367147
367148
367149
367150
367151
367152
367153
367154
367155
367156
367157
367158
367159
367160
367161
367162
367163
367164
367165
367166
367167
367168
367169
367170
367171
367172
367173
367174
367175
367176
367177
367178
367179
367180
367181
367182
367183
367184
367185
367186
367187
367188
367189
367190
367191
367192
367193
367194
367195
367216
367217
367218
367219
367220
367221
367222
367223
367224
367225
367226
367227
367228
367229
367230
367231
367232
367233
367234
367235
367236
367237
367238
367239
367240
367241
367242
367243
367244
367245
367246
367247
367248
367249
367250
367251
367252
367253
367254
367255
367256
367257
367258
367259
367260
367261
367262
367263
367264
367265
367266
367267
367268
367269
367270
367271
367272
367273
367274
367275
367276
367277
367278
367279
367280
367281
367282
367283
367284
367285
367286
367287
367288
367289
367290
367291
367292
367293
367294
367295
367296
367297
367298
367299
367300
367301
367302
367303
367304
367305
367306
367307
367308
367309
367310
367311
367312
367313
367314
367315
367336
367337
367338
367339
367340
367341
367342
367343
367344
367345
367346
367347
367348
367349
367350
367351
367352
367353
367354
367355
367356
367357
367358
367359
367360
367361
367362
367363
367364
367365
367366
367367
367368
367369
367370
367371
367372
367373
367374
367375
367376
367377
367378
367379
367380
367381
367382
367383
367384
367385
367386
367387
367388
367389
367390
367391
367392
367393
367394
367395
367396
367397
367398
367399
367400
367401
367402
367403
367404
367405
367406
367407
367408
367409
367410
367411
367412
367413
367414
367415
367416
367417
367418
367419
367420
367421
367422
367423
367424
367425
367426
367427
367428
367429
367430
367431
367432
367433
367434
367435
367456
367457
367458
367459
367460
367461
367462
367463
367464
367465
367466
367467
367468
367469
367470
367471
367472
367473
367474
367475
367476
367477
367478
367479
367480
367481
367482
367483
367484
367485
367486
367487
367488
367489
367490
367491
367492
367493
367494
367495
367496
367497
367498
367499
367500
367501
367502
367503
367504
367505
367506
367507
367508
367509
367510
367511
367512
367513
367514
367515
367516
367517
367518
367519
367520
367521
367522
367523
367524
367525
367526
367527
367528
367529
367530
367531
367532
367533
367534
367535
367536
367537
367538
367539
367540
367541
367542
367543
367544
367545
367546
367547
367548
367549
367550
367551
367552
367553
367554
367555
367577
367578
367579
367580
367581
367582
367583
367584
367585
367586
367587
367588
367589
367590
367591
367592
367593
367594
367595
367596
367597
367598
367599
367600
367601
367602
367603
367604
367605
367606
367607
367608
367609
367610
367611
367612
367613
367614
367615
367616
367617
367618
367619
367620
367621
367622
367623
367624
367625
367626
367627
367628
367629
367630
367631
367632
367633
367634
367635
367636
367637
367638
367639
367640
367641
367642
367643
367644
367645
367646
367647
367648
367649
367650
367651
367652
367653
367654
367655
367656
367657
367658
367659
367660
367661
367662
367663
367664
367665
367666
367667
367668
367669
367670
367671
367672
367673
367674
367675
367697
367698
367699
367700
367701
367702
367703
367704
367705
367706
367707
367708
367709
367710
367711
367712
367713
367714
367715
367716
367717
367718
367719
367720
367721
367722
367723
367724
367725
367726
367727
367728
367729
367730
367731
367732
367733
367734
367735
367736
367737
367738
367739
367740
367741
367742
367743
367744
367745
367746
367747
367748
367749
367750
367751
367752
367753
367754
367755
367756
367757
367758
367759
367760
367761
367762
367763
367764
367765
367766
367767
367768
367769
367770
367771
367772
367773
367774
367775
367776
367777
367778
367779
367780
367781
367782
367783
367784
367785
367786
367787
367788
367789
367790
367791
367792
367793
367794
367795
367817
367818
367819
367820
367821
367822
367823
367824
367825
367826
367827
367828
367829
367830
367831
367832
367833
367834
367835
367836
367837
367838
367839
367840
367841
367842
367843
367844
367845
367846
367847
367848
367849
367850
367851
367852
367853
367854
367855
367856
367857
367858
367859
367860
367861
367862
367863
367864
367865
367866
367867
367868
367869
367870
367871
367872
367873
367874
367875
367876
367877
367878
367879
367880
367881
367882
367883
367884
367885
367886
367887
367888
367889
367890
367891
367892
367893
367894
367895
367896
367897
367898
367899
367900
367901
367902
367903
367904
367905
367906
367907
367908
367909
367910
367911
367912
367913
367914
367938
367939
367940
367941
367942
367943
367944
367945
367946
367947
367948
367949
367950
367951
367952
367953
367954
367955
367956
367957
367958
367959
367960
367961
367962
367963
367964
367965
367966
367967
367968
367969
367970
367971
367972
367973
367974
367975
367976
367977
367978
367979
367980
367981
367982
367983
367984
367985
367986
367987
367988
367989
367990
367991
367992
367993
367994
367995
367996
367997
367998
367999
368000
368001
368002
368003
368004
368005
368006
368007
368008
368009
368010
368011
368012
368013
368014
368015
368016
368017
368018
368019
368020
368021
368022
368023
368024
368025
368026
368027
368028
368029
368030
368031
368032
368033
368034
368058
368059
368060
368061
368062
368063
368064
368065
368066
368067
368068
368069
368070
368071
368072
368073
368074
368075
368076
368077
368078
368079
368080
368081
368082
368083
368084
368085
368086
368087
368088
368089
368090
368091
368092
368093
368094
368095
368096
368097
368098
368099
368100
368101
368102
368103
368104
368105
368106
368107
368108
368109
368110
368111
368112
368113
368114
368115
368116
368117
368118
368119
368120
368121
368122
368123
368124
368125
368126
368127
368128
368129
368130
368131
368132
368133
368134
368135
368136
368137
368138
368139
368140
368141
368142
368143
368144
368145
368146
368147
368148
368149
368150
368151
368152
368153
368154
368179
368180
368181
368182
368183
368184
368185
368186
368187
368188
368189
368190
368191
368192
368193
368194
368195
368196
368197
368198
368199
368200
368201
368202
368203
368204
368205
368206
368207
368208
368209
368210
368211
368212
368213
368214
368215
368216
368217
368218
368219
368220
368221
368222
368223
368224
368225
368226
368227
368228
368229
368230
368231
368232
368233
368234
368235
368236
368237
368238
368239
368240
368241
368242
368243
368244
368245
368246
368247
368248
368249
368250
368251
368252
368253
368254
368255
368256
368257
368258
368259
368260
368261
368262
368263
368264
368265
368266
368267
368268
368269
368270
368271
368272
368273
368274
368299
368300
368301
368302
368303
368304
368305
368306
368307
368308
368309
368310
368311
368312
368313
368314
368315
368316
368317
368318
368319
368320
368321
368322
368323
368324
368325
368326
368327
368328
368329
368330
368331
368332
368333
368334
368335
368336
368337
368338
368339
368340
368341
368342
368343
368344
368345
368346
368347
368348
368349
368350
368351
368352
368353
368354
368355
368356
368357
368358
368359
368360
368361
368362
368363
368364
368365
368366
368367
368368
368369
368370
368371
368372
368373
368374
368375
368376
368377
368378
368379
368380
368381
368382
368383
368384
368385
368386
368387
368388
368389
368390
368391
368392
368393
368418
368419
368420
368421
368422
368423
368424
368425
368426
368427
368428
368429
368430
368431
368432
368433
368434
368435
368436
368437
368438
368439
368440
368441
368442
368443
368444
368445
368446
368447
368448
368449
368450
368451
368452
368453
368454
368455
368456
368457
368458
368459
368460
368461
368462
368463
368464
368465
368466
368467
368468
368469
368470
368471
368472
368473
368474
368475
368476
368477
368478
368479
368480
368481
368482
368483
368484
368485
368486
368487
368488
368489
368490
368491
368492
368493
368494
368495
368496
368497
368498
368499
368500
368501
368502
368503
368504
368505
368506
368507
368508
368509
368510
368511
368512
368513
368538
368539
368540
368541
368542
368543
368544
368545
368546
368547
368548
368549
368550
368551
368552
368553
368554
368555
368556
368557
368558
368559
368560
368561
368562
368563
368564
368565
368566
368567
368568
368569
368570
368571
368572
368573
368574
368575
368576
368577
368578
368579
368580
368581
368582
368583
368584
368585
368586
368587
368588
368589
368590
368591
368592
368593
368594
368595
368596
368597
368598
368599
368600
368601
368602
368603
368604
368605
368606
368607
368608
368609
368610
368611
368612
368613
368614
368615
368616
368617
368618
368619
368620
368621
368622
368623
368624
368625
368626
368627
368628
368629
368630
368631
368632
368658
368659
368660
368661
368662
368663
368664
368665
368666
368667
368668
368669
368670
368671
368672
368673
368674
368675
368676
368677
368678
368679
368680
368681
368682
368683
368684
368685
368686
368687
368688
368689
368690
368691
368692
368693
368694
368695
368696
368697
368698
368699
368700
368701
368702
368703
368704
368705
368706
368707
368708
368709
368710
368711
368712
368713
368714
368715
368716
368717
368718
368719
368720
368721
368722
368723
368724
368725
368726
368727
368728
368729
368730
368731
368732
368733
368734
368735
368736
368737
368738
368739
368740
368741
368742
368743
368744
368745
368746
368747
368748
368749
368750
368751
368752
368778
368779
368780
368781
368782
368783
368784
368785
368786
368787
368788
368789
368790
368791
368792
368793
368794
368795
368796
368797
368798
368799
368800
368801
368802
368803
368804
368805
368806
368807
368808
368809
368810
368811
368812
368813
368814
368815
368816
368817
368818
368819
368820
368821
368822
368823
368824
368825
368826
368827
368828
368829
368830
368831
368832
368833
368834
368835
368836
368837
368838
368839
368840
368841
368842
368843
368844
368845
368846
368847
368848
368849
368850
368851
368852
368853
368854
368855
368856
368857
368858
368859
368860
368861
368862
368863
368864
368865
368866
368867
368868
368869
368870
368871
368898
368899
368900
368901
368902
368903
368904
368905
368906
368907
368908
368909
368910
368911
368912
368913
368914
368915
368916
368917
368918
368919
368920
368921
368922
368923
368924
368925
368926
368927
368928
368929
368930
368931
368932
368933
368934
368935
368936
368937
368938
368939
368940
368941
368942
368943
368944
368945
368946
368947
368948
368949
368950
368951
368952
368953
368954
368955
368956
368957
368958
368959
368960
368961
368962
368963
368964
368965
368966
368967
368968
368969
368970
368971
368972
368973
368974
368975
368976
368977
368978
368979
368980
368981
368982
368983
368984
368985
368986
368987
368988
368989
368990
369019
369020
369021
369022
369023
369024
369025
369026
369027
369028
369029
369030
369031
369032
369033
369034
369035
369036
369037
369038
369039
369040
369041
369042
369043
369044
369045
369046
369047
369048
369049
369050
369051
369052
369053
369054
369055
369056
369057
369058
369059
369060
369061
369062
369063
369064
369065
369066
369067
369068
369069
369070
369071
369072
369073
369074
369075
369076
369077
369078
369079
369080
369081
369082
369083
369084
369085
369086
369087
369088
369089
369090
369091
369092
369093
369094
369095
369096
369097
369098
369099
369100
369101
369102
369103
369104
369105
369106
369107
369108
369109
369139
369140
369141
369142
369143
369144
369145
369146
369147
369148
369149
369150
369151
369152
369153
369154
369155
369156
369157
369158
369159
369160
369161
369162
369163
369164
369165
369166
369167
369168
369169
369170
369171
369172
369173
369174
369175
369176
369177
369178
369179
369180
369181
369182
369183
369184
369185
369186
369187
369188
369189
369190
369191
369192
369193
369194
369195
369196
369197
369198
369199
369200
369201
369202
369203
369204
369205
369206
369207
369208
369209
369210
369211
369212
369213
369214
369215
369216
369217
369218
369219
369220
369221
369222
369223
369224
369225
369226
369227
369259
369260
369261
369262
369263
369264
369265
369266
369267
369268
369269
369270
369271
369272
369273
369274
369275
369276
369277
369278
369279
369280
369281
369282
369283
369284
369285
369286
369287
369288
369289
369290
369291
369292
369293
369294
369295
369296
369297
369298
369299
369300
369301
369302
369303
369304
369305
369306
369307
369308
369309
369310
369311
369312
369313
369314
369315
369316
369317
369318
369319
369320
369321
369322
369323
369324
369325
369326
369327
369328
369329
369330
369331
369332
369333
369334
369335
369336
369337
369338
369339
369340
369341
369342
369343
369344
369345
369346
369379
369380
369381
369382
369383
369384
369385
369386
369387
369388
369389
369390
369391
369392
369393
369394
369395
369396
369397
369398
369399
369400
369401
369402
369403
369404
369405
369406
369407
369408
369409
369410
369411
369412
369413
369414
369415
369416
369417
369418
369419
369420
369421
369422
369423
369424
369425
369426
369427
369428
369429
369430
369431
369432
369433
369434
369435
369436
369437
369438
369439
369440
369441
369442
369443
369444
369445
369446
369447
369448
369449
369450
369451
369452
369453
369454
369455
369456
369457
369458
369459
369460
369461
369462
369463
369464
369465
369466
369500
369501
369502
369503
369504
369505
369506
369507
369508
369509
369510
369511
369512
369513
369514
369515
369516
369517
369518
369519
369520
369521
369522
369523
369524
369525
369526
369527
369528
369529
369530
369531
369532
369533
369534
369535
369536
369537
369538
369539
369540
369541
369542
369543
369544
369545
369546
369547
369548
369549
369550
369551
369552
369553
369554
369555
369556
369557
369558
369559
369560
369561
369562
369563
369564
369565
369566
369567
369568
369569
369570
369571
369572
369573
369574
369575
369576
369577
369578
369579
369580
369581
369582
369583
369584
369585
369586
369620
369621
369622
369623
369624
369625
369626
369627
369628
369629
369630
369631
369632
369633
369634
369635
369636
369637
369638
369639
369640
369641
369642
369643
369644
369645
369646
369647
369648
369649
369650
369651
369652
369653
369654
369655
369656
369657
369658
369659
369660
369661
369662
369663
369664
369665
369666
369667
369668
369669
369670
369671
369672
369673
369674
369675
369676
369677
369678
369679
369680
369681
369682
369683
369684
369685
369686
369687
369688
369689
369690
369691
369692
369693
369694
369695
369696
369697
369698
369699
369700
369701
369702
369703
369704
369705
369740
369741
369742
369743
369744
369745
369746
369747
369748
369749
369750
369751
369752
369753
369754
369755
369756
369757
369758
369759
369760
369761
369762
369763
369764
369765
369766
369767
369768
369769
369770
369771
369772
369773
369774
369775
369776
369777
369778
369779
369780
369781
369782
369783
369784
369785
369786
369787
369788
369789
369790
369791
369792
369793
369794
369795
369796
369797
369798
369799
369800
369801
369802
369803
369804
369805
369806
369807
369808
369809
369810
369811
369812
369813
369814
369815
369816
369817
369818
369819
369820
369821
369822
369823
369824
369825
369861
369862
369863
369864
369865
369866
369867
369868
369869
369870
369871
369872
369873
369874
369875
369876
369877
369878
369879
369880
369881
369882
369883
369884
369885
369886
369887
369888
369889
369890
369891
369892
369893
369894
369895
369896
369897
369898
369899
369900
369901
369902
369903
369904
369905
369906
369907
369908
369909
369910
369911
369912
369913
369914
369915
369916
369917
369918
369919
369920
369921
369922
369923
369924
369925
369926
369927
369928
369929
369930
369931
369932
369933
369934
369935
369936
369937
369938
369939
369940
369941
369942
369943
369944
369945
369981
369982
369983
369984
369985
369986
369987
369988
369989
369990
369991
369992
369993
369994
369995
369996
369997
369998
369999
370000
370001
370002
370003
370004
370005
370006
370007
370008
370009
370010
370011
370012
370013
370014
370015
370016
370017
370018
370019
370020
370021
370022
370023
370024
370025
370026
370027
370028
370029
370030
370031
370032
370033
370034
370035
370036
370037
370038
370039
370040
370041
370042
370043
370044
370045
370046
370047
370048
370049
370050
370051
370052
370053
370054
370055
370056
370057
370058
370059
370060
370061
370062
370063
370064
370065
370102
370103
370104
370105
370106
370107
370108
370109
370110
370111
370112
370113
370114
370115
370116
370117
370118
370119
370120
370121
370122
370123
370124
370125
370126
370127
370128
370129
370130
370131
370132
370133
370134
370135
370136
370137
370138
370139
370140
370141
370142
370143
370144
370145
370146
370147
370148
370149
370150
370151
370152
370153
370154
370155
370156
370157
370158
370159
370160
370161
370162
370163
370164
370165
370166
370167
370168
370169
370170
370171
370172
370173
370174
370175
370176
370177
370178
370179
370180
370181
370182
370183
370184
370223
370224
370225
370226
370227
370228
370229
370230
370231
370232
370233
370234
370235
370236
370237
370238
370239
370240
370241
370242
370243
370244
370245
370246
370247
370248
370249
370250
370251
370252
370253
370254
370255
370256
370257
370258
370259
370260
370261
370262
370263
370264
370265
370266
370267
370268
370269
370270
370271
370272
370273
370274
370275
370276
370277
370278
370279
370280
370281
370282
370283
370284
370285
370286
370287
370288
370289
370290
370291
370292
370293
370294
370295
370296
370297
370298
370299
370300
370301
370302
370303
370304
370345
370346
370347
370348
370349
370350
370351
370352
370353
370354
370355
370356
370357
370358
370359
370360
370361
370362
370363
370364
370365
370366
370367
370368
370369
370370
370371
370372
370373
370374
370375
370376
370377
370378
370379
370380
370381
370382
370383
370384
370385
370386
370387
370388
370389
370390
370391
370392
370393
370394
370395
370396
370397
370398
370399
370400
370401
370402
370403
370404
370405
370406
370407
370408
370409
370410
370411
370412
370413
370414
370415
370416
370417
370418
370419
370420
370421
370422
370423
370466
370467
370468
370469
370470
370471
370472
370473
370474
370475
370476
370477
370478
370479
370480
370481
370482
370483
370484
370485
370486
370487
370488
370489
370490
370491
370492
370493
370494
370495
370496
370497
370498
370499
370500
370501
370502
370503
370504
370505
370506
370507
370508
370509
370510
370511
370512
370513
370514
370515
370516
370517
370518
370519
370520
370521
370522
370523
370524
370525
370526
370527
370528
370529
370530
370531
370532
370533
370534
370535
370536
370537
370538
370539
370540
370541
370542
370543
370587
370588
370589
370590
370591
370592
370593
370594
370595
370596
370597
370598
370599
370600
370601
370602
370603
370604
370605
370606
370607
370608
370609
370610
370611
370612
370613
370614
370615
370616
370617
370618
370619
370620
370621
370622
370623
370624
370625
370626
370627
370628
370629
370630
370631
370632
370633
370634
370635
370636
370637
370638
370639
370640
370641
370642
370643
370644
370645
370646
370647
370648
370649
370650
370651
370652
370653
370654
370655
370656
370657
370658
370659
370660
370661
370662
370709
370710
370711
370712
370713
370714
370715
370716
370717
370718
370719
370720
370721
370722
370723
370724
370725
370726
370727
370728
370729
370730
370731
370732
370733
370734
370735
370736
370737
370738
370739
370740
370741
370742
370743
370744
370745
370746
370747
370748
370749
370750
370751
370752
370753
370754
370755
370756
370757
370758
370759
370760
370761
370762
370763
370764
370765
370766
370767
370768
370769
370770
370771
370772
370773
370774
370775
370776
370777
370778
370779
370780
370781
370832
370833
370834
370835
370836
370837
370838
370839
370840
370841
370842
370843
370844
370845
370846
370847
370848
370849
370850
370851
370852
370853
370854
370855
370856
370857
370858
370859
370860
370861
370862
370863
370864
370865
370866
370867
370868
370869
370870
370871
370872
370873
370874
370875
370876
370877
370878
370879
370880
370881
370882
370883
370884
370885
370886
370887
370888
370889
370890
370891
370892
370893
370894
370895
370896
370897
370898
370899
370956
370957
370958
370959
370960
370961
370962
370963
370964
370965
370966
370967
370968
370969
370970
370971
370972
370973
370974
370975
370976
370977
370978
370979
370980
370981
370982
370983
370984
370985
370986
370987
370988
370989
370990
370991
370992
370993
370994
370995
370996
370997
370998
370999
371000
371001
371002
371003
371004
371005
371006
371007
371008
371009
371010
371011
371012
371013
371014
371015
371016
371017
371080
371081
371082
371085
371086
371087
371088
371089
371090
371091
371092
371093
371094
371095
371096
371097
371098
371099
371100
371101
371102
371103
371104
371105
371106
371107
371108
371109
371110
371111
371112
371113
371114
371115
371116
371117
371118
371119
371120
371121
371122
371123
371124
371125
371126
371127
371128
371130
371131
371132
371133
371210
371211
371212
371213
371214
371215
371216
371217
371218
371219
371220
371221
371222
371223
371224
371225
371226
371227
371228
371229
371230
371231
371232
371233
371234
371235
371236
371237
371238
371239
371240
371241
371242
371243
371244
371245
371246
371247
371333
371334
371335
371336
371337
371338
371339
371340
371341
371342
371343
371344
371345
371346
371347
371348
371349
371350
371351
371352
371353
371354
371355
371356
371357
371358
371359
371360
371361
371362
371363
371364
371365
371366
371456
371457
371458
371459
371460
371461
371462
371463
371464
371465
371466
371467
371468
371469
371470
371471
371472
371473
371474
371475
371476
371477
371478
371479
371480
371481
371482
371483
371484
371485
371579
371580
371581
371582
371583
371584
371585
371586
371587
371588
371589
371590
371591
371592
371593
371594
371595
371596
371597
371598
371599
371600
371601
371602
371603
371604
371700
371701
371702
371703
371704
371705
371706
371707
371708
371709
371710
371711
371712
371713
371714
371715
371716
371717
371718
371719
371720
371721
371722
371723
371821
371822
371823
371824
371825
371826
371827
371828
371829
371830
371831
371832
371833
371834
371835
371836
371837
371838
371839
371840
371841
371942
371943
371944
371945
371946
371947
371948
371949
371950
371951
371952
371953
371954
371955
371956
371957
371958
371959
371960
372064
372065
372066
372067
372068
372069
372070
372071
372072
372073
372074
372075
372076
372077
372078
372079
372187
372188
372189
372190
372191
372192
372193
372194
372195
372196
372311
372312
